backend,parent,perturbation,param,fixture,baselineFixture,metric,kind,value,baselineValue,difference,status,baselineStatus,reason,caveat
btrack,clean_eighths,baseline,window=5.0s,clean_eighths__baseline,clean_eighths__baseline,detection.predictedBeats,int,9.0,9.0,0.0,measured,measured,,
btrack,clean_eighths,baseline,window=5.0s,clean_eighths__baseline,clean_eighths__baseline,detection.truePositives,int,7.0,7.0,0.0,measured,measured,,
btrack,clean_eighths,baseline,window=5.0s,clean_eighths__baseline,clean_eighths__baseline,detection.falsePositives,int,2.0,2.0,0.0,measured,measured,,
btrack,clean_eighths,baseline,window=5.0s,clean_eighths__baseline,clean_eighths__baseline,detection.falseNegatives,int,3.0,3.0,0.0,measured,measured,,
btrack,clean_eighths,baseline,window=5.0s,clean_eighths__baseline,clean_eighths__baseline,detection.precision,float,0.777777778,0.777777778,0.0,measured,measured,,
btrack,clean_eighths,baseline,window=5.0s,clean_eighths__baseline,clean_eighths__baseline,detection.recall,float,0.7,0.7,0.0,measured,measured,,
btrack,clean_eighths,baseline,window=5.0s,clean_eighths__baseline,clean_eighths__baseline,detection.fMeasure,float,0.736842105,0.736842105,0.0,measured,measured,,
btrack,clean_eighths,baseline,window=5.0s,clean_eighths__baseline,clean_eighths__baseline,acquisition.acquired,bool,0.0,0.0,0.0,measured,measured,,
btrack,clean_eighths,baseline,window=5.0s,clean_eighths__baseline,clean_eighths__baseline,acquisition.acquisitionBars,float,,,,missing,missing,requires acquired,
btrack,clean_eighths,baseline,window=5.0s,clean_eighths__baseline,clean_eighths__baseline,acquisition.acquisitionSeconds,float,,,,missing,missing,requires acquired,
btrack,clean_eighths,baseline,window=5.0s,clean_eighths__baseline,clean_eighths__baseline,acquisition.acquisitionBeats,float,,,,missing,missing,requires acquired,
btrack,clean_eighths,baseline,window=5.0s,clean_eighths__baseline,clean_eighths__baseline,bpm.hasBpmLock,bool,1.0,1.0,0.0,measured,measured,,
btrack,clean_eighths,baseline,window=5.0s,clean_eighths__baseline,clean_eighths__baseline,bpm.lockedBpm,float,123.046875,123.046875,0.0,measured,measured,,
btrack,clean_eighths,baseline,window=5.0s,clean_eighths__baseline,clean_eighths__baseline,bpm.bpmRelativeError,float,0.0234375,0.0234375,0.0,measured,measured,,
btrack,clean_eighths,baseline,window=5.0s,clean_eighths__baseline,clean_eighths__baseline,bpm.spec2pctWithin,bool,0.0,0.0,0.0,measured,measured,,
btrack,clean_eighths,baseline,window=5.0s,clean_eighths__baseline,clean_eighths__baseline,bpm.spec2pctNormalized,float,1.171875,1.171875,0.0,measured,measured,,
btrack,clean_eighths,baseline,window=5.0s,clean_eighths__baseline,clean_eighths__baseline,halfDouble.halfTimeLock,bool,0.0,0.0,0.0,measured,measured,,
btrack,clean_eighths,baseline,window=5.0s,clean_eighths__baseline,clean_eighths__baseline,halfDouble.doubleTimeLock,bool,0.0,0.0,0.0,measured,measured,,
btrack,clean_eighths,baseline,window=5.0s,clean_eighths__baseline,clean_eighths__baseline,halfDouble.halfDoubleTimeError,bool,0.0,0.0,0.0,measured,measured,,
btrack,clean_eighths,baseline,window=5.0s,clean_eighths__baseline,clean_eighths__baseline,silence.trueSilenceMeasured,bool,1.0,1.0,0.0,measured,measured,,
btrack,clean_eighths,baseline,window=5.0s,clean_eighths__baseline,clean_eighths__baseline,silence.falseBeatCoverage,str,Measured,Measured,,measured,measured,,
btrack,clean_eighths,baseline,window=5.0s,clean_eighths__baseline,clean_eighths__baseline,silence.falseBeatsInTrueSilence,int,0.0,0.0,0.0,measured,measured,,
btrack,clean_eighths,baseline,window=5.0s,clean_eighths__baseline,clean_eighths__baseline,silence.falseBeatsInTrueSilencePerSecond,float,0.0,0.0,0.0,measured,measured,,
btrack,clean_eighths,baseline,window=5.0s,clean_eighths__baseline,clean_eighths__baseline,silence.maxSilenceTempoIncreaseBpm,float,,,,missing,missing,requires silenceAccelerationMeasured,
btrack,clean_eighths,baseline,window=5.0s,clean_eighths__baseline,clean_eighths__baseline,silence.falseBeatsInUnplayedBeatWindowsPerSecond,float,0.0,0.0,0.0,measured,measured,,
btrack,clean_eighths,baseline,window=5.0s,clean_eighths__baseline,clean_eighths__baseline,silence.falseBeatsOffGridInUnplayedBeatWindowsPerSecond,float,0.0,0.0,0.0,measured,measured,,
btrack,clean_eighths,baseline,window=5.0s,clean_eighths__baseline,clean_eighths__baseline,timing.beatsReportedByBackend,int,9.0,9.0,0.0,measured,measured,,
btrack,clean_eighths,baseline,window=5.0s,clean_eighths__baseline,clean_eighths__baseline,timing.beatsStampAtBlockStart,int,0.0,0.0,0.0,measured,measured,,
btrack,clean_eighths,baseline,window=5.0s,clean_eighths__baseline,clean_eighths__baseline,timing.beatsRejectedNonCausal,int,0.0,0.0,0.0,measured,measured,,
btrack,clean_eighths,baseline,window=5.0s,clean_eighths__baseline,clean_eighths__baseline,timing.rateMismatchBlocks,int,0.0,0.0,0.0,measured,measured,,
btrack,clean_eighths,baseline,window=5.0s,clean_eighths__baseline,clean_eighths__baseline,timing.causalAvailabilityMeanSeconds,float,0.012523148,0.012523148,0.0,measured,measured,,
btrack,clean_eighths,baseline,window=5.0s,clean_eighths__baseline,clean_eighths__baseline,timing.causalAvailabilityMaxSeconds,float,0.014125,0.014125,0.0,measured,measured,,
btrack,clean_eighths,baseline,window=5.0s,clean_eighths__baseline,clean_eighths__baseline,phase.phaseMeasured,bool,1.0,1.0,0.0,measured,measured,,
btrack,clean_eighths,baseline,window=5.0s,clean_eighths__baseline,clean_eighths__baseline,phase.phaseMeanMs,float,-11.0259354,-11.0259354,0.0,measured,measured,,
btrack,clean_eighths,baseline,window=5.0s,clean_eighths__baseline,clean_eighths__baseline,phase.phaseMeanAbsMs,float,13.3932823,13.3932823,0.0,measured,measured,,
btrack,clean_eighths,baseline,window=5.0s,clean_eighths__baseline,clean_eighths__baseline,phase.phaseP50AbsMs,float,3.14881,3.14881,0.0,measured,measured,,
btrack,clean_eighths,baseline,window=5.0s,clean_eighths__baseline,clean_eighths__baseline,phase.phaseP95AbsMs,float,48.315476,48.315476,0.0,measured,measured,,
btrack,clean_eighths,baseline,window=5.0s,clean_eighths__baseline,clean_eighths__baseline,ramp.hasRamp,bool,0.0,0.0,0.0,measured,measured,,
btrack,clean_eighths,baseline,window=5.0s,clean_eighths__baseline,clean_eighths__baseline,ramp.rampLocalTempoRelErrorMean,float,,,,missing,missing,requires hasRamp,
btrack,clean_eighths,baseline,window=5.0s,clean_eighths__baseline,clean_eighths__baseline,ramp.rampLocalTempoRelErrorWorst,float,,,,missing,missing,requires hasRamp,
btrack,clean_eighths,baseline,window=5.0s,clean_eighths__baseline,clean_eighths__baseline,syncopation.hasSyncopation,bool,0.0,0.0,0.0,measured,measured,,
btrack,clean_eighths,baseline,window=5.0s,clean_eighths__baseline,clean_eighths__baseline,syncopation.syncopationMaxStepFraction,float,,,,missing,missing,requires hasSyncopation,
btrack,clean_eighths,baseline,window=5.0s,clean_eighths__baseline,clean_eighths__baseline,syncopation.syncopationMaxDeviationFraction,float,,,,missing,missing,requires hasSyncopation,
btrack,clean_eighths,baseline,window=5.0s,clean_eighths__baseline,clean_eighths__baseline,resources.cpuSeconds,float,0.036475,0.036475,0.0,measured,measured,,
btrack,clean_eighths,baseline,window=5.0s,clean_eighths__baseline,clean_eighths__baseline,resources.allocationCount,int,1481.0,1481.0,0.0,measured,measured,,
btrack,clean_eighths,clipping,thresholdFraction=0.125,clean_eighths__clip_0.125,clean_eighths__baseline,detection.predictedBeats,int,9.0,9.0,0.0,measured,measured,,
btrack,clean_eighths,clipping,thresholdFraction=0.125,clean_eighths__clip_0.125,clean_eighths__baseline,detection.truePositives,int,7.0,7.0,0.0,measured,measured,,
btrack,clean_eighths,clipping,thresholdFraction=0.125,clean_eighths__clip_0.125,clean_eighths__baseline,detection.falsePositives,int,2.0,2.0,0.0,measured,measured,,
btrack,clean_eighths,clipping,thresholdFraction=0.125,clean_eighths__clip_0.125,clean_eighths__baseline,detection.falseNegatives,int,3.0,3.0,0.0,measured,measured,,
btrack,clean_eighths,clipping,thresholdFraction=0.125,clean_eighths__clip_0.125,clean_eighths__baseline,detection.precision,float,0.777777778,0.777777778,0.0,measured,measured,,
btrack,clean_eighths,clipping,thresholdFraction=0.125,clean_eighths__clip_0.125,clean_eighths__baseline,detection.recall,float,0.7,0.7,0.0,measured,measured,,
btrack,clean_eighths,clipping,thresholdFraction=0.125,clean_eighths__clip_0.125,clean_eighths__baseline,detection.fMeasure,float,0.736842105,0.736842105,0.0,measured,measured,,
btrack,clean_eighths,clipping,thresholdFraction=0.125,clean_eighths__clip_0.125,clean_eighths__baseline,acquisition.acquired,bool,1.0,0.0,1.0,measured,measured,,
btrack,clean_eighths,clipping,thresholdFraction=0.125,clean_eighths__clip_0.125,clean_eighths__baseline,acquisition.acquisitionBars,float,1.24863594,,,measured,missing,,
btrack,clean_eighths,clipping,thresholdFraction=0.125,clean_eighths__clip_0.125,clean_eighths__baseline,acquisition.acquisitionSeconds,float,2.37835417,,,measured,missing,,
btrack,clean_eighths,clipping,thresholdFraction=0.125,clean_eighths__clip_0.125,clean_eighths__baseline,acquisition.acquisitionBeats,float,4.99454375,,,measured,missing,,
btrack,clean_eighths,clipping,thresholdFraction=0.125,clean_eighths__clip_0.125,clean_eighths__baseline,bpm.hasBpmLock,bool,1.0,1.0,0.0,measured,measured,,
btrack,clean_eighths,clipping,thresholdFraction=0.125,clean_eighths__clip_0.125,clean_eighths__baseline,bpm.lockedBpm,float,126.048019,123.046875,3.001144,measured,measured,,
btrack,clean_eighths,clipping,thresholdFraction=0.125,clean_eighths__clip_0.125,clean_eighths__baseline,bpm.bpmRelativeError,float,0.000381106,0.0234375,-0.023056394,measured,measured,,
btrack,clean_eighths,clipping,thresholdFraction=0.125,clean_eighths__clip_0.125,clean_eighths__baseline,bpm.spec2pctWithin,bool,1.0,0.0,1.0,measured,measured,,
btrack,clean_eighths,clipping,thresholdFraction=0.125,clean_eighths__clip_0.125,clean_eighths__baseline,bpm.spec2pctNormalized,float,0.0190553,1.171875,-1.1528197,measured,measured,,
btrack,clean_eighths,clipping,thresholdFraction=0.125,clean_eighths__clip_0.125,clean_eighths__baseline,halfDouble.halfTimeLock,bool,0.0,0.0,0.0,measured,measured,,
btrack,clean_eighths,clipping,thresholdFraction=0.125,clean_eighths__clip_0.125,clean_eighths__baseline,halfDouble.doubleTimeLock,bool,0.0,0.0,0.0,measured,measured,,
btrack,clean_eighths,clipping,thresholdFraction=0.125,clean_eighths__clip_0.125,clean_eighths__baseline,halfDouble.halfDoubleTimeError,bool,0.0,0.0,0.0,measured,measured,,
btrack,clean_eighths,clipping,thresholdFraction=0.125,clean_eighths__clip_0.125,clean_eighths__baseline,silence.trueSilenceMeasured,bool,1.0,1.0,0.0,measured,measured,,
btrack,clean_eighths,clipping,thresholdFraction=0.125,clean_eighths__clip_0.125,clean_eighths__baseline,silence.falseBeatCoverage,str,Measured,Measured,,measured,measured,,
btrack,clean_eighths,clipping,thresholdFraction=0.125,clean_eighths__clip_0.125,clean_eighths__baseline,silence.falseBeatsInTrueSilence,int,0.0,0.0,0.0,measured,measured,,
btrack,clean_eighths,clipping,thresholdFraction=0.125,clean_eighths__clip_0.125,clean_eighths__baseline,silence.falseBeatsInTrueSilencePerSecond,float,0.0,0.0,0.0,measured,measured,,
btrack,clean_eighths,clipping,thresholdFraction=0.125,clean_eighths__clip_0.125,clean_eighths__baseline,silence.maxSilenceTempoIncreaseBpm,float,,,,missing,missing,requires silenceAccelerationMeasured,
btrack,clean_eighths,clipping,thresholdFraction=0.125,clean_eighths__clip_0.125,clean_eighths__baseline,silence.falseBeatsInUnplayedBeatWindowsPerSecond,float,0.0,0.0,0.0,measured,measured,,
btrack,clean_eighths,clipping,thresholdFraction=0.125,clean_eighths__clip_0.125,clean_eighths__baseline,silence.falseBeatsOffGridInUnplayedBeatWindowsPerSecond,float,0.0,0.0,0.0,measured,measured,,
btrack,clean_eighths,clipping,thresholdFraction=0.125,clean_eighths__clip_0.125,clean_eighths__baseline,timing.beatsReportedByBackend,int,9.0,9.0,0.0,measured,measured,,
btrack,clean_eighths,clipping,thresholdFraction=0.125,clean_eighths__clip_0.125,clean_eighths__baseline,timing.beatsStampAtBlockStart,int,0.0,0.0,0.0,measured,measured,,
btrack,clean_eighths,clipping,thresholdFraction=0.125,clean_eighths__clip_0.125,clean_eighths__baseline,timing.beatsRejectedNonCausal,int,0.0,0.0,0.0,measured,measured,,
btrack,clean_eighths,clipping,thresholdFraction=0.125,clean_eighths__clip_0.125,clean_eighths__baseline,timing.rateMismatchBlocks,int,0.0,0.0,0.0,measured,measured,,
btrack,clean_eighths,clipping,thresholdFraction=0.125,clean_eighths__clip_0.125,clean_eighths__baseline,timing.causalAvailabilityMeanSeconds,float,0.012618056,0.012523148,9.4908e-05,measured,measured,,
btrack,clean_eighths,clipping,thresholdFraction=0.125,clean_eighths__clip_0.125,clean_eighths__baseline,timing.causalAvailabilityMaxSeconds,float,0.013958333,0.014125,-0.000166667,measured,measured,,
btrack,clean_eighths,clipping,thresholdFraction=0.125,clean_eighths__clip_0.125,clean_eighths__baseline,phase.phaseMeasured,bool,1.0,1.0,0.0,measured,measured,,
btrack,clean_eighths,clipping,thresholdFraction=0.125,clean_eighths__clip_0.125,clean_eighths__baseline,phase.phaseMeanMs,float,-7.7648811,-11.0259354,3.2610543,measured,measured,,
btrack,clean_eighths,clipping,thresholdFraction=0.125,clean_eighths__clip_0.125,clean_eighths__baseline,phase.phaseMeanAbsMs,float,7.7648811,13.3932823,-5.6284012,measured,measured,,
btrack,clean_eighths,clipping,thresholdFraction=0.125,clean_eighths__clip_0.125,clean_eighths__baseline,phase.phaseP50AbsMs,float,3.339286,3.14881,0.190476,measured,measured,,
btrack,clean_eighths,clipping,thresholdFraction=0.125,clean_eighths__clip_0.125,clean_eighths__baseline,phase.phaseP95AbsMs,float,14.7529767,48.315476,-33.5624993,measured,measured,,
btrack,clean_eighths,clipping,thresholdFraction=0.125,clean_eighths__clip_0.125,clean_eighths__baseline,ramp.hasRamp,bool,0.0,0.0,0.0,measured,measured,,
btrack,clean_eighths,clipping,thresholdFraction=0.125,clean_eighths__clip_0.125,clean_eighths__baseline,ramp.rampLocalTempoRelErrorMean,float,,,,missing,missing,requires hasRamp,
btrack,clean_eighths,clipping,thresholdFraction=0.125,clean_eighths__clip_0.125,clean_eighths__baseline,ramp.rampLocalTempoRelErrorWorst,float,,,,missing,missing,requires hasRamp,
btrack,clean_eighths,clipping,thresholdFraction=0.125,clean_eighths__clip_0.125,clean_eighths__baseline,syncopation.hasSyncopation,bool,0.0,0.0,0.0,measured,measured,,
btrack,clean_eighths,clipping,thresholdFraction=0.125,clean_eighths__clip_0.125,clean_eighths__baseline,syncopation.syncopationMaxStepFraction,float,,,,missing,missing,requires hasSyncopation,
btrack,clean_eighths,clipping,thresholdFraction=0.125,clean_eighths__clip_0.125,clean_eighths__baseline,syncopation.syncopationMaxDeviationFraction,float,,,,missing,missing,requires hasSyncopation,
btrack,clean_eighths,clipping,thresholdFraction=0.125,clean_eighths__clip_0.125,clean_eighths__baseline,resources.cpuSeconds,float,0.037213,0.036475,0.000738,measured,measured,,
btrack,clean_eighths,clipping,thresholdFraction=0.125,clean_eighths__clip_0.125,clean_eighths__baseline,resources.allocationCount,int,1481.0,1481.0,0.0,measured,measured,,
btrack,clean_eighths,clipping,thresholdFraction=0.25,clean_eighths__clip_0.25,clean_eighths__baseline,detection.predictedBeats,int,9.0,9.0,0.0,measured,measured,,
btrack,clean_eighths,clipping,thresholdFraction=0.25,clean_eighths__clip_0.25,clean_eighths__baseline,detection.truePositives,int,7.0,7.0,0.0,measured,measured,,
btrack,clean_eighths,clipping,thresholdFraction=0.25,clean_eighths__clip_0.25,clean_eighths__baseline,detection.falsePositives,int,2.0,2.0,0.0,measured,measured,,
btrack,clean_eighths,clipping,thresholdFraction=0.25,clean_eighths__clip_0.25,clean_eighths__baseline,detection.falseNegatives,int,3.0,3.0,0.0,measured,measured,,
btrack,clean_eighths,clipping,thresholdFraction=0.25,clean_eighths__clip_0.25,clean_eighths__baseline,detection.precision,float,0.777777778,0.777777778,0.0,measured,measured,,
btrack,clean_eighths,clipping,thresholdFraction=0.25,clean_eighths__clip_0.25,clean_eighths__baseline,detection.recall,float,0.7,0.7,0.0,measured,measured,,
btrack,clean_eighths,clipping,thresholdFraction=0.25,clean_eighths__clip_0.25,clean_eighths__baseline,detection.fMeasure,float,0.736842105,0.736842105,0.0,measured,measured,,
btrack,clean_eighths,clipping,thresholdFraction=0.25,clean_eighths__clip_0.25,clean_eighths__baseline,acquisition.acquired,bool,1.0,0.0,1.0,measured,measured,,
btrack,clean_eighths,clipping,thresholdFraction=0.25,clean_eighths__clip_0.25,clean_eighths__baseline,acquisition.acquisitionBars,float,1.24863594,,,measured,missing,,
btrack,clean_eighths,clipping,thresholdFraction=0.25,clean_eighths__clip_0.25,clean_eighths__baseline,acquisition.acquisitionSeconds,float,2.37835417,,,measured,missing,,
btrack,clean_eighths,clipping,thresholdFraction=0.25,clean_eighths__clip_0.25,clean_eighths__baseline,acquisition.acquisitionBeats,float,4.99454375,,,measured,missing,,
btrack,clean_eighths,clipping,thresholdFraction=0.25,clean_eighths__clip_0.25,clean_eighths__baseline,bpm.hasBpmLock,bool,1.0,1.0,0.0,measured,measured,,
btrack,clean_eighths,clipping,thresholdFraction=0.25,clean_eighths__clip_0.25,clean_eighths__baseline,bpm.lockedBpm,float,126.048019,123.046875,3.001144,measured,measured,,
btrack,clean_eighths,clipping,thresholdFraction=0.25,clean_eighths__clip_0.25,clean_eighths__baseline,bpm.bpmRelativeError,float,0.000381106,0.0234375,-0.023056394,measured,measured,,
btrack,clean_eighths,clipping,thresholdFraction=0.25,clean_eighths__clip_0.25,clean_eighths__baseline,bpm.spec2pctWithin,bool,1.0,0.0,1.0,measured,measured,,
btrack,clean_eighths,clipping,thresholdFraction=0.25,clean_eighths__clip_0.25,clean_eighths__baseline,bpm.spec2pctNormalized,float,0.0190553,1.171875,-1.1528197,measured,measured,,
btrack,clean_eighths,clipping,thresholdFraction=0.25,clean_eighths__clip_0.25,clean_eighths__baseline,halfDouble.halfTimeLock,bool,0.0,0.0,0.0,measured,measured,,
btrack,clean_eighths,clipping,thresholdFraction=0.25,clean_eighths__clip_0.25,clean_eighths__baseline,halfDouble.doubleTimeLock,bool,0.0,0.0,0.0,measured,measured,,
btrack,clean_eighths,clipping,thresholdFraction=0.25,clean_eighths__clip_0.25,clean_eighths__baseline,halfDouble.halfDoubleTimeError,bool,0.0,0.0,0.0,measured,measured,,
btrack,clean_eighths,clipping,thresholdFraction=0.25,clean_eighths__clip_0.25,clean_eighths__baseline,silence.trueSilenceMeasured,bool,1.0,1.0,0.0,measured,measured,,
btrack,clean_eighths,clipping,thresholdFraction=0.25,clean_eighths__clip_0.25,clean_eighths__baseline,silence.falseBeatCoverage,str,Measured,Measured,,measured,measured,,
btrack,clean_eighths,clipping,thresholdFraction=0.25,clean_eighths__clip_0.25,clean_eighths__baseline,silence.falseBeatsInTrueSilence,int,0.0,0.0,0.0,measured,measured,,
btrack,clean_eighths,clipping,thresholdFraction=0.25,clean_eighths__clip_0.25,clean_eighths__baseline,silence.falseBeatsInTrueSilencePerSecond,float,0.0,0.0,0.0,measured,measured,,
btrack,clean_eighths,clipping,thresholdFraction=0.25,clean_eighths__clip_0.25,clean_eighths__baseline,silence.maxSilenceTempoIncreaseBpm,float,,,,missing,missing,requires silenceAccelerationMeasured,
btrack,clean_eighths,clipping,thresholdFraction=0.25,clean_eighths__clip_0.25,clean_eighths__baseline,silence.falseBeatsInUnplayedBeatWindowsPerSecond,float,0.0,0.0,0.0,measured,measured,,
btrack,clean_eighths,clipping,thresholdFraction=0.25,clean_eighths__clip_0.25,clean_eighths__baseline,silence.falseBeatsOffGridInUnplayedBeatWindowsPerSecond,float,0.0,0.0,0.0,measured,measured,,
btrack,clean_eighths,clipping,thresholdFraction=0.25,clean_eighths__clip_0.25,clean_eighths__baseline,timing.beatsReportedByBackend,int,9.0,9.0,0.0,measured,measured,,
btrack,clean_eighths,clipping,thresholdFraction=0.25,clean_eighths__clip_0.25,clean_eighths__baseline,timing.beatsStampAtBlockStart,int,0.0,0.0,0.0,measured,measured,,
btrack,clean_eighths,clipping,thresholdFraction=0.25,clean_eighths__clip_0.25,clean_eighths__baseline,timing.beatsRejectedNonCausal,int,0.0,0.0,0.0,measured,measured,,
btrack,clean_eighths,clipping,thresholdFraction=0.25,clean_eighths__clip_0.25,clean_eighths__baseline,timing.rateMismatchBlocks,int,0.0,0.0,0.0,measured,measured,,
btrack,clean_eighths,clipping,thresholdFraction=0.25,clean_eighths__clip_0.25,clean_eighths__baseline,timing.causalAvailabilityMeanSeconds,float,0.012615741,0.012523148,9.2593e-05,measured,measured,,
btrack,clean_eighths,clipping,thresholdFraction=0.25,clean_eighths__clip_0.25,clean_eighths__baseline,timing.causalAvailabilityMaxSeconds,float,0.013958333,0.014125,-0.000166667,measured,measured,,
btrack,clean_eighths,clipping,thresholdFraction=0.25,clean_eighths__clip_0.25,clean_eighths__baseline,phase.phaseMeasured,bool,1.0,1.0,0.0,measured,measured,,
btrack,clean_eighths,clipping,thresholdFraction=0.25,clean_eighths__clip_0.25,clean_eighths__baseline,phase.phaseMeanMs,float,-7.7619049,-11.0259354,3.2640305,measured,measured,,
btrack,clean_eighths,clipping,thresholdFraction=0.25,clean_eighths__clip_0.25,clean_eighths__baseline,phase.phaseMeanAbsMs,float,10.1292518,13.3932823,-3.2640305,measured,measured,,
btrack,clean_eighths,clipping,thresholdFraction=0.25,clean_eighths__clip_0.25,clean_eighths__baseline,phase.phaseP50AbsMs,float,13.8630957,3.14881,10.7142857,measured,measured,,
btrack,clean_eighths,clipping,thresholdFraction=0.25,clean_eighths__clip_0.25,clean_eighths__baseline,phase.phaseP95AbsMs,float,14.7529767,48.315476,-33.5624993,measured,measured,,
btrack,clean_eighths,clipping,thresholdFraction=0.25,clean_eighths__clip_0.25,clean_eighths__baseline,ramp.hasRamp,bool,0.0,0.0,0.0,measured,measured,,
btrack,clean_eighths,clipping,thresholdFraction=0.25,clean_eighths__clip_0.25,clean_eighths__baseline,ramp.rampLocalTempoRelErrorMean,float,,,,missing,missing,requires hasRamp,
btrack,clean_eighths,clipping,thresholdFraction=0.25,clean_eighths__clip_0.25,clean_eighths__baseline,ramp.rampLocalTempoRelErrorWorst,float,,,,missing,missing,requires hasRamp,
btrack,clean_eighths,clipping,thresholdFraction=0.25,clean_eighths__clip_0.25,clean_eighths__baseline,syncopation.hasSyncopation,bool,0.0,0.0,0.0,measured,measured,,
btrack,clean_eighths,clipping,thresholdFraction=0.25,clean_eighths__clip_0.25,clean_eighths__baseline,syncopation.syncopationMaxStepFraction,float,,,,missing,missing,requires hasSyncopation,
btrack,clean_eighths,clipping,thresholdFraction=0.25,clean_eighths__clip_0.25,clean_eighths__baseline,syncopation.syncopationMaxDeviationFraction,float,,,,missing,missing,requires hasSyncopation,
btrack,clean_eighths,clipping,thresholdFraction=0.25,clean_eighths__clip_0.25,clean_eighths__baseline,resources.cpuSeconds,float,0.037256,0.036475,0.000781,measured,measured,,
btrack,clean_eighths,clipping,thresholdFraction=0.25,clean_eighths__clip_0.25,clean_eighths__baseline,resources.allocationCount,int,1481.0,1481.0,0.0,measured,measured,,
btrack,clean_eighths,clipping,thresholdFraction=0.5,clean_eighths__clip_0.5,clean_eighths__baseline,detection.predictedBeats,int,9.0,9.0,0.0,measured,measured,,
btrack,clean_eighths,clipping,thresholdFraction=0.5,clean_eighths__clip_0.5,clean_eighths__baseline,detection.truePositives,int,7.0,7.0,0.0,measured,measured,,
btrack,clean_eighths,clipping,thresholdFraction=0.5,clean_eighths__clip_0.5,clean_eighths__baseline,detection.falsePositives,int,2.0,2.0,0.0,measured,measured,,
btrack,clean_eighths,clipping,thresholdFraction=0.5,clean_eighths__clip_0.5,clean_eighths__baseline,detection.falseNegatives,int,3.0,3.0,0.0,measured,measured,,
btrack,clean_eighths,clipping,thresholdFraction=0.5,clean_eighths__clip_0.5,clean_eighths__baseline,detection.precision,float,0.777777778,0.777777778,0.0,measured,measured,,
btrack,clean_eighths,clipping,thresholdFraction=0.5,clean_eighths__clip_0.5,clean_eighths__baseline,detection.recall,float,0.7,0.7,0.0,measured,measured,,
btrack,clean_eighths,clipping,thresholdFraction=0.5,clean_eighths__clip_0.5,clean_eighths__baseline,detection.fMeasure,float,0.736842105,0.736842105,0.0,measured,measured,,
btrack,clean_eighths,clipping,thresholdFraction=0.5,clean_eighths__clip_0.5,clean_eighths__baseline,acquisition.acquired,bool,0.0,0.0,0.0,measured,measured,,
btrack,clean_eighths,clipping,thresholdFraction=0.5,clean_eighths__clip_0.5,clean_eighths__baseline,acquisition.acquisitionBars,float,,,,missing,missing,requires acquired,
btrack,clean_eighths,clipping,thresholdFraction=0.5,clean_eighths__clip_0.5,clean_eighths__baseline,acquisition.acquisitionSeconds,float,,,,missing,missing,requires acquired,
btrack,clean_eighths,clipping,thresholdFraction=0.5,clean_eighths__clip_0.5,clean_eighths__baseline,acquisition.acquisitionBeats,float,,,,missing,missing,requires acquired,
btrack,clean_eighths,clipping,thresholdFraction=0.5,clean_eighths__clip_0.5,clean_eighths__baseline,bpm.hasBpmLock,bool,1.0,1.0,0.0,measured,measured,,
btrack,clean_eighths,clipping,thresholdFraction=0.5,clean_eighths__clip_0.5,clean_eighths__baseline,bpm.lockedBpm,float,123.046875,123.046875,0.0,measured,measured,,
btrack,clean_eighths,clipping,thresholdFraction=0.5,clean_eighths__clip_0.5,clean_eighths__baseline,bpm.bpmRelativeError,float,0.0234375,0.0234375,0.0,measured,measured,,
btrack,clean_eighths,clipping,thresholdFraction=0.5,clean_eighths__clip_0.5,clean_eighths__baseline,bpm.spec2pctWithin,bool,0.0,0.0,0.0,measured,measured,,
btrack,clean_eighths,clipping,thresholdFraction=0.5,clean_eighths__clip_0.5,clean_eighths__baseline,bpm.spec2pctNormalized,float,1.171875,1.171875,0.0,measured,measured,,
btrack,clean_eighths,clipping,thresholdFraction=0.5,clean_eighths__clip_0.5,clean_eighths__baseline,halfDouble.halfTimeLock,bool,0.0,0.0,0.0,measured,measured,,
btrack,clean_eighths,clipping,thresholdFraction=0.5,clean_eighths__clip_0.5,clean_eighths__baseline,halfDouble.doubleTimeLock,bool,0.0,0.0,0.0,measured,measured,,
btrack,clean_eighths,clipping,thresholdFraction=0.5,clean_eighths__clip_0.5,clean_eighths__baseline,halfDouble.halfDoubleTimeError,bool,0.0,0.0,0.0,measured,measured,,
btrack,clean_eighths,clipping,thresholdFraction=0.5,clean_eighths__clip_0.5,clean_eighths__baseline,silence.trueSilenceMeasured,bool,1.0,1.0,0.0,measured,measured,,
btrack,clean_eighths,clipping,thresholdFraction=0.5,clean_eighths__clip_0.5,clean_eighths__baseline,silence.falseBeatCoverage,str,Measured,Measured,,measured,measured,,
btrack,clean_eighths,clipping,thresholdFraction=0.5,clean_eighths__clip_0.5,clean_eighths__baseline,silence.falseBeatsInTrueSilence,int,0.0,0.0,0.0,measured,measured,,
btrack,clean_eighths,clipping,thresholdFraction=0.5,clean_eighths__clip_0.5,clean_eighths__baseline,silence.falseBeatsInTrueSilencePerSecond,float,0.0,0.0,0.0,measured,measured,,
btrack,clean_eighths,clipping,thresholdFraction=0.5,clean_eighths__clip_0.5,clean_eighths__baseline,silence.maxSilenceTempoIncreaseBpm,float,,,,missing,missing,requires silenceAccelerationMeasured,
btrack,clean_eighths,clipping,thresholdFraction=0.5,clean_eighths__clip_0.5,clean_eighths__baseline,silence.falseBeatsInUnplayedBeatWindowsPerSecond,float,0.0,0.0,0.0,measured,measured,,
btrack,clean_eighths,clipping,thresholdFraction=0.5,clean_eighths__clip_0.5,clean_eighths__baseline,silence.falseBeatsOffGridInUnplayedBeatWindowsPerSecond,float,0.0,0.0,0.0,measured,measured,,
btrack,clean_eighths,clipping,thresholdFraction=0.5,clean_eighths__clip_0.5,clean_eighths__baseline,timing.beatsReportedByBackend,int,9.0,9.0,0.0,measured,measured,,
btrack,clean_eighths,clipping,thresholdFraction=0.5,clean_eighths__clip_0.5,clean_eighths__baseline,timing.beatsStampAtBlockStart,int,0.0,0.0,0.0,measured,measured,,
btrack,clean_eighths,clipping,thresholdFraction=0.5,clean_eighths__clip_0.5,clean_eighths__baseline,timing.beatsRejectedNonCausal,int,0.0,0.0,0.0,measured,measured,,
btrack,clean_eighths,clipping,thresholdFraction=0.5,clean_eighths__clip_0.5,clean_eighths__baseline,timing.rateMismatchBlocks,int,0.0,0.0,0.0,measured,measured,,
btrack,clean_eighths,clipping,thresholdFraction=0.5,clean_eighths__clip_0.5,clean_eighths__baseline,timing.causalAvailabilityMeanSeconds,float,0.012731482,0.012523148,0.000208334,measured,measured,,
btrack,clean_eighths,clipping,thresholdFraction=0.5,clean_eighths__clip_0.5,clean_eighths__baseline,timing.causalAvailabilityMaxSeconds,float,0.014125,0.014125,0.0,measured,measured,,
btrack,clean_eighths,clipping,thresholdFraction=0.5,clean_eighths__clip_0.5,clean_eighths__baseline,phase.phaseMeasured,bool,1.0,1.0,0.0,measured,measured,,
btrack,clean_eighths,clipping,thresholdFraction=0.5,clean_eighths__clip_0.5,clean_eighths__baseline,phase.phaseMeanMs,float,-14.3414116,-11.0259354,-3.3154762,measured,measured,,
btrack,clean_eighths,clipping,thresholdFraction=0.5,clean_eighths__clip_0.5,clean_eighths__baseline,phase.phaseMeanAbsMs,float,16.7087585,13.3932823,3.3154762,measured,measured,,
btrack,clean_eighths,clipping,thresholdFraction=0.5,clean_eighths__clip_0.5,clean_eighths__baseline,phase.phaseP50AbsMs,float,14.392857,3.14881,11.244047,measured,measured,,
btrack,clean_eighths,clipping,thresholdFraction=0.5,clean_eighths__clip_0.5,clean_eighths__baseline,phase.phaseP95AbsMs,float,48.315476,48.315476,0.0,measured,measured,,
btrack,clean_eighths,clipping,thresholdFraction=0.5,clean_eighths__clip_0.5,clean_eighths__baseline,ramp.hasRamp,bool,0.0,0.0,0.0,measured,measured,,
btrack,clean_eighths,clipping,thresholdFraction=0.5,clean_eighths__clip_0.5,clean_eighths__baseline,ramp.rampLocalTempoRelErrorMean,float,,,,missing,missing,requires hasRamp,
btrack,clean_eighths,clipping,thresholdFraction=0.5,clean_eighths__clip_0.5,clean_eighths__baseline,ramp.rampLocalTempoRelErrorWorst,float,,,,missing,missing,requires hasRamp,
btrack,clean_eighths,clipping,thresholdFraction=0.5,clean_eighths__clip_0.5,clean_eighths__baseline,syncopation.hasSyncopation,bool,0.0,0.0,0.0,measured,measured,,
btrack,clean_eighths,clipping,thresholdFraction=0.5,clean_eighths__clip_0.5,clean_eighths__baseline,syncopation.syncopationMaxStepFraction,float,,,,missing,missing,requires hasSyncopation,
btrack,clean_eighths,clipping,thresholdFraction=0.5,clean_eighths__clip_0.5,clean_eighths__baseline,syncopation.syncopationMaxDeviationFraction,float,,,,missing,missing,requires hasSyncopation,
btrack,clean_eighths,clipping,thresholdFraction=0.5,clean_eighths__clip_0.5,clean_eighths__baseline,resources.cpuSeconds,float,0.037019,0.036475,0.000544,measured,measured,,
btrack,clean_eighths,clipping,thresholdFraction=0.5,clean_eighths__clip_0.5,clean_eighths__baseline,resources.allocationCount,int,1481.0,1481.0,0.0,measured,measured,,
btrack,clean_eighths,drop_onset,everyKth=2,clean_eighths__drop_every2,clean_eighths__baseline,detection.predictedBeats,int,9.0,9.0,0.0,measured,measured,,"Edit-onsets perturbation: the metric grid is unchanged but as-played onsets are removed, so recall/F degrade against an unchanged beat truth."
btrack,clean_eighths,drop_onset,everyKth=2,clean_eighths__drop_every2,clean_eighths__baseline,detection.truePositives,int,4.0,7.0,-3.0,measured,measured,,"Edit-onsets perturbation: the metric grid is unchanged but as-played onsets are removed, so recall/F degrade against an unchanged beat truth."
btrack,clean_eighths,drop_onset,everyKth=2,clean_eighths__drop_every2,clean_eighths__baseline,detection.falsePositives,int,5.0,2.0,3.0,measured,measured,,"Edit-onsets perturbation: the metric grid is unchanged but as-played onsets are removed, so recall/F degrade against an unchanged beat truth."
btrack,clean_eighths,drop_onset,everyKth=2,clean_eighths__drop_every2,clean_eighths__baseline,detection.falseNegatives,int,6.0,3.0,3.0,measured,measured,,"Edit-onsets perturbation: the metric grid is unchanged but as-played onsets are removed, so recall/F degrade against an unchanged beat truth."
btrack,clean_eighths,drop_onset,everyKth=2,clean_eighths__drop_every2,clean_eighths__baseline,detection.precision,float,0.444444444,0.777777778,-0.333333334,measured,measured,,"Edit-onsets perturbation: the metric grid is unchanged but as-played onsets are removed, so recall/F degrade against an unchanged beat truth."
btrack,clean_eighths,drop_onset,everyKth=2,clean_eighths__drop_every2,clean_eighths__baseline,detection.recall,float,0.4,0.7,-0.3,measured,measured,,"Edit-onsets perturbation: the metric grid is unchanged but as-played onsets are removed, so recall/F degrade against an unchanged beat truth."
btrack,clean_eighths,drop_onset,everyKth=2,clean_eighths__drop_every2,clean_eighths__baseline,detection.fMeasure,float,0.421052632,0.736842105,-0.315789473,measured,measured,,"Edit-onsets perturbation: the metric grid is unchanged but as-played onsets are removed, so recall/F degrade against an unchanged beat truth."
btrack,clean_eighths,drop_onset,everyKth=2,clean_eighths__drop_every2,clean_eighths__baseline,acquisition.acquired,bool,0.0,0.0,0.0,measured,measured,,"Edit-onsets perturbation: the metric grid is unchanged but as-played onsets are removed, so recall/F degrade against an unchanged beat truth."
btrack,clean_eighths,drop_onset,everyKth=2,clean_eighths__drop_every2,clean_eighths__baseline,acquisition.acquisitionBars,float,,,,missing,missing,requires acquired,"Edit-onsets perturbation: the metric grid is unchanged but as-played onsets are removed, so recall/F degrade against an unchanged beat truth."
btrack,clean_eighths,drop_onset,everyKth=2,clean_eighths__drop_every2,clean_eighths__baseline,acquisition.acquisitionSeconds,float,,,,missing,missing,requires acquired,"Edit-onsets perturbation: the metric grid is unchanged but as-played onsets are removed, so recall/F degrade against an unchanged beat truth."
btrack,clean_eighths,drop_onset,everyKth=2,clean_eighths__drop_every2,clean_eighths__baseline,acquisition.acquisitionBeats,float,,,,missing,missing,requires acquired,"Edit-onsets perturbation: the metric grid is unchanged but as-played onsets are removed, so recall/F degrade against an unchanged beat truth."
btrack,clean_eighths,drop_onset,everyKth=2,clean_eighths__drop_every2,clean_eighths__baseline,bpm.hasBpmLock,bool,1.0,1.0,0.0,measured,measured,,"Edit-onsets perturbation: the metric grid is unchanged but as-played onsets are removed, so recall/F degrade against an unchanged beat truth."
btrack,clean_eighths,drop_onset,everyKth=2,clean_eighths__drop_every2,clean_eighths__baseline,bpm.lockedBpm,float,126.048019,123.046875,3.001144,measured,measured,,"Edit-onsets perturbation: the metric grid is unchanged but as-played onsets are removed, so recall/F degrade against an unchanged beat truth."
btrack,clean_eighths,drop_onset,everyKth=2,clean_eighths__drop_every2,clean_eighths__baseline,bpm.bpmRelativeError,float,0.000381106,0.0234375,-0.023056394,measured,measured,,"Edit-onsets perturbation: the metric grid is unchanged but as-played onsets are removed, so recall/F degrade against an unchanged beat truth."
btrack,clean_eighths,drop_onset,everyKth=2,clean_eighths__drop_every2,clean_eighths__baseline,bpm.spec2pctWithin,bool,1.0,0.0,1.0,measured,measured,,"Edit-onsets perturbation: the metric grid is unchanged but as-played onsets are removed, so recall/F degrade against an unchanged beat truth."
btrack,clean_eighths,drop_onset,everyKth=2,clean_eighths__drop_every2,clean_eighths__baseline,bpm.spec2pctNormalized,float,0.0190553,1.171875,-1.1528197,measured,measured,,"Edit-onsets perturbation: the metric grid is unchanged but as-played onsets are removed, so recall/F degrade against an unchanged beat truth."
btrack,clean_eighths,drop_onset,everyKth=2,clean_eighths__drop_every2,clean_eighths__baseline,halfDouble.halfTimeLock,bool,0.0,0.0,0.0,measured,measured,,"Edit-onsets perturbation: the metric grid is unchanged but as-played onsets are removed, so recall/F degrade against an unchanged beat truth."
btrack,clean_eighths,drop_onset,everyKth=2,clean_eighths__drop_every2,clean_eighths__baseline,halfDouble.doubleTimeLock,bool,0.0,0.0,0.0,measured,measured,,"Edit-onsets perturbation: the metric grid is unchanged but as-played onsets are removed, so recall/F degrade against an unchanged beat truth."
btrack,clean_eighths,drop_onset,everyKth=2,clean_eighths__drop_every2,clean_eighths__baseline,halfDouble.halfDoubleTimeError,bool,0.0,0.0,0.0,measured,measured,,"Edit-onsets perturbation: the metric grid is unchanged but as-played onsets are removed, so recall/F degrade against an unchanged beat truth."
btrack,clean_eighths,drop_onset,everyKth=2,clean_eighths__drop_every2,clean_eighths__baseline,silence.trueSilenceMeasured,bool,1.0,1.0,0.0,measured,measured,,"Edit-onsets perturbation: the metric grid is unchanged but as-played onsets are removed, so recall/F degrade against an unchanged beat truth."
btrack,clean_eighths,drop_onset,everyKth=2,clean_eighths__drop_every2,clean_eighths__baseline,silence.falseBeatCoverage,str,Measured,Measured,,measured,measured,,"Edit-onsets perturbation: the metric grid is unchanged but as-played onsets are removed, so recall/F degrade against an unchanged beat truth."
btrack,clean_eighths,drop_onset,everyKth=2,clean_eighths__drop_every2,clean_eighths__baseline,silence.falseBeatsInTrueSilence,int,0.0,0.0,0.0,measured,measured,,"Edit-onsets perturbation: the metric grid is unchanged but as-played onsets are removed, so recall/F degrade against an unchanged beat truth."
btrack,clean_eighths,drop_onset,everyKth=2,clean_eighths__drop_every2,clean_eighths__baseline,silence.falseBeatsInTrueSilencePerSecond,float,0.0,0.0,0.0,measured,measured,,"Edit-onsets perturbation: the metric grid is unchanged but as-played onsets are removed, so recall/F degrade against an unchanged beat truth."
btrack,clean_eighths,drop_onset,everyKth=2,clean_eighths__drop_every2,clean_eighths__baseline,silence.maxSilenceTempoIncreaseBpm,float,,,,missing,missing,requires silenceAccelerationMeasured,"Edit-onsets perturbation: the metric grid is unchanged but as-played onsets are removed, so recall/F degrade against an unchanged beat truth."
btrack,clean_eighths,drop_onset,everyKth=2,clean_eighths__drop_every2,clean_eighths__baseline,silence.falseBeatsInUnplayedBeatWindowsPerSecond,float,0.0,0.0,0.0,measured,measured,,"Edit-onsets perturbation: the metric grid is unchanged but as-played onsets are removed, so recall/F degrade against an unchanged beat truth."
btrack,clean_eighths,drop_onset,everyKth=2,clean_eighths__drop_every2,clean_eighths__baseline,silence.falseBeatsOffGridInUnplayedBeatWindowsPerSecond,float,0.0,0.0,0.0,measured,measured,,"Edit-onsets perturbation: the metric grid is unchanged but as-played onsets are removed, so recall/F degrade against an unchanged beat truth."
btrack,clean_eighths,drop_onset,everyKth=2,clean_eighths__drop_every2,clean_eighths__baseline,timing.beatsReportedByBackend,int,9.0,9.0,0.0,measured,measured,,"Edit-onsets perturbation: the metric grid is unchanged but as-played onsets are removed, so recall/F degrade against an unchanged beat truth."
btrack,clean_eighths,drop_onset,everyKth=2,clean_eighths__drop_every2,clean_eighths__baseline,timing.beatsStampAtBlockStart,int,0.0,0.0,0.0,measured,measured,,"Edit-onsets perturbation: the metric grid is unchanged but as-played onsets are removed, so recall/F degrade against an unchanged beat truth."
btrack,clean_eighths,drop_onset,everyKth=2,clean_eighths__drop_every2,clean_eighths__baseline,timing.beatsRejectedNonCausal,int,0.0,0.0,0.0,measured,measured,,"Edit-onsets perturbation: the metric grid is unchanged but as-played onsets are removed, so recall/F degrade against an unchanged beat truth."
btrack,clean_eighths,drop_onset,everyKth=2,clean_eighths__drop_every2,clean_eighths__baseline,timing.rateMismatchBlocks,int,0.0,0.0,0.0,measured,measured,,"Edit-onsets perturbation: the metric grid is unchanged but as-played onsets are removed, so recall/F degrade against an unchanged beat truth."
btrack,clean_eighths,drop_onset,everyKth=2,clean_eighths__drop_every2,clean_eighths__baseline,timing.causalAvailabilityMeanSeconds,float,0.012483796,0.012523148,-3.9352e-05,measured,measured,,"Edit-onsets perturbation: the metric grid is unchanged but as-played onsets are removed, so recall/F degrade against an unchanged beat truth."
btrack,clean_eighths,drop_onset,everyKth=2,clean_eighths__drop_every2,clean_eighths__baseline,timing.causalAvailabilityMaxSeconds,float,0.014125,0.014125,0.0,measured,measured,,"Edit-onsets perturbation: the metric grid is unchanged but as-played onsets are removed, so recall/F degrade against an unchanged beat truth."
btrack,clean_eighths,drop_onset,everyKth=2,clean_eighths__drop_every2,clean_eighths__baseline,phase.phaseMeasured,bool,1.0,1.0,0.0,measured,measured,,"Edit-onsets perturbation: the metric grid is unchanged but as-played onsets are removed, so recall/F degrade against an unchanged beat truth."
btrack,clean_eighths,drop_onset,everyKth=2,clean_eighths__drop_every2,clean_eighths__baseline,phase.phaseMeanMs,float,35.0357143,-11.0259354,46.0616497,measured,measured,,"Edit-onsets perturbation: the metric grid is unchanged but as-played onsets are removed, so recall/F degrade against an unchanged beat truth."
btrack,clean_eighths,drop_onset,everyKth=2,clean_eighths__drop_every2,clean_eighths__baseline,phase.phaseMeanAbsMs,float,59.1934523,13.3932823,45.80017,measured,measured,,"Edit-onsets perturbation: the metric grid is unchanged but as-played onsets are removed, so recall/F degrade against an unchanged beat truth."
btrack,clean_eighths,drop_onset,everyKth=2,clean_eighths__drop_every2,clean_eighths__baseline,phase.phaseP50AbsMs,float,66.6875003,3.14881,63.5386903,measured,measured,,"Edit-onsets perturbation: the metric grid is unchanged but as-played onsets are removed, so recall/F degrade against an unchanged beat truth."
btrack,clean_eighths,drop_onset,everyKth=2,clean_eighths__drop_every2,clean_eighths__baseline,phase.phaseP95AbsMs,float,66.8779763,48.315476,18.5625003,measured,measured,,"Edit-onsets perturbation: the metric grid is unchanged but as-played onsets are removed, so recall/F degrade against an unchanged beat truth."
btrack,clean_eighths,drop_onset,everyKth=2,clean_eighths__drop_every2,clean_eighths__baseline,ramp.hasRamp,bool,0.0,0.0,0.0,measured,measured,,"Edit-onsets perturbation: the metric grid is unchanged but as-played onsets are removed, so recall/F degrade against an unchanged beat truth."
btrack,clean_eighths,drop_onset,everyKth=2,clean_eighths__drop_every2,clean_eighths__baseline,ramp.rampLocalTempoRelErrorMean,float,,,,missing,missing,requires hasRamp,"Edit-onsets perturbation: the metric grid is unchanged but as-played onsets are removed, so recall/F degrade against an unchanged beat truth."
btrack,clean_eighths,drop_onset,everyKth=2,clean_eighths__drop_every2,clean_eighths__baseline,ramp.rampLocalTempoRelErrorWorst,float,,,,missing,missing,requires hasRamp,"Edit-onsets perturbation: the metric grid is unchanged but as-played onsets are removed, so recall/F degrade against an unchanged beat truth."
btrack,clean_eighths,drop_onset,everyKth=2,clean_eighths__drop_every2,clean_eighths__baseline,syncopation.hasSyncopation,bool,0.0,0.0,0.0,measured,measured,,"Edit-onsets perturbation: the metric grid is unchanged but as-played onsets are removed, so recall/F degrade against an unchanged beat truth."
btrack,clean_eighths,drop_onset,everyKth=2,clean_eighths__drop_every2,clean_eighths__baseline,syncopation.syncopationMaxStepFraction,float,,,,missing,missing,requires hasSyncopation,"Edit-onsets perturbation: the metric grid is unchanged but as-played onsets are removed, so recall/F degrade against an unchanged beat truth."
btrack,clean_eighths,drop_onset,everyKth=2,clean_eighths__drop_every2,clean_eighths__baseline,syncopation.syncopationMaxDeviationFraction,float,,,,missing,missing,requires hasSyncopation,"Edit-onsets perturbation: the metric grid is unchanged but as-played onsets are removed, so recall/F degrade against an unchanged beat truth."
btrack,clean_eighths,drop_onset,everyKth=2,clean_eighths__drop_every2,clean_eighths__baseline,resources.cpuSeconds,float,0.036434,0.036475,-4.1e-05,measured,measured,,"Edit-onsets perturbation: the metric grid is unchanged but as-played onsets are removed, so recall/F degrade against an unchanged beat truth."
btrack,clean_eighths,drop_onset,everyKth=2,clean_eighths__drop_every2,clean_eighths__baseline,resources.allocationCount,int,1481.0,1481.0,0.0,measured,measured,,"Edit-onsets perturbation: the metric grid is unchanged but as-played onsets are removed, so recall/F degrade against an unchanged beat truth."
btrack,clean_eighths,drop_onset,everyKth=4,clean_eighths__drop_every4,clean_eighths__baseline,detection.predictedBeats,int,9.0,9.0,0.0,measured,measured,,"Edit-onsets perturbation: the metric grid is unchanged but as-played onsets are removed, so recall/F degrade against an unchanged beat truth."
btrack,clean_eighths,drop_onset,everyKth=4,clean_eighths__drop_every4,clean_eighths__baseline,detection.truePositives,int,7.0,7.0,0.0,measured,measured,,"Edit-onsets perturbation: the metric grid is unchanged but as-played onsets are removed, so recall/F degrade against an unchanged beat truth."
btrack,clean_eighths,drop_onset,everyKth=4,clean_eighths__drop_every4,clean_eighths__baseline,detection.falsePositives,int,2.0,2.0,0.0,measured,measured,,"Edit-onsets perturbation: the metric grid is unchanged but as-played onsets are removed, so recall/F degrade against an unchanged beat truth."
btrack,clean_eighths,drop_onset,everyKth=4,clean_eighths__drop_every4,clean_eighths__baseline,detection.falseNegatives,int,3.0,3.0,0.0,measured,measured,,"Edit-onsets perturbation: the metric grid is unchanged but as-played onsets are removed, so recall/F degrade against an unchanged beat truth."
btrack,clean_eighths,drop_onset,everyKth=4,clean_eighths__drop_every4,clean_eighths__baseline,detection.precision,float,0.777777778,0.777777778,0.0,measured,measured,,"Edit-onsets perturbation: the metric grid is unchanged but as-played onsets are removed, so recall/F degrade against an unchanged beat truth."
btrack,clean_eighths,drop_onset,everyKth=4,clean_eighths__drop_every4,clean_eighths__baseline,detection.recall,float,0.7,0.7,0.0,measured,measured,,"Edit-onsets perturbation: the metric grid is unchanged but as-played onsets are removed, so recall/F degrade against an unchanged beat truth."
btrack,clean_eighths,drop_onset,everyKth=4,clean_eighths__drop_every4,clean_eighths__baseline,detection.fMeasure,float,0.736842105,0.736842105,0.0,measured,measured,,"Edit-onsets perturbation: the metric grid is unchanged but as-played onsets are removed, so recall/F degrade against an unchanged beat truth."
btrack,clean_eighths,drop_onset,everyKth=4,clean_eighths__drop_every4,clean_eighths__baseline,acquisition.acquired,bool,0.0,0.0,0.0,measured,measured,,"Edit-onsets perturbation: the metric grid is unchanged but as-played onsets are removed, so recall/F degrade against an unchanged beat truth."
btrack,clean_eighths,drop_onset,everyKth=4,clean_eighths__drop_every4,clean_eighths__baseline,acquisition.acquisitionBars,float,,,,missing,missing,requires acquired,"Edit-onsets perturbation: the metric grid is unchanged but as-played onsets are removed, so recall/F degrade against an unchanged beat truth."
btrack,clean_eighths,drop_onset,everyKth=4,clean_eighths__drop_every4,clean_eighths__baseline,acquisition.acquisitionSeconds,float,,,,missing,missing,requires acquired,"Edit-onsets perturbation: the metric grid is unchanged but as-played onsets are removed, so recall/F degrade against an unchanged beat truth."
btrack,clean_eighths,drop_onset,everyKth=4,clean_eighths__drop_every4,clean_eighths__baseline,acquisition.acquisitionBeats,float,,,,missing,missing,requires acquired,"Edit-onsets perturbation: the metric grid is unchanged but as-played onsets are removed, so recall/F degrade against an unchanged beat truth."
btrack,clean_eighths,drop_onset,everyKth=4,clean_eighths__drop_every4,clean_eighths__baseline,bpm.hasBpmLock,bool,1.0,1.0,0.0,measured,measured,,"Edit-onsets perturbation: the metric grid is unchanged but as-played onsets are removed, so recall/F degrade against an unchanged beat truth."
btrack,clean_eighths,drop_onset,everyKth=4,clean_eighths__drop_every4,clean_eighths__baseline,bpm.lockedBpm,float,123.046875,123.046875,0.0,measured,measured,,"Edit-onsets perturbation: the metric grid is unchanged but as-played onsets are removed, so recall/F degrade against an unchanged beat truth."
btrack,clean_eighths,drop_onset,everyKth=4,clean_eighths__drop_every4,clean_eighths__baseline,bpm.bpmRelativeError,float,0.0234375,0.0234375,0.0,measured,measured,,"Edit-onsets perturbation: the metric grid is unchanged but as-played onsets are removed, so recall/F degrade against an unchanged beat truth."
btrack,clean_eighths,drop_onset,everyKth=4,clean_eighths__drop_every4,clean_eighths__baseline,bpm.spec2pctWithin,bool,0.0,0.0,0.0,measured,measured,,"Edit-onsets perturbation: the metric grid is unchanged but as-played onsets are removed, so recall/F degrade against an unchanged beat truth."
btrack,clean_eighths,drop_onset,everyKth=4,clean_eighths__drop_every4,clean_eighths__baseline,bpm.spec2pctNormalized,float,1.171875,1.171875,0.0,measured,measured,,"Edit-onsets perturbation: the metric grid is unchanged but as-played onsets are removed, so recall/F degrade against an unchanged beat truth."
btrack,clean_eighths,drop_onset,everyKth=4,clean_eighths__drop_every4,clean_eighths__baseline,halfDouble.halfTimeLock,bool,0.0,0.0,0.0,measured,measured,,"Edit-onsets perturbation: the metric grid is unchanged but as-played onsets are removed, so recall/F degrade against an unchanged beat truth."
btrack,clean_eighths,drop_onset,everyKth=4,clean_eighths__drop_every4,clean_eighths__baseline,halfDouble.doubleTimeLock,bool,0.0,0.0,0.0,measured,measured,,"Edit-onsets perturbation: the metric grid is unchanged but as-played onsets are removed, so recall/F degrade against an unchanged beat truth."
btrack,clean_eighths,drop_onset,everyKth=4,clean_eighths__drop_every4,clean_eighths__baseline,halfDouble.halfDoubleTimeError,bool,0.0,0.0,0.0,measured,measured,,"Edit-onsets perturbation: the metric grid is unchanged but as-played onsets are removed, so recall/F degrade against an unchanged beat truth."
btrack,clean_eighths,drop_onset,everyKth=4,clean_eighths__drop_every4,clean_eighths__baseline,silence.trueSilenceMeasured,bool,1.0,1.0,0.0,measured,measured,,"Edit-onsets perturbation: the metric grid is unchanged but as-played onsets are removed, so recall/F degrade against an unchanged beat truth."
btrack,clean_eighths,drop_onset,everyKth=4,clean_eighths__drop_every4,clean_eighths__baseline,silence.falseBeatCoverage,str,Measured,Measured,,measured,measured,,"Edit-onsets perturbation: the metric grid is unchanged but as-played onsets are removed, so recall/F degrade against an unchanged beat truth."
btrack,clean_eighths,drop_onset,everyKth=4,clean_eighths__drop_every4,clean_eighths__baseline,silence.falseBeatsInTrueSilence,int,0.0,0.0,0.0,measured,measured,,"Edit-onsets perturbation: the metric grid is unchanged but as-played onsets are removed, so recall/F degrade against an unchanged beat truth."
btrack,clean_eighths,drop_onset,everyKth=4,clean_eighths__drop_every4,clean_eighths__baseline,silence.falseBeatsInTrueSilencePerSecond,float,0.0,0.0,0.0,measured,measured,,"Edit-onsets perturbation: the metric grid is unchanged but as-played onsets are removed, so recall/F degrade against an unchanged beat truth."
btrack,clean_eighths,drop_onset,everyKth=4,clean_eighths__drop_every4,clean_eighths__baseline,silence.maxSilenceTempoIncreaseBpm,float,,,,missing,missing,requires silenceAccelerationMeasured,"Edit-onsets perturbation: the metric grid is unchanged but as-played onsets are removed, so recall/F degrade against an unchanged beat truth."
btrack,clean_eighths,drop_onset,everyKth=4,clean_eighths__drop_every4,clean_eighths__baseline,silence.falseBeatsInUnplayedBeatWindowsPerSecond,float,8.33333333,0.0,8.33333333,measured,measured,,"Edit-onsets perturbation: the metric grid is unchanged but as-played onsets are removed, so recall/F degrade against an unchanged beat truth."
btrack,clean_eighths,drop_onset,everyKth=4,clean_eighths__drop_every4,clean_eighths__baseline,silence.falseBeatsOffGridInUnplayedBeatWindowsPerSecond,float,0.0,0.0,0.0,measured,measured,,"Edit-onsets perturbation: the metric grid is unchanged but as-played onsets are removed, so recall/F degrade against an unchanged beat truth."
btrack,clean_eighths,drop_onset,everyKth=4,clean_eighths__drop_every4,clean_eighths__baseline,timing.beatsReportedByBackend,int,9.0,9.0,0.0,measured,measured,,"Edit-onsets perturbation: the metric grid is unchanged but as-played onsets are removed, so recall/F degrade against an unchanged beat truth."
btrack,clean_eighths,drop_onset,everyKth=4,clean_eighths__drop_every4,clean_eighths__baseline,timing.beatsStampAtBlockStart,int,0.0,0.0,0.0,measured,measured,,"Edit-onsets perturbation: the metric grid is unchanged but as-played onsets are removed, so recall/F degrade against an unchanged beat truth."
btrack,clean_eighths,drop_onset,everyKth=4,clean_eighths__drop_every4,clean_eighths__baseline,timing.beatsRejectedNonCausal,int,0.0,0.0,0.0,measured,measured,,"Edit-onsets perturbation: the metric grid is unchanged but as-played onsets are removed, so recall/F degrade against an unchanged beat truth."
btrack,clean_eighths,drop_onset,everyKth=4,clean_eighths__drop_every4,clean_eighths__baseline,timing.rateMismatchBlocks,int,0.0,0.0,0.0,measured,measured,,"Edit-onsets perturbation: the metric grid is unchanged but as-played onsets are removed, so recall/F degrade against an unchanged beat truth."
btrack,clean_eighths,drop_onset,everyKth=4,clean_eighths__drop_every4,clean_eighths__baseline,timing.causalAvailabilityMeanSeconds,float,0.012574074,0.012523148,5.0926e-05,measured,measured,,"Edit-onsets perturbation: the metric grid is unchanged but as-played onsets are removed, so recall/F degrade against an unchanged beat truth."
btrack,clean_eighths,drop_onset,everyKth=4,clean_eighths__drop_every4,clean_eighths__baseline,timing.causalAvailabilityMaxSeconds,float,0.014125,0.014125,0.0,measured,measured,,"Edit-onsets perturbation: the metric grid is unchanged but as-played onsets are removed, so recall/F degrade against an unchanged beat truth."
btrack,clean_eighths,drop_onset,everyKth=4,clean_eighths__drop_every4,clean_eighths__baseline,phase.phaseMeasured,bool,1.0,1.0,0.0,measured,measured,,"Edit-onsets perturbation: the metric grid is unchanged but as-played onsets are removed, so recall/F degrade against an unchanged beat truth."
btrack,clean_eighths,drop_onset,everyKth=4,clean_eighths__drop_every4,clean_eighths__baseline,phase.phaseMeanMs,float,2.24192171,-11.0259354,13.26785711,measured,measured,,"Edit-onsets perturbation: the metric grid is unchanged but as-played onsets are removed, so recall/F degrade against an unchanged beat truth."
btrack,clean_eighths,drop_onset,everyKth=4,clean_eighths__drop_every4,clean_eighths__baseline,phase.phaseMeanAbsMs,float,18.4366494,13.3932823,5.0433671,measured,measured,,"Edit-onsets perturbation: the metric grid is unchanged but as-played onsets are removed, so recall/F degrade against an unchanged beat truth."
btrack,clean_eighths,drop_onset,everyKth=4,clean_eighths__drop_every4,clean_eighths__baseline,phase.phaseP50AbsMs,float,8.285714,3.14881,5.136904,measured,measured,,"Edit-onsets perturbation: the metric grid is unchanged but as-played onsets are removed, so recall/F degrade against an unchanged beat truth."
btrack,clean_eighths,drop_onset,everyKth=4,clean_eighths__drop_every4,clean_eighths__baseline,phase.phaseP95AbsMs,float,48.315476,48.315476,0.0,measured,measured,,"Edit-onsets perturbation: the metric grid is unchanged but as-played onsets are removed, so recall/F degrade against an unchanged beat truth."
btrack,clean_eighths,drop_onset,everyKth=4,clean_eighths__drop_every4,clean_eighths__baseline,ramp.hasRamp,bool,0.0,0.0,0.0,measured,measured,,"Edit-onsets perturbation: the metric grid is unchanged but as-played onsets are removed, so recall/F degrade against an unchanged beat truth."
btrack,clean_eighths,drop_onset,everyKth=4,clean_eighths__drop_every4,clean_eighths__baseline,ramp.rampLocalTempoRelErrorMean,float,,,,missing,missing,requires hasRamp,"Edit-onsets perturbation: the metric grid is unchanged but as-played onsets are removed, so recall/F degrade against an unchanged beat truth."
btrack,clean_eighths,drop_onset,everyKth=4,clean_eighths__drop_every4,clean_eighths__baseline,ramp.rampLocalTempoRelErrorWorst,float,,,,missing,missing,requires hasRamp,"Edit-onsets perturbation: the metric grid is unchanged but as-played onsets are removed, so recall/F degrade against an unchanged beat truth."
btrack,clean_eighths,drop_onset,everyKth=4,clean_eighths__drop_every4,clean_eighths__baseline,syncopation.hasSyncopation,bool,0.0,0.0,0.0,measured,measured,,"Edit-onsets perturbation: the metric grid is unchanged but as-played onsets are removed, so recall/F degrade against an unchanged beat truth."
btrack,clean_eighths,drop_onset,everyKth=4,clean_eighths__drop_every4,clean_eighths__baseline,syncopation.syncopationMaxStepFraction,float,,,,missing,missing,requires hasSyncopation,"Edit-onsets perturbation: the metric grid is unchanged but as-played onsets are removed, so recall/F degrade against an unchanged beat truth."
btrack,clean_eighths,drop_onset,everyKth=4,clean_eighths__drop_every4,clean_eighths__baseline,syncopation.syncopationMaxDeviationFraction,float,,,,missing,missing,requires hasSyncopation,"Edit-onsets perturbation: the metric grid is unchanged but as-played onsets are removed, so recall/F degrade against an unchanged beat truth."
btrack,clean_eighths,drop_onset,everyKth=4,clean_eighths__drop_every4,clean_eighths__baseline,resources.cpuSeconds,float,0.036579,0.036475,0.000104,measured,measured,,"Edit-onsets perturbation: the metric grid is unchanged but as-played onsets are removed, so recall/F degrade against an unchanged beat truth."
btrack,clean_eighths,drop_onset,everyKth=4,clean_eighths__drop_every4,clean_eighths__baseline,resources.allocationCount,int,1481.0,1481.0,0.0,measured,measured,,"Edit-onsets perturbation: the metric grid is unchanged but as-played onsets are removed, so recall/F degrade against an unchanged beat truth."
btrack,clean_eighths,leading_silence,silenceSeconds=0.5,clean_eighths__lead_silence_0.5s,clean_eighths__baseline,detection.predictedBeats,int,10.0,9.0,1.0,measured,measured,,Content window is prepended with silence (length +0.5 s). Absolute detection counts and acquisition time are not commensurable with the baseline.
btrack,clean_eighths,leading_silence,silenceSeconds=0.5,clean_eighths__lead_silence_0.5s,clean_eighths__baseline,detection.truePositives,int,9.0,7.0,2.0,measured,measured,,Content window is prepended with silence (length +0.5 s). Absolute detection counts and acquisition time are not commensurable with the baseline.
btrack,clean_eighths,leading_silence,silenceSeconds=0.5,clean_eighths__lead_silence_0.5s,clean_eighths__baseline,detection.falsePositives,int,1.0,2.0,-1.0,measured,measured,,Content window is prepended with silence (length +0.5 s). Absolute detection counts and acquisition time are not commensurable with the baseline.
btrack,clean_eighths,leading_silence,silenceSeconds=0.5,clean_eighths__lead_silence_0.5s,clean_eighths__baseline,detection.falseNegatives,int,1.0,3.0,-2.0,measured,measured,,Content window is prepended with silence (length +0.5 s). Absolute detection counts and acquisition time are not commensurable with the baseline.
btrack,clean_eighths,leading_silence,silenceSeconds=0.5,clean_eighths__lead_silence_0.5s,clean_eighths__baseline,detection.precision,float,0.9,0.777777778,0.122222222,measured,measured,,Content window is prepended with silence (length +0.5 s). Absolute detection counts and acquisition time are not commensurable with the baseline.
btrack,clean_eighths,leading_silence,silenceSeconds=0.5,clean_eighths__lead_silence_0.5s,clean_eighths__baseline,detection.recall,float,0.9,0.7,0.2,measured,measured,,Content window is prepended with silence (length +0.5 s). Absolute detection counts and acquisition time are not commensurable with the baseline.
btrack,clean_eighths,leading_silence,silenceSeconds=0.5,clean_eighths__lead_silence_0.5s,clean_eighths__baseline,detection.fMeasure,float,0.9,0.736842105,0.163157895,measured,measured,,Content window is prepended with silence (length +0.5 s). Absolute detection counts and acquisition time are not commensurable with the baseline.
btrack,clean_eighths,leading_silence,silenceSeconds=0.5,clean_eighths__lead_silence_0.5s,clean_eighths__baseline,acquisition.acquired,bool,0.0,0.0,0.0,measured,measured,,Content window is prepended with silence (length +0.5 s). Absolute detection counts and acquisition time are not commensurable with the baseline.
btrack,clean_eighths,leading_silence,silenceSeconds=0.5,clean_eighths__lead_silence_0.5s,clean_eighths__baseline,acquisition.acquisitionBars,float,,,,missing,missing,requires acquired,Content window is prepended with silence (length +0.5 s). Absolute detection counts and acquisition time are not commensurable with the baseline.
btrack,clean_eighths,leading_silence,silenceSeconds=0.5,clean_eighths__lead_silence_0.5s,clean_eighths__baseline,acquisition.acquisitionSeconds,float,,,,missing,missing,requires acquired,Content window is prepended with silence (length +0.5 s). Absolute detection counts and acquisition time are not commensurable with the baseline.
btrack,clean_eighths,leading_silence,silenceSeconds=0.5,clean_eighths__lead_silence_0.5s,clean_eighths__baseline,acquisition.acquisitionBeats,float,,,,missing,missing,requires acquired,Content window is prepended with silence (length +0.5 s). Absolute detection counts and acquisition time are not commensurable with the baseline.
btrack,clean_eighths,leading_silence,silenceSeconds=0.5,clean_eighths__lead_silence_0.5s,clean_eighths__baseline,bpm.hasBpmLock,bool,1.0,1.0,0.0,measured,measured,,Content window is prepended with silence (length +0.5 s). Absolute detection counts and acquisition time are not commensurable with the baseline.
btrack,clean_eighths,leading_silence,silenceSeconds=0.5,clean_eighths__lead_silence_0.5s,clean_eighths__baseline,bpm.lockedBpm,float,123.046875,123.046875,0.0,measured,measured,,Content window is prepended with silence (length +0.5 s). Absolute detection counts and acquisition time are not commensurable with the baseline.
btrack,clean_eighths,leading_silence,silenceSeconds=0.5,clean_eighths__lead_silence_0.5s,clean_eighths__baseline,bpm.bpmRelativeError,float,0.0234375,0.0234375,0.0,measured,measured,,Content window is prepended with silence (length +0.5 s). Absolute detection counts and acquisition time are not commensurable with the baseline.
btrack,clean_eighths,leading_silence,silenceSeconds=0.5,clean_eighths__lead_silence_0.5s,clean_eighths__baseline,bpm.spec2pctWithin,bool,0.0,0.0,0.0,measured,measured,,Content window is prepended with silence (length +0.5 s). Absolute detection counts and acquisition time are not commensurable with the baseline.
btrack,clean_eighths,leading_silence,silenceSeconds=0.5,clean_eighths__lead_silence_0.5s,clean_eighths__baseline,bpm.spec2pctNormalized,float,1.171875,1.171875,0.0,measured,measured,,Content window is prepended with silence (length +0.5 s). Absolute detection counts and acquisition time are not commensurable with the baseline.
btrack,clean_eighths,leading_silence,silenceSeconds=0.5,clean_eighths__lead_silence_0.5s,clean_eighths__baseline,halfDouble.halfTimeLock,bool,0.0,0.0,0.0,measured,measured,,Content window is prepended with silence (length +0.5 s). Absolute detection counts and acquisition time are not commensurable with the baseline.
btrack,clean_eighths,leading_silence,silenceSeconds=0.5,clean_eighths__lead_silence_0.5s,clean_eighths__baseline,halfDouble.doubleTimeLock,bool,0.0,0.0,0.0,measured,measured,,Content window is prepended with silence (length +0.5 s). Absolute detection counts and acquisition time are not commensurable with the baseline.
btrack,clean_eighths,leading_silence,silenceSeconds=0.5,clean_eighths__lead_silence_0.5s,clean_eighths__baseline,halfDouble.halfDoubleTimeError,bool,0.0,0.0,0.0,measured,measured,,Content window is prepended with silence (length +0.5 s). Absolute detection counts and acquisition time are not commensurable with the baseline.
btrack,clean_eighths,leading_silence,silenceSeconds=0.5,clean_eighths__lead_silence_0.5s,clean_eighths__baseline,silence.trueSilenceMeasured,bool,1.0,1.0,0.0,measured,measured,,Content window is prepended with silence (length +0.5 s). Absolute detection counts and acquisition time are not commensurable with the baseline.
btrack,clean_eighths,leading_silence,silenceSeconds=0.5,clean_eighths__lead_silence_0.5s,clean_eighths__baseline,silence.falseBeatCoverage,str,Measured,Measured,,measured,measured,,Content window is prepended with silence (length +0.5 s). Absolute detection counts and acquisition time are not commensurable with the baseline.
btrack,clean_eighths,leading_silence,silenceSeconds=0.5,clean_eighths__lead_silence_0.5s,clean_eighths__baseline,silence.falseBeatsInTrueSilence,int,0.0,0.0,0.0,measured,measured,,Content window is prepended with silence (length +0.5 s). Absolute detection counts and acquisition time are not commensurable with the baseline.
btrack,clean_eighths,leading_silence,silenceSeconds=0.5,clean_eighths__lead_silence_0.5s,clean_eighths__baseline,silence.falseBeatsInTrueSilencePerSecond,float,0.0,0.0,0.0,measured,measured,,Content window is prepended with silence (length +0.5 s). Absolute detection counts and acquisition time are not commensurable with the baseline.
btrack,clean_eighths,leading_silence,silenceSeconds=0.5,clean_eighths__lead_silence_0.5s,clean_eighths__baseline,silence.maxSilenceTempoIncreaseBpm,float,,,,missing,missing,requires silenceAccelerationMeasured,Content window is prepended with silence (length +0.5 s). Absolute detection counts and acquisition time are not commensurable with the baseline.
btrack,clean_eighths,leading_silence,silenceSeconds=0.5,clean_eighths__lead_silence_0.5s,clean_eighths__baseline,silence.falseBeatsInUnplayedBeatWindowsPerSecond,float,0.0,0.0,0.0,measured,measured,,Content window is prepended with silence (length +0.5 s). Absolute detection counts and acquisition time are not commensurable with the baseline.
btrack,clean_eighths,leading_silence,silenceSeconds=0.5,clean_eighths__lead_silence_0.5s,clean_eighths__baseline,silence.falseBeatsOffGridInUnplayedBeatWindowsPerSecond,float,0.0,0.0,0.0,measured,measured,,Content window is prepended with silence (length +0.5 s). Absolute detection counts and acquisition time are not commensurable with the baseline.
btrack,clean_eighths,leading_silence,silenceSeconds=0.5,clean_eighths__lead_silence_0.5s,clean_eighths__baseline,timing.beatsReportedByBackend,int,10.0,9.0,1.0,measured,measured,,Content window is prepended with silence (length +0.5 s). Absolute detection counts and acquisition time are not commensurable with the baseline.
btrack,clean_eighths,leading_silence,silenceSeconds=0.5,clean_eighths__lead_silence_0.5s,clean_eighths__baseline,timing.beatsStampAtBlockStart,int,0.0,0.0,0.0,measured,measured,,Content window is prepended with silence (length +0.5 s). Absolute detection counts and acquisition time are not commensurable with the baseline.
btrack,clean_eighths,leading_silence,silenceSeconds=0.5,clean_eighths__lead_silence_0.5s,clean_eighths__baseline,timing.beatsRejectedNonCausal,int,0.0,0.0,0.0,measured,measured,,Content window is prepended with silence (length +0.5 s). Absolute detection counts and acquisition time are not commensurable with the baseline.
btrack,clean_eighths,leading_silence,silenceSeconds=0.5,clean_eighths__lead_silence_0.5s,clean_eighths__baseline,timing.rateMismatchBlocks,int,0.0,0.0,0.0,measured,measured,,Content window is prepended with silence (length +0.5 s). Absolute detection counts and acquisition time are not commensurable with the baseline.
btrack,clean_eighths,leading_silence,silenceSeconds=0.5,clean_eighths__lead_silence_0.5s,clean_eighths__baseline,timing.causalAvailabilityMeanSeconds,float,0.012997917,0.012523148,0.000474769,measured,measured,,Content window is prepended with silence (length +0.5 s). Absolute detection counts and acquisition time are not commensurable with the baseline.
btrack,clean_eighths,leading_silence,silenceSeconds=0.5,clean_eighths__lead_silence_0.5s,clean_eighths__baseline,timing.causalAvailabilityMaxSeconds,float,0.014166667,0.014125,4.1667e-05,measured,measured,,Content window is prepended with silence (length +0.5 s). Absolute detection counts and acquisition time are not commensurable with the baseline.
btrack,clean_eighths,leading_silence,silenceSeconds=0.5,clean_eighths__lead_silence_0.5s,clean_eighths__baseline,phase.phaseMeasured,bool,1.0,1.0,0.0,measured,measured,,Content window is prepended with silence (length +0.5 s). Absolute detection counts and acquisition time are not commensurable with the baseline.
btrack,clean_eighths,leading_silence,silenceSeconds=0.5,clean_eighths__lead_silence_0.5s,clean_eighths__baseline,phase.phaseMeanMs,float,3.07308196,-11.0259354,14.09901736,measured,measured,,Content window is prepended with silence (length +0.5 s). Absolute detection counts and acquisition time are not commensurable with the baseline.
btrack,clean_eighths,leading_silence,silenceSeconds=0.5,clean_eighths__lead_silence_0.5s,clean_eighths__baseline,phase.phaseMeanAbsMs,float,14.7688492,13.3932823,1.3755669,measured,measured,,Content window is prepended with silence (length +0.5 s). Absolute detection counts and acquisition time are not commensurable with the baseline.
btrack,clean_eighths,leading_silence,silenceSeconds=0.5,clean_eighths__lead_silence_0.5s,clean_eighths__baseline,phase.phaseP50AbsMs,float,14.8035717,3.14881,11.6547617,measured,measured,,Content window is prepended with silence (length +0.5 s). Absolute detection counts and acquisition time are not commensurable with the baseline.
btrack,clean_eighths,leading_silence,silenceSeconds=0.5,clean_eighths__lead_silence_0.5s,clean_eighths__baseline,phase.phaseP95AbsMs,float,43.7886907,48.315476,-4.5267853,measured,measured,,Content window is prepended with silence (length +0.5 s). Absolute detection counts and acquisition time are not commensurable with the baseline.
btrack,clean_eighths,leading_silence,silenceSeconds=0.5,clean_eighths__lead_silence_0.5s,clean_eighths__baseline,ramp.hasRamp,bool,0.0,0.0,0.0,measured,measured,,Content window is prepended with silence (length +0.5 s). Absolute detection counts and acquisition time are not commensurable with the baseline.
btrack,clean_eighths,leading_silence,silenceSeconds=0.5,clean_eighths__lead_silence_0.5s,clean_eighths__baseline,ramp.rampLocalTempoRelErrorMean,float,,,,missing,missing,requires hasRamp,Content window is prepended with silence (length +0.5 s). Absolute detection counts and acquisition time are not commensurable with the baseline.
btrack,clean_eighths,leading_silence,silenceSeconds=0.5,clean_eighths__lead_silence_0.5s,clean_eighths__baseline,ramp.rampLocalTempoRelErrorWorst,float,,,,missing,missing,requires hasRamp,Content window is prepended with silence (length +0.5 s). Absolute detection counts and acquisition time are not commensurable with the baseline.
btrack,clean_eighths,leading_silence,silenceSeconds=0.5,clean_eighths__lead_silence_0.5s,clean_eighths__baseline,syncopation.hasSyncopation,bool,0.0,0.0,0.0,measured,measured,,Content window is prepended with silence (length +0.5 s). Absolute detection counts and acquisition time are not commensurable with the baseline.
btrack,clean_eighths,leading_silence,silenceSeconds=0.5,clean_eighths__lead_silence_0.5s,clean_eighths__baseline,syncopation.syncopationMaxStepFraction,float,,,,missing,missing,requires hasSyncopation,Content window is prepended with silence (length +0.5 s). Absolute detection counts and acquisition time are not commensurable with the baseline.
btrack,clean_eighths,leading_silence,silenceSeconds=0.5,clean_eighths__lead_silence_0.5s,clean_eighths__baseline,syncopation.syncopationMaxDeviationFraction,float,,,,missing,missing,requires hasSyncopation,Content window is prepended with silence (length +0.5 s). Absolute detection counts and acquisition time are not commensurable with the baseline.
btrack,clean_eighths,leading_silence,silenceSeconds=0.5,clean_eighths__lead_silence_0.5s,clean_eighths__baseline,resources.cpuSeconds,float,0.03874,0.036475,0.002265,measured,measured,,Content window is prepended with silence (length +0.5 s). Absolute detection counts and acquisition time are not commensurable with the baseline.
btrack,clean_eighths,leading_silence,silenceSeconds=0.5,clean_eighths__lead_silence_0.5s,clean_eighths__baseline,resources.allocationCount,int,1524.0,1481.0,43.0,measured,measured,,Content window is prepended with silence (length +0.5 s). Absolute detection counts and acquisition time are not commensurable with the baseline.
btrack,clean_eighths,level,gainDb=-20,clean_eighths__level_-20db,clean_eighths__baseline,detection.predictedBeats,int,10.0,9.0,1.0,measured,measured,,
btrack,clean_eighths,level,gainDb=-20,clean_eighths__level_-20db,clean_eighths__baseline,detection.truePositives,int,8.0,7.0,1.0,measured,measured,,
btrack,clean_eighths,level,gainDb=-20,clean_eighths__level_-20db,clean_eighths__baseline,detection.falsePositives,int,2.0,2.0,0.0,measured,measured,,
btrack,clean_eighths,level,gainDb=-20,clean_eighths__level_-20db,clean_eighths__baseline,detection.falseNegatives,int,2.0,3.0,-1.0,measured,measured,,
btrack,clean_eighths,level,gainDb=-20,clean_eighths__level_-20db,clean_eighths__baseline,detection.precision,float,0.8,0.777777778,0.022222222,measured,measured,,
btrack,clean_eighths,level,gainDb=-20,clean_eighths__level_-20db,clean_eighths__baseline,detection.recall,float,0.8,0.7,0.1,measured,measured,,
btrack,clean_eighths,level,gainDb=-20,clean_eighths__level_-20db,clean_eighths__baseline,detection.fMeasure,float,0.8,0.736842105,0.063157895,measured,measured,,
btrack,clean_eighths,level,gainDb=-20,clean_eighths__level_-20db,clean_eighths__baseline,acquisition.acquired,bool,0.0,0.0,0.0,measured,measured,,
btrack,clean_eighths,level,gainDb=-20,clean_eighths__level_-20db,clean_eighths__baseline,acquisition.acquisitionBars,float,,,,missing,missing,requires acquired,
btrack,clean_eighths,level,gainDb=-20,clean_eighths__level_-20db,clean_eighths__baseline,acquisition.acquisitionSeconds,float,,,,missing,missing,requires acquired,
btrack,clean_eighths,level,gainDb=-20,clean_eighths__level_-20db,clean_eighths__baseline,acquisition.acquisitionBeats,float,,,,missing,missing,requires acquired,
btrack,clean_eighths,level,gainDb=-20,clean_eighths__level_-20db,clean_eighths__baseline,bpm.hasBpmLock,bool,1.0,1.0,0.0,measured,measured,,
btrack,clean_eighths,level,gainDb=-20,clean_eighths__level_-20db,clean_eighths__baseline,bpm.lockedBpm,float,123.046875,123.046875,0.0,measured,measured,,
btrack,clean_eighths,level,gainDb=-20,clean_eighths__level_-20db,clean_eighths__baseline,bpm.bpmRelativeError,float,0.0234375,0.0234375,0.0,measured,measured,,
btrack,clean_eighths,level,gainDb=-20,clean_eighths__level_-20db,clean_eighths__baseline,bpm.spec2pctWithin,bool,0.0,0.0,0.0,measured,measured,,
btrack,clean_eighths,level,gainDb=-20,clean_eighths__level_-20db,clean_eighths__baseline,bpm.spec2pctNormalized,float,1.171875,1.171875,0.0,measured,measured,,
btrack,clean_eighths,level,gainDb=-20,clean_eighths__level_-20db,clean_eighths__baseline,halfDouble.halfTimeLock,bool,0.0,0.0,0.0,measured,measured,,
btrack,clean_eighths,level,gainDb=-20,clean_eighths__level_-20db,clean_eighths__baseline,halfDouble.doubleTimeLock,bool,0.0,0.0,0.0,measured,measured,,
btrack,clean_eighths,level,gainDb=-20,clean_eighths__level_-20db,clean_eighths__baseline,halfDouble.halfDoubleTimeError,bool,0.0,0.0,0.0,measured,measured,,
btrack,clean_eighths,level,gainDb=-20,clean_eighths__level_-20db,clean_eighths__baseline,silence.trueSilenceMeasured,bool,1.0,1.0,0.0,measured,measured,,
btrack,clean_eighths,level,gainDb=-20,clean_eighths__level_-20db,clean_eighths__baseline,silence.falseBeatCoverage,str,Measured,Measured,,measured,measured,,
btrack,clean_eighths,level,gainDb=-20,clean_eighths__level_-20db,clean_eighths__baseline,silence.falseBeatsInTrueSilence,int,0.0,0.0,0.0,measured,measured,,
btrack,clean_eighths,level,gainDb=-20,clean_eighths__level_-20db,clean_eighths__baseline,silence.falseBeatsInTrueSilencePerSecond,float,0.0,0.0,0.0,measured,measured,,
btrack,clean_eighths,level,gainDb=-20,clean_eighths__level_-20db,clean_eighths__baseline,silence.maxSilenceTempoIncreaseBpm,float,,,,missing,missing,requires silenceAccelerationMeasured,
btrack,clean_eighths,level,gainDb=-20,clean_eighths__level_-20db,clean_eighths__baseline,silence.falseBeatsInUnplayedBeatWindowsPerSecond,float,0.0,0.0,0.0,measured,measured,,
btrack,clean_eighths,level,gainDb=-20,clean_eighths__level_-20db,clean_eighths__baseline,silence.falseBeatsOffGridInUnplayedBeatWindowsPerSecond,float,0.0,0.0,0.0,measured,measured,,
btrack,clean_eighths,level,gainDb=-20,clean_eighths__level_-20db,clean_eighths__baseline,timing.beatsReportedByBackend,int,10.0,9.0,1.0,measured,measured,,
btrack,clean_eighths,level,gainDb=-20,clean_eighths__level_-20db,clean_eighths__baseline,timing.beatsStampAtBlockStart,int,0.0,0.0,0.0,measured,measured,,
btrack,clean_eighths,level,gainDb=-20,clean_eighths__level_-20db,clean_eighths__baseline,timing.beatsRejectedNonCausal,int,0.0,0.0,0.0,measured,measured,,
btrack,clean_eighths,level,gainDb=-20,clean_eighths__level_-20db,clean_eighths__baseline,timing.rateMismatchBlocks,int,0.0,0.0,0.0,measured,measured,,
btrack,clean_eighths,level,gainDb=-20,clean_eighths__level_-20db,clean_eighths__baseline,timing.causalAvailabilityMeanSeconds,float,0.01274375,0.012523148,0.000220602,measured,measured,,
btrack,clean_eighths,level,gainDb=-20,clean_eighths__level_-20db,clean_eighths__baseline,timing.causalAvailabilityMaxSeconds,float,0.014125,0.014125,0.0,measured,measured,,
btrack,clean_eighths,level,gainDb=-20,clean_eighths__level_-20db,clean_eighths__baseline,phase.phaseMeasured,bool,1.0,1.0,0.0,measured,measured,,
btrack,clean_eighths,level,gainDb=-20,clean_eighths__level_-20db,clean_eighths__baseline,phase.phaseMeanMs,float,-5.57589296,-11.0259354,5.45004244,measured,measured,,
btrack,clean_eighths,level,gainDb=-20,clean_eighths__level_-20db,clean_eighths__baseline,phase.phaseMeanAbsMs,float,15.7961309,13.3932823,2.4028486,measured,measured,,
btrack,clean_eighths,level,gainDb=-20,clean_eighths__level_-20db,clean_eighths__baseline,phase.phaseP50AbsMs,float,14.2232143,3.14881,11.0744043,measured,measured,,
btrack,clean_eighths,level,gainDb=-20,clean_eighths__level_-20db,clean_eighths__baseline,phase.phaseP95AbsMs,float,48.315476,48.315476,0.0,measured,measured,,
btrack,clean_eighths,level,gainDb=-20,clean_eighths__level_-20db,clean_eighths__baseline,ramp.hasRamp,bool,0.0,0.0,0.0,measured,measured,,
btrack,clean_eighths,level,gainDb=-20,clean_eighths__level_-20db,clean_eighths__baseline,ramp.rampLocalTempoRelErrorMean,float,,,,missing,missing,requires hasRamp,
btrack,clean_eighths,level,gainDb=-20,clean_eighths__level_-20db,clean_eighths__baseline,ramp.rampLocalTempoRelErrorWorst,float,,,,missing,missing,requires hasRamp,
btrack,clean_eighths,level,gainDb=-20,clean_eighths__level_-20db,clean_eighths__baseline,syncopation.hasSyncopation,bool,0.0,0.0,0.0,measured,measured,,
btrack,clean_eighths,level,gainDb=-20,clean_eighths__level_-20db,clean_eighths__baseline,syncopation.syncopationMaxStepFraction,float,,,,missing,missing,requires hasSyncopation,
btrack,clean_eighths,level,gainDb=-20,clean_eighths__level_-20db,clean_eighths__baseline,syncopation.syncopationMaxDeviationFraction,float,,,,missing,missing,requires hasSyncopation,
btrack,clean_eighths,level,gainDb=-20,clean_eighths__level_-20db,clean_eighths__baseline,resources.cpuSeconds,float,0.037145,0.036475,0.00067,measured,measured,,
btrack,clean_eighths,level,gainDb=-20,clean_eighths__level_-20db,clean_eighths__baseline,resources.allocationCount,int,1481.0,1481.0,0.0,measured,measured,,
btrack,clean_eighths,level,gainDb=-40,clean_eighths__level_-40db,clean_eighths__baseline,detection.predictedBeats,int,9.0,9.0,0.0,measured,measured,,
btrack,clean_eighths,level,gainDb=-40,clean_eighths__level_-40db,clean_eighths__baseline,detection.truePositives,int,8.0,7.0,1.0,measured,measured,,
btrack,clean_eighths,level,gainDb=-40,clean_eighths__level_-40db,clean_eighths__baseline,detection.falsePositives,int,1.0,2.0,-1.0,measured,measured,,
btrack,clean_eighths,level,gainDb=-40,clean_eighths__level_-40db,clean_eighths__baseline,detection.falseNegatives,int,2.0,3.0,-1.0,measured,measured,,
btrack,clean_eighths,level,gainDb=-40,clean_eighths__level_-40db,clean_eighths__baseline,detection.precision,float,0.888888889,0.777777778,0.111111111,measured,measured,,
btrack,clean_eighths,level,gainDb=-40,clean_eighths__level_-40db,clean_eighths__baseline,detection.recall,float,0.8,0.7,0.1,measured,measured,,
btrack,clean_eighths,level,gainDb=-40,clean_eighths__level_-40db,clean_eighths__baseline,detection.fMeasure,float,0.842105263,0.736842105,0.105263158,measured,measured,,
btrack,clean_eighths,level,gainDb=-40,clean_eighths__level_-40db,clean_eighths__baseline,acquisition.acquired,bool,0.0,0.0,0.0,measured,measured,,
btrack,clean_eighths,level,gainDb=-40,clean_eighths__level_-40db,clean_eighths__baseline,acquisition.acquisitionBars,float,,,,missing,missing,requires acquired,
btrack,clean_eighths,level,gainDb=-40,clean_eighths__level_-40db,clean_eighths__baseline,acquisition.acquisitionSeconds,float,,,,missing,missing,requires acquired,
btrack,clean_eighths,level,gainDb=-40,clean_eighths__level_-40db,clean_eighths__baseline,acquisition.acquisitionBeats,float,,,,missing,missing,requires acquired,
btrack,clean_eighths,level,gainDb=-40,clean_eighths__level_-40db,clean_eighths__baseline,bpm.hasBpmLock,bool,1.0,1.0,0.0,measured,measured,,
btrack,clean_eighths,level,gainDb=-40,clean_eighths__level_-40db,clean_eighths__baseline,bpm.lockedBpm,float,123.046875,123.046875,0.0,measured,measured,,
btrack,clean_eighths,level,gainDb=-40,clean_eighths__level_-40db,clean_eighths__baseline,bpm.bpmRelativeError,float,0.0234375,0.0234375,0.0,measured,measured,,
btrack,clean_eighths,level,gainDb=-40,clean_eighths__level_-40db,clean_eighths__baseline,bpm.spec2pctWithin,bool,0.0,0.0,0.0,measured,measured,,
btrack,clean_eighths,level,gainDb=-40,clean_eighths__level_-40db,clean_eighths__baseline,bpm.spec2pctNormalized,float,1.171875,1.171875,0.0,measured,measured,,
btrack,clean_eighths,level,gainDb=-40,clean_eighths__level_-40db,clean_eighths__baseline,halfDouble.halfTimeLock,bool,0.0,0.0,0.0,measured,measured,,
btrack,clean_eighths,level,gainDb=-40,clean_eighths__level_-40db,clean_eighths__baseline,halfDouble.doubleTimeLock,bool,0.0,0.0,0.0,measured,measured,,
btrack,clean_eighths,level,gainDb=-40,clean_eighths__level_-40db,clean_eighths__baseline,halfDouble.halfDoubleTimeError,bool,0.0,0.0,0.0,measured,measured,,
btrack,clean_eighths,level,gainDb=-40,clean_eighths__level_-40db,clean_eighths__baseline,silence.trueSilenceMeasured,bool,1.0,1.0,0.0,measured,measured,,
btrack,clean_eighths,level,gainDb=-40,clean_eighths__level_-40db,clean_eighths__baseline,silence.falseBeatCoverage,str,Measured,Measured,,measured,measured,,
btrack,clean_eighths,level,gainDb=-40,clean_eighths__level_-40db,clean_eighths__baseline,silence.falseBeatsInTrueSilence,int,0.0,0.0,0.0,measured,measured,,
btrack,clean_eighths,level,gainDb=-40,clean_eighths__level_-40db,clean_eighths__baseline,silence.falseBeatsInTrueSilencePerSecond,float,0.0,0.0,0.0,measured,measured,,
btrack,clean_eighths,level,gainDb=-40,clean_eighths__level_-40db,clean_eighths__baseline,silence.maxSilenceTempoIncreaseBpm,float,,,,missing,missing,requires silenceAccelerationMeasured,
btrack,clean_eighths,level,gainDb=-40,clean_eighths__level_-40db,clean_eighths__baseline,silence.falseBeatsInUnplayedBeatWindowsPerSecond,float,0.0,0.0,0.0,measured,measured,,
btrack,clean_eighths,level,gainDb=-40,clean_eighths__level_-40db,clean_eighths__baseline,silence.falseBeatsOffGridInUnplayedBeatWindowsPerSecond,float,0.0,0.0,0.0,measured,measured,,
btrack,clean_eighths,level,gainDb=-40,clean_eighths__level_-40db,clean_eighths__baseline,timing.beatsReportedByBackend,int,9.0,9.0,0.0,measured,measured,,
btrack,clean_eighths,level,gainDb=-40,clean_eighths__level_-40db,clean_eighths__baseline,timing.beatsStampAtBlockStart,int,0.0,0.0,0.0,measured,measured,,
btrack,clean_eighths,level,gainDb=-40,clean_eighths__level_-40db,clean_eighths__baseline,timing.beatsRejectedNonCausal,int,0.0,0.0,0.0,measured,measured,,
btrack,clean_eighths,level,gainDb=-40,clean_eighths__level_-40db,clean_eighths__baseline,timing.rateMismatchBlocks,int,0.0,0.0,0.0,measured,measured,,
btrack,clean_eighths,level,gainDb=-40,clean_eighths__level_-40db,clean_eighths__baseline,timing.causalAvailabilityMeanSeconds,float,0.012576389,0.012523148,5.3241e-05,measured,measured,,
btrack,clean_eighths,level,gainDb=-40,clean_eighths__level_-40db,clean_eighths__baseline,timing.causalAvailabilityMaxSeconds,float,0.0139375,0.014125,-0.0001875,measured,measured,,
btrack,clean_eighths,level,gainDb=-40,clean_eighths__level_-40db,clean_eighths__baseline,phase.phaseMeasured,bool,1.0,1.0,0.0,measured,measured,,
btrack,clean_eighths,level,gainDb=-40,clean_eighths__level_-40db,clean_eighths__baseline,phase.phaseMeanMs,float,-1.24553579,-11.0259354,9.78039961,measured,measured,,
btrack,clean_eighths,level,gainDb=-40,clean_eighths__level_-40db,clean_eighths__baseline,phase.phaseMeanAbsMs,float,10.9486607,13.3932823,-2.4446216,measured,measured,,
btrack,clean_eighths,level,gainDb=-40,clean_eighths__level_-40db,clean_eighths__baseline,phase.phaseP50AbsMs,float,14.0327383,3.14881,10.8839283,measured,measured,,
btrack,clean_eighths,level,gainDb=-40,clean_eighths__level_-40db,clean_eighths__baseline,phase.phaseP95AbsMs,float,21.1607147,48.315476,-27.1547613,measured,measured,,
btrack,clean_eighths,level,gainDb=-40,clean_eighths__level_-40db,clean_eighths__baseline,ramp.hasRamp,bool,0.0,0.0,0.0,measured,measured,,
btrack,clean_eighths,level,gainDb=-40,clean_eighths__level_-40db,clean_eighths__baseline,ramp.rampLocalTempoRelErrorMean,float,,,,missing,missing,requires hasRamp,
btrack,clean_eighths,level,gainDb=-40,clean_eighths__level_-40db,clean_eighths__baseline,ramp.rampLocalTempoRelErrorWorst,float,,,,missing,missing,requires hasRamp,
btrack,clean_eighths,level,gainDb=-40,clean_eighths__level_-40db,clean_eighths__baseline,syncopation.hasSyncopation,bool,0.0,0.0,0.0,measured,measured,,
btrack,clean_eighths,level,gainDb=-40,clean_eighths__level_-40db,clean_eighths__baseline,syncopation.syncopationMaxStepFraction,float,,,,missing,missing,requires hasSyncopation,
btrack,clean_eighths,level,gainDb=-40,clean_eighths__level_-40db,clean_eighths__baseline,syncopation.syncopationMaxDeviationFraction,float,,,,missing,missing,requires hasSyncopation,
btrack,clean_eighths,level,gainDb=-40,clean_eighths__level_-40db,clean_eighths__baseline,resources.cpuSeconds,float,0.036114,0.036475,-0.000361,measured,measured,,
btrack,clean_eighths,level,gainDb=-40,clean_eighths__level_-40db,clean_eighths__baseline,resources.allocationCount,int,1481.0,1481.0,0.0,measured,measured,,
btrack,clean_eighths,level,gainDb=-60,clean_eighths__level_-60db,clean_eighths__baseline,detection.predictedBeats,int,0.0,9.0,-9.0,measured,measured,,
btrack,clean_eighths,level,gainDb=-60,clean_eighths__level_-60db,clean_eighths__baseline,detection.truePositives,int,0.0,7.0,-7.0,measured,measured,,
btrack,clean_eighths,level,gainDb=-60,clean_eighths__level_-60db,clean_eighths__baseline,detection.falsePositives,int,0.0,2.0,-2.0,measured,measured,,
btrack,clean_eighths,level,gainDb=-60,clean_eighths__level_-60db,clean_eighths__baseline,detection.falseNegatives,int,10.0,3.0,7.0,measured,measured,,
btrack,clean_eighths,level,gainDb=-60,clean_eighths__level_-60db,clean_eighths__baseline,detection.precision,float,1.0,0.777777778,0.222222222,measured,measured,,
btrack,clean_eighths,level,gainDb=-60,clean_eighths__level_-60db,clean_eighths__baseline,detection.recall,float,0.0,0.7,-0.7,measured,measured,,
btrack,clean_eighths,level,gainDb=-60,clean_eighths__level_-60db,clean_eighths__baseline,detection.fMeasure,float,0.0,0.736842105,-0.736842105,measured,measured,,
btrack,clean_eighths,level,gainDb=-60,clean_eighths__level_-60db,clean_eighths__baseline,acquisition.acquired,bool,0.0,0.0,0.0,measured,measured,,
btrack,clean_eighths,level,gainDb=-60,clean_eighths__level_-60db,clean_eighths__baseline,acquisition.acquisitionBars,float,,,,missing,missing,requires acquired,
btrack,clean_eighths,level,gainDb=-60,clean_eighths__level_-60db,clean_eighths__baseline,acquisition.acquisitionSeconds,float,,,,missing,missing,requires acquired,
btrack,clean_eighths,level,gainDb=-60,clean_eighths__level_-60db,clean_eighths__baseline,acquisition.acquisitionBeats,float,,,,missing,missing,requires acquired,
btrack,clean_eighths,level,gainDb=-60,clean_eighths__level_-60db,clean_eighths__baseline,bpm.hasBpmLock,bool,0.0,1.0,-1.0,measured,measured,,
btrack,clean_eighths,level,gainDb=-60,clean_eighths__level_-60db,clean_eighths__baseline,bpm.lockedBpm,float,,123.046875,,missing,measured,requires hasBpmLock,
btrack,clean_eighths,level,gainDb=-60,clean_eighths__level_-60db,clean_eighths__baseline,bpm.bpmRelativeError,float,,0.0234375,,missing,measured,requires hasBpmLock,
btrack,clean_eighths,level,gainDb=-60,clean_eighths__level_-60db,clean_eighths__baseline,bpm.spec2pctWithin,bool,,0.0,,missing,measured,requires hasBpmLock,
btrack,clean_eighths,level,gainDb=-60,clean_eighths__level_-60db,clean_eighths__baseline,bpm.spec2pctNormalized,float,,1.171875,,missing,measured,requires hasBpmLock,
btrack,clean_eighths,level,gainDb=-60,clean_eighths__level_-60db,clean_eighths__baseline,halfDouble.halfTimeLock,bool,,0.0,,missing,measured,requires hasBpmLock,
btrack,clean_eighths,level,gainDb=-60,clean_eighths__level_-60db,clean_eighths__baseline,halfDouble.doubleTimeLock,bool,,0.0,,missing,measured,requires hasBpmLock,
btrack,clean_eighths,level,gainDb=-60,clean_eighths__level_-60db,clean_eighths__baseline,halfDouble.halfDoubleTimeError,bool,,0.0,,missing,measured,requires hasBpmLock,
btrack,clean_eighths,level,gainDb=-60,clean_eighths__level_-60db,clean_eighths__baseline,silence.trueSilenceMeasured,bool,1.0,1.0,0.0,measured,measured,,
btrack,clean_eighths,level,gainDb=-60,clean_eighths__level_-60db,clean_eighths__baseline,silence.falseBeatCoverage,str,Measured,Measured,,measured,measured,,
btrack,clean_eighths,level,gainDb=-60,clean_eighths__level_-60db,clean_eighths__baseline,silence.falseBeatsInTrueSilence,int,0.0,0.0,0.0,measured,measured,,
btrack,clean_eighths,level,gainDb=-60,clean_eighths__level_-60db,clean_eighths__baseline,silence.falseBeatsInTrueSilencePerSecond,float,0.0,0.0,0.0,measured,measured,,
btrack,clean_eighths,level,gainDb=-60,clean_eighths__level_-60db,clean_eighths__baseline,silence.maxSilenceTempoIncreaseBpm,float,,,,missing,missing,requires silenceAccelerationMeasured,
btrack,clean_eighths,level,gainDb=-60,clean_eighths__level_-60db,clean_eighths__baseline,silence.falseBeatsInUnplayedBeatWindowsPerSecond,float,0.0,0.0,0.0,measured,measured,,
btrack,clean_eighths,level,gainDb=-60,clean_eighths__level_-60db,clean_eighths__baseline,silence.falseBeatsOffGridInUnplayedBeatWindowsPerSecond,float,0.0,0.0,0.0,measured,measured,,
btrack,clean_eighths,level,gainDb=-60,clean_eighths__level_-60db,clean_eighths__baseline,timing.beatsReportedByBackend,int,,9.0,,missing,measured,requires timingDiagnosticsMeasured,
btrack,clean_eighths,level,gainDb=-60,clean_eighths__level_-60db,clean_eighths__baseline,timing.beatsStampAtBlockStart,int,,0.0,,missing,measured,requires timingDiagnosticsMeasured,
btrack,clean_eighths,level,gainDb=-60,clean_eighths__level_-60db,clean_eighths__baseline,timing.beatsRejectedNonCausal,int,,0.0,,missing,measured,requires timingDiagnosticsMeasured,
btrack,clean_eighths,level,gainDb=-60,clean_eighths__level_-60db,clean_eighths__baseline,timing.rateMismatchBlocks,int,,0.0,,missing,measured,requires timingDiagnosticsMeasured,
btrack,clean_eighths,level,gainDb=-60,clean_eighths__level_-60db,clean_eighths__baseline,timing.causalAvailabilityMeanSeconds,float,,0.012523148,,missing,measured,requires timingDiagnosticsMeasured,
btrack,clean_eighths,level,gainDb=-60,clean_eighths__level_-60db,clean_eighths__baseline,timing.causalAvailabilityMaxSeconds,float,,0.014125,,missing,measured,requires timingDiagnosticsMeasured,
btrack,clean_eighths,level,gainDb=-60,clean_eighths__level_-60db,clean_eighths__baseline,phase.phaseMeasured,bool,0.0,1.0,-1.0,measured,measured,,
btrack,clean_eighths,level,gainDb=-60,clean_eighths__level_-60db,clean_eighths__baseline,phase.phaseMeanMs,float,,-11.0259354,,missing,measured,requires phaseMeasured,
btrack,clean_eighths,level,gainDb=-60,clean_eighths__level_-60db,clean_eighths__baseline,phase.phaseMeanAbsMs,float,,13.3932823,,missing,measured,requires phaseMeasured,
btrack,clean_eighths,level,gainDb=-60,clean_eighths__level_-60db,clean_eighths__baseline,phase.phaseP50AbsMs,float,,3.14881,,missing,measured,requires phaseMeasured,
btrack,clean_eighths,level,gainDb=-60,clean_eighths__level_-60db,clean_eighths__baseline,phase.phaseP95AbsMs,float,,48.315476,,missing,measured,requires phaseMeasured,
btrack,clean_eighths,level,gainDb=-60,clean_eighths__level_-60db,clean_eighths__baseline,ramp.hasRamp,bool,0.0,0.0,0.0,measured,measured,,
btrack,clean_eighths,level,gainDb=-60,clean_eighths__level_-60db,clean_eighths__baseline,ramp.rampLocalTempoRelErrorMean,float,,,,missing,missing,requires hasRamp,
btrack,clean_eighths,level,gainDb=-60,clean_eighths__level_-60db,clean_eighths__baseline,ramp.rampLocalTempoRelErrorWorst,float,,,,missing,missing,requires hasRamp,
btrack,clean_eighths,level,gainDb=-60,clean_eighths__level_-60db,clean_eighths__baseline,syncopation.hasSyncopation,bool,0.0,0.0,0.0,measured,measured,,
btrack,clean_eighths,level,gainDb=-60,clean_eighths__level_-60db,clean_eighths__baseline,syncopation.syncopationMaxStepFraction,float,,,,missing,missing,requires hasSyncopation,
btrack,clean_eighths,level,gainDb=-60,clean_eighths__level_-60db,clean_eighths__baseline,syncopation.syncopationMaxDeviationFraction,float,,,,missing,missing,requires hasSyncopation,
btrack,clean_eighths,level,gainDb=-60,clean_eighths__level_-60db,clean_eighths__baseline,resources.cpuSeconds,float,0.036946,0.036475,0.000471,measured,measured,,
btrack,clean_eighths,level,gainDb=-60,clean_eighths__level_-60db,clean_eighths__baseline,resources.allocationCount,int,1481.0,1481.0,0.0,measured,measured,,
btrack,clean_eighths,noise,snrDb=0,clean_eighths__noise_snr0db,clean_eighths__baseline,detection.predictedBeats,int,9.0,9.0,0.0,measured,measured,,trueSilenceSpans is STRUCTURAL only: an added noise floor fills what was near-silent. Silence metrics are NOT assessed from this clip; raw counts are shown uncaveated only as counts.
btrack,clean_eighths,noise,snrDb=0,clean_eighths__noise_snr0db,clean_eighths__baseline,detection.truePositives,int,4.0,7.0,-3.0,measured,measured,,trueSilenceSpans is STRUCTURAL only: an added noise floor fills what was near-silent. Silence metrics are NOT assessed from this clip; raw counts are shown uncaveated only as counts.
btrack,clean_eighths,noise,snrDb=0,clean_eighths__noise_snr0db,clean_eighths__baseline,detection.falsePositives,int,5.0,2.0,3.0,measured,measured,,trueSilenceSpans is STRUCTURAL only: an added noise floor fills what was near-silent. Silence metrics are NOT assessed from this clip; raw counts are shown uncaveated only as counts.
btrack,clean_eighths,noise,snrDb=0,clean_eighths__noise_snr0db,clean_eighths__baseline,detection.falseNegatives,int,6.0,3.0,3.0,measured,measured,,trueSilenceSpans is STRUCTURAL only: an added noise floor fills what was near-silent. Silence metrics are NOT assessed from this clip; raw counts are shown uncaveated only as counts.
btrack,clean_eighths,noise,snrDb=0,clean_eighths__noise_snr0db,clean_eighths__baseline,detection.precision,float,0.444444444,0.777777778,-0.333333334,measured,measured,,trueSilenceSpans is STRUCTURAL only: an added noise floor fills what was near-silent. Silence metrics are NOT assessed from this clip; raw counts are shown uncaveated only as counts.
btrack,clean_eighths,noise,snrDb=0,clean_eighths__noise_snr0db,clean_eighths__baseline,detection.recall,float,0.4,0.7,-0.3,measured,measured,,trueSilenceSpans is STRUCTURAL only: an added noise floor fills what was near-silent. Silence metrics are NOT assessed from this clip; raw counts are shown uncaveated only as counts.
btrack,clean_eighths,noise,snrDb=0,clean_eighths__noise_snr0db,clean_eighths__baseline,detection.fMeasure,float,0.421052632,0.736842105,-0.315789473,measured,measured,,trueSilenceSpans is STRUCTURAL only: an added noise floor fills what was near-silent. Silence metrics are NOT assessed from this clip; raw counts are shown uncaveated only as counts.
btrack,clean_eighths,noise,snrDb=0,clean_eighths__noise_snr0db,clean_eighths__baseline,acquisition.acquired,bool,1.0,0.0,1.0,measured,measured,,trueSilenceSpans is STRUCTURAL only: an added noise floor fills what was near-silent. Silence metrics are NOT assessed from this clip; raw counts are shown uncaveated only as counts.
btrack,clean_eighths,noise,snrDb=0,clean_eighths__noise_snr0db,clean_eighths__baseline,acquisition.acquisitionBars,float,1.48634063,,,measured,missing,,trueSilenceSpans is STRUCTURAL only: an added noise floor fills what was near-silent. Silence metrics are NOT assessed from this clip; raw counts are shown uncaveated only as counts.
btrack,clean_eighths,noise,snrDb=0,clean_eighths__noise_snr0db,clean_eighths__baseline,acquisition.acquisitionSeconds,float,2.831125,,,measured,missing,,trueSilenceSpans is STRUCTURAL only: an added noise floor fills what was near-silent. Silence metrics are NOT assessed from this clip; raw counts are shown uncaveated only as counts.
btrack,clean_eighths,noise,snrDb=0,clean_eighths__noise_snr0db,clean_eighths__baseline,acquisition.acquisitionBeats,float,5.9453625,,,measured,missing,,trueSilenceSpans is STRUCTURAL only: an added noise floor fills what was near-silent. Silence metrics are NOT assessed from this clip; raw counts are shown uncaveated only as counts.
btrack,clean_eighths,noise,snrDb=0,clean_eighths__noise_snr0db,clean_eighths__baseline,bpm.hasBpmLock,bool,1.0,1.0,0.0,measured,measured,,trueSilenceSpans is STRUCTURAL only: an added noise floor fills what was near-silent. Silence metrics are NOT assessed from this clip; raw counts are shown uncaveated only as counts.
btrack,clean_eighths,noise,snrDb=0,clean_eighths__noise_snr0db,clean_eighths__baseline,bpm.lockedBpm,float,126.048019,123.046875,3.001144,measured,measured,,trueSilenceSpans is STRUCTURAL only: an added noise floor fills what was near-silent. Silence metrics are NOT assessed from this clip; raw counts are shown uncaveated only as counts.
btrack,clean_eighths,noise,snrDb=0,clean_eighths__noise_snr0db,clean_eighths__baseline,bpm.bpmRelativeError,float,0.000381106,0.0234375,-0.023056394,measured,measured,,trueSilenceSpans is STRUCTURAL only: an added noise floor fills what was near-silent. Silence metrics are NOT assessed from this clip; raw counts are shown uncaveated only as counts.
btrack,clean_eighths,noise,snrDb=0,clean_eighths__noise_snr0db,clean_eighths__baseline,bpm.spec2pctWithin,bool,1.0,0.0,1.0,measured,measured,,trueSilenceSpans is STRUCTURAL only: an added noise floor fills what was near-silent. Silence metrics are NOT assessed from this clip; raw counts are shown uncaveated only as counts.
btrack,clean_eighths,noise,snrDb=0,clean_eighths__noise_snr0db,clean_eighths__baseline,bpm.spec2pctNormalized,float,0.0190553,1.171875,-1.1528197,measured,measured,,trueSilenceSpans is STRUCTURAL only: an added noise floor fills what was near-silent. Silence metrics are NOT assessed from this clip; raw counts are shown uncaveated only as counts.
btrack,clean_eighths,noise,snrDb=0,clean_eighths__noise_snr0db,clean_eighths__baseline,halfDouble.halfTimeLock,bool,0.0,0.0,0.0,measured,measured,,trueSilenceSpans is STRUCTURAL only: an added noise floor fills what was near-silent. Silence metrics are NOT assessed from this clip; raw counts are shown uncaveated only as counts.
btrack,clean_eighths,noise,snrDb=0,clean_eighths__noise_snr0db,clean_eighths__baseline,halfDouble.doubleTimeLock,bool,0.0,0.0,0.0,measured,measured,,trueSilenceSpans is STRUCTURAL only: an added noise floor fills what was near-silent. Silence metrics are NOT assessed from this clip; raw counts are shown uncaveated only as counts.
btrack,clean_eighths,noise,snrDb=0,clean_eighths__noise_snr0db,clean_eighths__baseline,halfDouble.halfDoubleTimeError,bool,0.0,0.0,0.0,measured,measured,,trueSilenceSpans is STRUCTURAL only: an added noise floor fills what was near-silent. Silence metrics are NOT assessed from this clip; raw counts are shown uncaveated only as counts.
btrack,clean_eighths,noise,snrDb=0,clean_eighths__noise_snr0db,clean_eighths__baseline,silence.trueSilenceMeasured,bool,1.0,1.0,0.0,measured,measured,,trueSilenceSpans is STRUCTURAL only: an added noise floor fills what was near-silent. Silence metrics are NOT assessed from this clip; raw counts are shown uncaveated only as counts.
btrack,clean_eighths,noise,snrDb=0,clean_eighths__noise_snr0db,clean_eighths__baseline,silence.falseBeatCoverage,str,Measured,Measured,,measured,measured,,trueSilenceSpans is STRUCTURAL only: an added noise floor fills what was near-silent. Silence metrics are NOT assessed from this clip; raw counts are shown uncaveated only as counts.
btrack,clean_eighths,noise,snrDb=0,clean_eighths__noise_snr0db,clean_eighths__baseline,silence.falseBeatsInTrueSilence,int,0.0,0.0,,not_assessed_noise,measured,noise floor makes structural trueSilenceSpans unusable for a silence assessment,trueSilenceSpans is STRUCTURAL only: an added noise floor fills what was near-silent. Silence metrics are NOT assessed from this clip; raw counts are shown uncaveated only as counts.
btrack,clean_eighths,noise,snrDb=0,clean_eighths__noise_snr0db,clean_eighths__baseline,silence.falseBeatsInTrueSilencePerSecond,float,0.0,0.0,,not_assessed_noise,measured,noise floor makes structural trueSilenceSpans unusable for a silence assessment,trueSilenceSpans is STRUCTURAL only: an added noise floor fills what was near-silent. Silence metrics are NOT assessed from this clip; raw counts are shown uncaveated only as counts.
btrack,clean_eighths,noise,snrDb=0,clean_eighths__noise_snr0db,clean_eighths__baseline,silence.maxSilenceTempoIncreaseBpm,float,,,,missing,missing,requires silenceAccelerationMeasured,trueSilenceSpans is STRUCTURAL only: an added noise floor fills what was near-silent. Silence metrics are NOT assessed from this clip; raw counts are shown uncaveated only as counts.
btrack,clean_eighths,noise,snrDb=0,clean_eighths__noise_snr0db,clean_eighths__baseline,silence.falseBeatsInUnplayedBeatWindowsPerSecond,float,0.0,0.0,0.0,measured,measured,,trueSilenceSpans is STRUCTURAL only: an added noise floor fills what was near-silent. Silence metrics are NOT assessed from this clip; raw counts are shown uncaveated only as counts.
btrack,clean_eighths,noise,snrDb=0,clean_eighths__noise_snr0db,clean_eighths__baseline,silence.falseBeatsOffGridInUnplayedBeatWindowsPerSecond,float,0.0,0.0,0.0,measured,measured,,trueSilenceSpans is STRUCTURAL only: an added noise floor fills what was near-silent. Silence metrics are NOT assessed from this clip; raw counts are shown uncaveated only as counts.
btrack,clean_eighths,noise,snrDb=0,clean_eighths__noise_snr0db,clean_eighths__baseline,timing.beatsReportedByBackend,int,9.0,9.0,0.0,measured,measured,,trueSilenceSpans is STRUCTURAL only: an added noise floor fills what was near-silent. Silence metrics are NOT assessed from this clip; raw counts are shown uncaveated only as counts.
btrack,clean_eighths,noise,snrDb=0,clean_eighths__noise_snr0db,clean_eighths__baseline,timing.beatsStampAtBlockStart,int,0.0,0.0,0.0,measured,measured,,trueSilenceSpans is STRUCTURAL only: an added noise floor fills what was near-silent. Silence metrics are NOT assessed from this clip; raw counts are shown uncaveated only as counts.
btrack,clean_eighths,noise,snrDb=0,clean_eighths__noise_snr0db,clean_eighths__baseline,timing.beatsRejectedNonCausal,int,0.0,0.0,0.0,measured,measured,,trueSilenceSpans is STRUCTURAL only: an added noise floor fills what was near-silent. Silence metrics are NOT assessed from this clip; raw counts are shown uncaveated only as counts.
btrack,clean_eighths,noise,snrDb=0,clean_eighths__noise_snr0db,clean_eighths__baseline,timing.rateMismatchBlocks,int,0.0,0.0,0.0,measured,measured,,trueSilenceSpans is STRUCTURAL only: an added noise floor fills what was near-silent. Silence metrics are NOT assessed from this clip; raw counts are shown uncaveated only as counts.
btrack,clean_eighths,noise,snrDb=0,clean_eighths__noise_snr0db,clean_eighths__baseline,timing.causalAvailabilityMeanSeconds,float,0.013226852,0.012523148,0.000703704,measured,measured,,trueSilenceSpans is STRUCTURAL only: an added noise floor fills what was near-silent. Silence metrics are NOT assessed from this clip; raw counts are shown uncaveated only as counts.
btrack,clean_eighths,noise,snrDb=0,clean_eighths__noise_snr0db,clean_eighths__baseline,timing.causalAvailabilityMaxSeconds,float,0.013916667,0.014125,-0.000208333,measured,measured,,trueSilenceSpans is STRUCTURAL only: an added noise floor fills what was near-silent. Silence metrics are NOT assessed from this clip; raw counts are shown uncaveated only as counts.
btrack,clean_eighths,noise,snrDb=0,clean_eighths__noise_snr0db,clean_eighths__baseline,phase.phaseMeasured,bool,1.0,1.0,0.0,measured,measured,,trueSilenceSpans is STRUCTURAL only: an added noise floor fills what was near-silent. Silence metrics are NOT assessed from this clip; raw counts are shown uncaveated only as counts.
btrack,clean_eighths,noise,snrDb=0,clean_eighths__noise_snr0db,clean_eighths__baseline,phase.phaseMeanMs,float,-14.6733632,-11.0259354,-3.6474278,measured,measured,,trueSilenceSpans is STRUCTURAL only: an added noise floor fills what was near-silent. Silence metrics are NOT assessed from this clip; raw counts are shown uncaveated only as counts.
btrack,clean_eighths,noise,snrDb=0,clean_eighths__noise_snr0db,clean_eighths__baseline,phase.phaseMeanAbsMs,float,14.6733632,13.3932823,1.2800809,measured,measured,,trueSilenceSpans is STRUCTURAL only: an added noise floor fills what was near-silent. Silence metrics are NOT assessed from this clip; raw counts are shown uncaveated only as counts.
btrack,clean_eighths,noise,snrDb=0,clean_eighths__noise_snr0db,clean_eighths__baseline,phase.phaseP50AbsMs,float,14.7529767,3.14881,11.6041667,measured,measured,,trueSilenceSpans is STRUCTURAL only: an added noise floor fills what was near-silent. Silence metrics are NOT assessed from this clip; raw counts are shown uncaveated only as counts.
btrack,clean_eighths,noise,snrDb=0,clean_eighths__noise_snr0db,clean_eighths__baseline,phase.phaseP95AbsMs,float,26.017857,48.315476,-22.297619,measured,measured,,trueSilenceSpans is STRUCTURAL only: an added noise floor fills what was near-silent. Silence metrics are NOT assessed from this clip; raw counts are shown uncaveated only as counts.
btrack,clean_eighths,noise,snrDb=0,clean_eighths__noise_snr0db,clean_eighths__baseline,ramp.hasRamp,bool,0.0,0.0,0.0,measured,measured,,trueSilenceSpans is STRUCTURAL only: an added noise floor fills what was near-silent. Silence metrics are NOT assessed from this clip; raw counts are shown uncaveated only as counts.
btrack,clean_eighths,noise,snrDb=0,clean_eighths__noise_snr0db,clean_eighths__baseline,ramp.rampLocalTempoRelErrorMean,float,,,,missing,missing,requires hasRamp,trueSilenceSpans is STRUCTURAL only: an added noise floor fills what was near-silent. Silence metrics are NOT assessed from this clip; raw counts are shown uncaveated only as counts.
btrack,clean_eighths,noise,snrDb=0,clean_eighths__noise_snr0db,clean_eighths__baseline,ramp.rampLocalTempoRelErrorWorst,float,,,,missing,missing,requires hasRamp,trueSilenceSpans is STRUCTURAL only: an added noise floor fills what was near-silent. Silence metrics are NOT assessed from this clip; raw counts are shown uncaveated only as counts.
btrack,clean_eighths,noise,snrDb=0,clean_eighths__noise_snr0db,clean_eighths__baseline,syncopation.hasSyncopation,bool,0.0,0.0,0.0,measured,measured,,trueSilenceSpans is STRUCTURAL only: an added noise floor fills what was near-silent. Silence metrics are NOT assessed from this clip; raw counts are shown uncaveated only as counts.
btrack,clean_eighths,noise,snrDb=0,clean_eighths__noise_snr0db,clean_eighths__baseline,syncopation.syncopationMaxStepFraction,float,,,,missing,missing,requires hasSyncopation,trueSilenceSpans is STRUCTURAL only: an added noise floor fills what was near-silent. Silence metrics are NOT assessed from this clip; raw counts are shown uncaveated only as counts.
btrack,clean_eighths,noise,snrDb=0,clean_eighths__noise_snr0db,clean_eighths__baseline,syncopation.syncopationMaxDeviationFraction,float,,,,missing,missing,requires hasSyncopation,trueSilenceSpans is STRUCTURAL only: an added noise floor fills what was near-silent. Silence metrics are NOT assessed from this clip; raw counts are shown uncaveated only as counts.
btrack,clean_eighths,noise,snrDb=0,clean_eighths__noise_snr0db,clean_eighths__baseline,resources.cpuSeconds,float,0.038504,0.036475,0.002029,measured,measured,,trueSilenceSpans is STRUCTURAL only: an added noise floor fills what was near-silent. Silence metrics are NOT assessed from this clip; raw counts are shown uncaveated only as counts.
btrack,clean_eighths,noise,snrDb=0,clean_eighths__noise_snr0db,clean_eighths__baseline,resources.allocationCount,int,1481.0,1481.0,0.0,measured,measured,,trueSilenceSpans is STRUCTURAL only: an added noise floor fills what was near-silent. Silence metrics are NOT assessed from this clip; raw counts are shown uncaveated only as counts.
btrack,clean_eighths,noise,snrDb=10,clean_eighths__noise_snr10db,clean_eighths__baseline,detection.predictedBeats,int,9.0,9.0,0.0,measured,measured,,trueSilenceSpans is STRUCTURAL only: an added noise floor fills what was near-silent. Silence metrics are NOT assessed from this clip; raw counts are shown uncaveated only as counts.
btrack,clean_eighths,noise,snrDb=10,clean_eighths__noise_snr10db,clean_eighths__baseline,detection.truePositives,int,6.0,7.0,-1.0,measured,measured,,trueSilenceSpans is STRUCTURAL only: an added noise floor fills what was near-silent. Silence metrics are NOT assessed from this clip; raw counts are shown uncaveated only as counts.
btrack,clean_eighths,noise,snrDb=10,clean_eighths__noise_snr10db,clean_eighths__baseline,detection.falsePositives,int,3.0,2.0,1.0,measured,measured,,trueSilenceSpans is STRUCTURAL only: an added noise floor fills what was near-silent. Silence metrics are NOT assessed from this clip; raw counts are shown uncaveated only as counts.
btrack,clean_eighths,noise,snrDb=10,clean_eighths__noise_snr10db,clean_eighths__baseline,detection.falseNegatives,int,4.0,3.0,1.0,measured,measured,,trueSilenceSpans is STRUCTURAL only: an added noise floor fills what was near-silent. Silence metrics are NOT assessed from this clip; raw counts are shown uncaveated only as counts.
btrack,clean_eighths,noise,snrDb=10,clean_eighths__noise_snr10db,clean_eighths__baseline,detection.precision,float,0.666666667,0.777777778,-0.111111111,measured,measured,,trueSilenceSpans is STRUCTURAL only: an added noise floor fills what was near-silent. Silence metrics are NOT assessed from this clip; raw counts are shown uncaveated only as counts.
btrack,clean_eighths,noise,snrDb=10,clean_eighths__noise_snr10db,clean_eighths__baseline,detection.recall,float,0.6,0.7,-0.1,measured,measured,,trueSilenceSpans is STRUCTURAL only: an added noise floor fills what was near-silent. Silence metrics are NOT assessed from this clip; raw counts are shown uncaveated only as counts.
btrack,clean_eighths,noise,snrDb=10,clean_eighths__noise_snr10db,clean_eighths__baseline,detection.fMeasure,float,0.631578947,0.736842105,-0.105263158,measured,measured,,trueSilenceSpans is STRUCTURAL only: an added noise floor fills what was near-silent. Silence metrics are NOT assessed from this clip; raw counts are shown uncaveated only as counts.
btrack,clean_eighths,noise,snrDb=10,clean_eighths__noise_snr10db,clean_eighths__baseline,acquisition.acquired,bool,0.0,0.0,0.0,measured,measured,,trueSilenceSpans is STRUCTURAL only: an added noise floor fills what was near-silent. Silence metrics are NOT assessed from this clip; raw counts are shown uncaveated only as counts.
btrack,clean_eighths,noise,snrDb=10,clean_eighths__noise_snr10db,clean_eighths__baseline,acquisition.acquisitionBars,float,,,,missing,missing,requires acquired,trueSilenceSpans is STRUCTURAL only: an added noise floor fills what was near-silent. Silence metrics are NOT assessed from this clip; raw counts are shown uncaveated only as counts.
btrack,clean_eighths,noise,snrDb=10,clean_eighths__noise_snr10db,clean_eighths__baseline,acquisition.acquisitionSeconds,float,,,,missing,missing,requires acquired,trueSilenceSpans is STRUCTURAL only: an added noise floor fills what was near-silent. Silence metrics are NOT assessed from this clip; raw counts are shown uncaveated only as counts.
btrack,clean_eighths,noise,snrDb=10,clean_eighths__noise_snr10db,clean_eighths__baseline,acquisition.acquisitionBeats,float,,,,missing,missing,requires acquired,trueSilenceSpans is STRUCTURAL only: an added noise floor fills what was near-silent. Silence metrics are NOT assessed from this clip; raw counts are shown uncaveated only as counts.
btrack,clean_eighths,noise,snrDb=10,clean_eighths__noise_snr10db,clean_eighths__baseline,bpm.hasBpmLock,bool,1.0,1.0,0.0,measured,measured,,trueSilenceSpans is STRUCTURAL only: an added noise floor fills what was near-silent. Silence metrics are NOT assessed from this clip; raw counts are shown uncaveated only as counts.
btrack,clean_eighths,noise,snrDb=10,clean_eighths__noise_snr10db,clean_eighths__baseline,bpm.lockedBpm,float,123.046875,123.046875,0.0,measured,measured,,trueSilenceSpans is STRUCTURAL only: an added noise floor fills what was near-silent. Silence metrics are NOT assessed from this clip; raw counts are shown uncaveated only as counts.
btrack,clean_eighths,noise,snrDb=10,clean_eighths__noise_snr10db,clean_eighths__baseline,bpm.bpmRelativeError,float,0.0234375,0.0234375,0.0,measured,measured,,trueSilenceSpans is STRUCTURAL only: an added noise floor fills what was near-silent. Silence metrics are NOT assessed from this clip; raw counts are shown uncaveated only as counts.
btrack,clean_eighths,noise,snrDb=10,clean_eighths__noise_snr10db,clean_eighths__baseline,bpm.spec2pctWithin,bool,0.0,0.0,0.0,measured,measured,,trueSilenceSpans is STRUCTURAL only: an added noise floor fills what was near-silent. Silence metrics are NOT assessed from this clip; raw counts are shown uncaveated only as counts.
btrack,clean_eighths,noise,snrDb=10,clean_eighths__noise_snr10db,clean_eighths__baseline,bpm.spec2pctNormalized,float,1.171875,1.171875,0.0,measured,measured,,trueSilenceSpans is STRUCTURAL only: an added noise floor fills what was near-silent. Silence metrics are NOT assessed from this clip; raw counts are shown uncaveated only as counts.
btrack,clean_eighths,noise,snrDb=10,clean_eighths__noise_snr10db,clean_eighths__baseline,halfDouble.halfTimeLock,bool,0.0,0.0,0.0,measured,measured,,trueSilenceSpans is STRUCTURAL only: an added noise floor fills what was near-silent. Silence metrics are NOT assessed from this clip; raw counts are shown uncaveated only as counts.
btrack,clean_eighths,noise,snrDb=10,clean_eighths__noise_snr10db,clean_eighths__baseline,halfDouble.doubleTimeLock,bool,0.0,0.0,0.0,measured,measured,,trueSilenceSpans is STRUCTURAL only: an added noise floor fills what was near-silent. Silence metrics are NOT assessed from this clip; raw counts are shown uncaveated only as counts.
btrack,clean_eighths,noise,snrDb=10,clean_eighths__noise_snr10db,clean_eighths__baseline,halfDouble.halfDoubleTimeError,bool,0.0,0.0,0.0,measured,measured,,trueSilenceSpans is STRUCTURAL only: an added noise floor fills what was near-silent. Silence metrics are NOT assessed from this clip; raw counts are shown uncaveated only as counts.
btrack,clean_eighths,noise,snrDb=10,clean_eighths__noise_snr10db,clean_eighths__baseline,silence.trueSilenceMeasured,bool,1.0,1.0,0.0,measured,measured,,trueSilenceSpans is STRUCTURAL only: an added noise floor fills what was near-silent. Silence metrics are NOT assessed from this clip; raw counts are shown uncaveated only as counts.
btrack,clean_eighths,noise,snrDb=10,clean_eighths__noise_snr10db,clean_eighths__baseline,silence.falseBeatCoverage,str,Measured,Measured,,measured,measured,,trueSilenceSpans is STRUCTURAL only: an added noise floor fills what was near-silent. Silence metrics are NOT assessed from this clip; raw counts are shown uncaveated only as counts.
btrack,clean_eighths,noise,snrDb=10,clean_eighths__noise_snr10db,clean_eighths__baseline,silence.falseBeatsInTrueSilence,int,0.0,0.0,,not_assessed_noise,measured,noise floor makes structural trueSilenceSpans unusable for a silence assessment,trueSilenceSpans is STRUCTURAL only: an added noise floor fills what was near-silent. Silence metrics are NOT assessed from this clip; raw counts are shown uncaveated only as counts.
btrack,clean_eighths,noise,snrDb=10,clean_eighths__noise_snr10db,clean_eighths__baseline,silence.falseBeatsInTrueSilencePerSecond,float,0.0,0.0,,not_assessed_noise,measured,noise floor makes structural trueSilenceSpans unusable for a silence assessment,trueSilenceSpans is STRUCTURAL only: an added noise floor fills what was near-silent. Silence metrics are NOT assessed from this clip; raw counts are shown uncaveated only as counts.
btrack,clean_eighths,noise,snrDb=10,clean_eighths__noise_snr10db,clean_eighths__baseline,silence.maxSilenceTempoIncreaseBpm,float,,,,missing,missing,requires silenceAccelerationMeasured,trueSilenceSpans is STRUCTURAL only: an added noise floor fills what was near-silent. Silence metrics are NOT assessed from this clip; raw counts are shown uncaveated only as counts.
btrack,clean_eighths,noise,snrDb=10,clean_eighths__noise_snr10db,clean_eighths__baseline,silence.falseBeatsInUnplayedBeatWindowsPerSecond,float,0.0,0.0,0.0,measured,measured,,trueSilenceSpans is STRUCTURAL only: an added noise floor fills what was near-silent. Silence metrics are NOT assessed from this clip; raw counts are shown uncaveated only as counts.
btrack,clean_eighths,noise,snrDb=10,clean_eighths__noise_snr10db,clean_eighths__baseline,silence.falseBeatsOffGridInUnplayedBeatWindowsPerSecond,float,0.0,0.0,0.0,measured,measured,,trueSilenceSpans is STRUCTURAL only: an added noise floor fills what was near-silent. Silence metrics are NOT assessed from this clip; raw counts are shown uncaveated only as counts.
btrack,clean_eighths,noise,snrDb=10,clean_eighths__noise_snr10db,clean_eighths__baseline,timing.beatsReportedByBackend,int,9.0,9.0,0.0,measured,measured,,trueSilenceSpans is STRUCTURAL only: an added noise floor fills what was near-silent. Silence metrics are NOT assessed from this clip; raw counts are shown uncaveated only as counts.
btrack,clean_eighths,noise,snrDb=10,clean_eighths__noise_snr10db,clean_eighths__baseline,timing.beatsStampAtBlockStart,int,0.0,0.0,0.0,measured,measured,,trueSilenceSpans is STRUCTURAL only: an added noise floor fills what was near-silent. Silence metrics are NOT assessed from this clip; raw counts are shown uncaveated only as counts.
btrack,clean_eighths,noise,snrDb=10,clean_eighths__noise_snr10db,clean_eighths__baseline,timing.beatsRejectedNonCausal,int,0.0,0.0,0.0,measured,measured,,trueSilenceSpans is STRUCTURAL only: an added noise floor fills what was near-silent. Silence metrics are NOT assessed from this clip; raw counts are shown uncaveated only as counts.
btrack,clean_eighths,noise,snrDb=10,clean_eighths__noise_snr10db,clean_eighths__baseline,timing.rateMismatchBlocks,int,0.0,0.0,0.0,measured,measured,,trueSilenceSpans is STRUCTURAL only: an added noise floor fills what was near-silent. Silence metrics are NOT assessed from this clip; raw counts are shown uncaveated only as counts.
btrack,clean_eighths,noise,snrDb=10,clean_eighths__noise_snr10db,clean_eighths__baseline,timing.causalAvailabilityMeanSeconds,float,0.012953704,0.012523148,0.000430556,measured,measured,,trueSilenceSpans is STRUCTURAL only: an added noise floor fills what was near-silent. Silence metrics are NOT assessed from this clip; raw counts are shown uncaveated only as counts.
btrack,clean_eighths,noise,snrDb=10,clean_eighths__noise_snr10db,clean_eighths__baseline,timing.causalAvailabilityMaxSeconds,float,0.0139375,0.014125,-0.0001875,measured,measured,,trueSilenceSpans is STRUCTURAL only: an added noise floor fills what was near-silent. Silence metrics are NOT assessed from this clip; raw counts are shown uncaveated only as counts.
btrack,clean_eighths,noise,snrDb=10,clean_eighths__noise_snr10db,clean_eighths__baseline,phase.phaseMeasured,bool,1.0,1.0,0.0,measured,measured,,trueSilenceSpans is STRUCTURAL only: an added noise floor fills what was near-silent. Silence metrics are NOT assessed from this clip; raw counts are shown uncaveated only as counts.
btrack,clean_eighths,noise,snrDb=10,clean_eighths__noise_snr10db,clean_eighths__baseline,phase.phaseMeanMs,float,-8.68253978,-11.0259354,2.34339562,measured,measured,,trueSilenceSpans is STRUCTURAL only: an added noise floor fills what was near-silent. Silence metrics are NOT assessed from this clip; raw counts are shown uncaveated only as counts.
btrack,clean_eighths,noise,snrDb=10,clean_eighths__noise_snr10db,clean_eighths__baseline,phase.phaseMeanAbsMs,float,11.4444444,13.3932823,-1.9488379,measured,measured,,trueSilenceSpans is STRUCTURAL only: an added noise floor fills what was near-silent. Silence metrics are NOT assessed from this clip; raw counts are shown uncaveated only as counts.
btrack,clean_eighths,noise,snrDb=10,clean_eighths__noise_snr10db,clean_eighths__baseline,phase.phaseP50AbsMs,float,14.2232143,3.14881,11.0744043,measured,measured,,trueSilenceSpans is STRUCTURAL only: an added noise floor fills what was near-silent. Silence metrics are NOT assessed from this clip; raw counts are shown uncaveated only as counts.
btrack,clean_eighths,noise,snrDb=10,clean_eighths__noise_snr10db,clean_eighths__baseline,phase.phaseP95AbsMs,float,14.583333,48.315476,-33.732143,measured,measured,,trueSilenceSpans is STRUCTURAL only: an added noise floor fills what was near-silent. Silence metrics are NOT assessed from this clip; raw counts are shown uncaveated only as counts.
btrack,clean_eighths,noise,snrDb=10,clean_eighths__noise_snr10db,clean_eighths__baseline,ramp.hasRamp,bool,0.0,0.0,0.0,measured,measured,,trueSilenceSpans is STRUCTURAL only: an added noise floor fills what was near-silent. Silence metrics are NOT assessed from this clip; raw counts are shown uncaveated only as counts.
btrack,clean_eighths,noise,snrDb=10,clean_eighths__noise_snr10db,clean_eighths__baseline,ramp.rampLocalTempoRelErrorMean,float,,,,missing,missing,requires hasRamp,trueSilenceSpans is STRUCTURAL only: an added noise floor fills what was near-silent. Silence metrics are NOT assessed from this clip; raw counts are shown uncaveated only as counts.
btrack,clean_eighths,noise,snrDb=10,clean_eighths__noise_snr10db,clean_eighths__baseline,ramp.rampLocalTempoRelErrorWorst,float,,,,missing,missing,requires hasRamp,trueSilenceSpans is STRUCTURAL only: an added noise floor fills what was near-silent. Silence metrics are NOT assessed from this clip; raw counts are shown uncaveated only as counts.
btrack,clean_eighths,noise,snrDb=10,clean_eighths__noise_snr10db,clean_eighths__baseline,syncopation.hasSyncopation,bool,0.0,0.0,0.0,measured,measured,,trueSilenceSpans is STRUCTURAL only: an added noise floor fills what was near-silent. Silence metrics are NOT assessed from this clip; raw counts are shown uncaveated only as counts.
btrack,clean_eighths,noise,snrDb=10,clean_eighths__noise_snr10db,clean_eighths__baseline,syncopation.syncopationMaxStepFraction,float,,,,missing,missing,requires hasSyncopation,trueSilenceSpans is STRUCTURAL only: an added noise floor fills what was near-silent. Silence metrics are NOT assessed from this clip; raw counts are shown uncaveated only as counts.
btrack,clean_eighths,noise,snrDb=10,clean_eighths__noise_snr10db,clean_eighths__baseline,syncopation.syncopationMaxDeviationFraction,float,,,,missing,missing,requires hasSyncopation,trueSilenceSpans is STRUCTURAL only: an added noise floor fills what was near-silent. Silence metrics are NOT assessed from this clip; raw counts are shown uncaveated only as counts.
btrack,clean_eighths,noise,snrDb=10,clean_eighths__noise_snr10db,clean_eighths__baseline,resources.cpuSeconds,float,0.036951,0.036475,0.000476,measured,measured,,trueSilenceSpans is STRUCTURAL only: an added noise floor fills what was near-silent. Silence metrics are NOT assessed from this clip; raw counts are shown uncaveated only as counts.
btrack,clean_eighths,noise,snrDb=10,clean_eighths__noise_snr10db,clean_eighths__baseline,resources.allocationCount,int,1481.0,1481.0,0.0,measured,measured,,trueSilenceSpans is STRUCTURAL only: an added noise floor fills what was near-silent. Silence metrics are NOT assessed from this clip; raw counts are shown uncaveated only as counts.
btrack,clean_eighths,noise,snrDb=20,clean_eighths__noise_snr20db,clean_eighths__baseline,detection.predictedBeats,int,9.0,9.0,0.0,measured,measured,,trueSilenceSpans is STRUCTURAL only: an added noise floor fills what was near-silent. Silence metrics are NOT assessed from this clip; raw counts are shown uncaveated only as counts.
btrack,clean_eighths,noise,snrDb=20,clean_eighths__noise_snr20db,clean_eighths__baseline,detection.truePositives,int,6.0,7.0,-1.0,measured,measured,,trueSilenceSpans is STRUCTURAL only: an added noise floor fills what was near-silent. Silence metrics are NOT assessed from this clip; raw counts are shown uncaveated only as counts.
btrack,clean_eighths,noise,snrDb=20,clean_eighths__noise_snr20db,clean_eighths__baseline,detection.falsePositives,int,3.0,2.0,1.0,measured,measured,,trueSilenceSpans is STRUCTURAL only: an added noise floor fills what was near-silent. Silence metrics are NOT assessed from this clip; raw counts are shown uncaveated only as counts.
btrack,clean_eighths,noise,snrDb=20,clean_eighths__noise_snr20db,clean_eighths__baseline,detection.falseNegatives,int,4.0,3.0,1.0,measured,measured,,trueSilenceSpans is STRUCTURAL only: an added noise floor fills what was near-silent. Silence metrics are NOT assessed from this clip; raw counts are shown uncaveated only as counts.
btrack,clean_eighths,noise,snrDb=20,clean_eighths__noise_snr20db,clean_eighths__baseline,detection.precision,float,0.666666667,0.777777778,-0.111111111,measured,measured,,trueSilenceSpans is STRUCTURAL only: an added noise floor fills what was near-silent. Silence metrics are NOT assessed from this clip; raw counts are shown uncaveated only as counts.
btrack,clean_eighths,noise,snrDb=20,clean_eighths__noise_snr20db,clean_eighths__baseline,detection.recall,float,0.6,0.7,-0.1,measured,measured,,trueSilenceSpans is STRUCTURAL only: an added noise floor fills what was near-silent. Silence metrics are NOT assessed from this clip; raw counts are shown uncaveated only as counts.
btrack,clean_eighths,noise,snrDb=20,clean_eighths__noise_snr20db,clean_eighths__baseline,detection.fMeasure,float,0.631578947,0.736842105,-0.105263158,measured,measured,,trueSilenceSpans is STRUCTURAL only: an added noise floor fills what was near-silent. Silence metrics are NOT assessed from this clip; raw counts are shown uncaveated only as counts.
btrack,clean_eighths,noise,snrDb=20,clean_eighths__noise_snr20db,clean_eighths__baseline,acquisition.acquired,bool,0.0,0.0,0.0,measured,measured,,trueSilenceSpans is STRUCTURAL only: an added noise floor fills what was near-silent. Silence metrics are NOT assessed from this clip; raw counts are shown uncaveated only as counts.
btrack,clean_eighths,noise,snrDb=20,clean_eighths__noise_snr20db,clean_eighths__baseline,acquisition.acquisitionBars,float,,,,missing,missing,requires acquired,trueSilenceSpans is STRUCTURAL only: an added noise floor fills what was near-silent. Silence metrics are NOT assessed from this clip; raw counts are shown uncaveated only as counts.
btrack,clean_eighths,noise,snrDb=20,clean_eighths__noise_snr20db,clean_eighths__baseline,acquisition.acquisitionSeconds,float,,,,missing,missing,requires acquired,trueSilenceSpans is STRUCTURAL only: an added noise floor fills what was near-silent. Silence metrics are NOT assessed from this clip; raw counts are shown uncaveated only as counts.
btrack,clean_eighths,noise,snrDb=20,clean_eighths__noise_snr20db,clean_eighths__baseline,acquisition.acquisitionBeats,float,,,,missing,missing,requires acquired,trueSilenceSpans is STRUCTURAL only: an added noise floor fills what was near-silent. Silence metrics are NOT assessed from this clip; raw counts are shown uncaveated only as counts.
btrack,clean_eighths,noise,snrDb=20,clean_eighths__noise_snr20db,clean_eighths__baseline,bpm.hasBpmLock,bool,1.0,1.0,0.0,measured,measured,,trueSilenceSpans is STRUCTURAL only: an added noise floor fills what was near-silent. Silence metrics are NOT assessed from this clip; raw counts are shown uncaveated only as counts.
btrack,clean_eighths,noise,snrDb=20,clean_eighths__noise_snr20db,clean_eighths__baseline,bpm.lockedBpm,float,123.046875,123.046875,0.0,measured,measured,,trueSilenceSpans is STRUCTURAL only: an added noise floor fills what was near-silent. Silence metrics are NOT assessed from this clip; raw counts are shown uncaveated only as counts.
btrack,clean_eighths,noise,snrDb=20,clean_eighths__noise_snr20db,clean_eighths__baseline,bpm.bpmRelativeError,float,0.0234375,0.0234375,0.0,measured,measured,,trueSilenceSpans is STRUCTURAL only: an added noise floor fills what was near-silent. Silence metrics are NOT assessed from this clip; raw counts are shown uncaveated only as counts.
btrack,clean_eighths,noise,snrDb=20,clean_eighths__noise_snr20db,clean_eighths__baseline,bpm.spec2pctWithin,bool,0.0,0.0,0.0,measured,measured,,trueSilenceSpans is STRUCTURAL only: an added noise floor fills what was near-silent. Silence metrics are NOT assessed from this clip; raw counts are shown uncaveated only as counts.
btrack,clean_eighths,noise,snrDb=20,clean_eighths__noise_snr20db,clean_eighths__baseline,bpm.spec2pctNormalized,float,1.171875,1.171875,0.0,measured,measured,,trueSilenceSpans is STRUCTURAL only: an added noise floor fills what was near-silent. Silence metrics are NOT assessed from this clip; raw counts are shown uncaveated only as counts.
btrack,clean_eighths,noise,snrDb=20,clean_eighths__noise_snr20db,clean_eighths__baseline,halfDouble.halfTimeLock,bool,0.0,0.0,0.0,measured,measured,,trueSilenceSpans is STRUCTURAL only: an added noise floor fills what was near-silent. Silence metrics are NOT assessed from this clip; raw counts are shown uncaveated only as counts.
btrack,clean_eighths,noise,snrDb=20,clean_eighths__noise_snr20db,clean_eighths__baseline,halfDouble.doubleTimeLock,bool,0.0,0.0,0.0,measured,measured,,trueSilenceSpans is STRUCTURAL only: an added noise floor fills what was near-silent. Silence metrics are NOT assessed from this clip; raw counts are shown uncaveated only as counts.
btrack,clean_eighths,noise,snrDb=20,clean_eighths__noise_snr20db,clean_eighths__baseline,halfDouble.halfDoubleTimeError,bool,0.0,0.0,0.0,measured,measured,,trueSilenceSpans is STRUCTURAL only: an added noise floor fills what was near-silent. Silence metrics are NOT assessed from this clip; raw counts are shown uncaveated only as counts.
btrack,clean_eighths,noise,snrDb=20,clean_eighths__noise_snr20db,clean_eighths__baseline,silence.trueSilenceMeasured,bool,1.0,1.0,0.0,measured,measured,,trueSilenceSpans is STRUCTURAL only: an added noise floor fills what was near-silent. Silence metrics are NOT assessed from this clip; raw counts are shown uncaveated only as counts.
btrack,clean_eighths,noise,snrDb=20,clean_eighths__noise_snr20db,clean_eighths__baseline,silence.falseBeatCoverage,str,Measured,Measured,,measured,measured,,trueSilenceSpans is STRUCTURAL only: an added noise floor fills what was near-silent. Silence metrics are NOT assessed from this clip; raw counts are shown uncaveated only as counts.
btrack,clean_eighths,noise,snrDb=20,clean_eighths__noise_snr20db,clean_eighths__baseline,silence.falseBeatsInTrueSilence,int,0.0,0.0,,not_assessed_noise,measured,noise floor makes structural trueSilenceSpans unusable for a silence assessment,trueSilenceSpans is STRUCTURAL only: an added noise floor fills what was near-silent. Silence metrics are NOT assessed from this clip; raw counts are shown uncaveated only as counts.
btrack,clean_eighths,noise,snrDb=20,clean_eighths__noise_snr20db,clean_eighths__baseline,silence.falseBeatsInTrueSilencePerSecond,float,0.0,0.0,,not_assessed_noise,measured,noise floor makes structural trueSilenceSpans unusable for a silence assessment,trueSilenceSpans is STRUCTURAL only: an added noise floor fills what was near-silent. Silence metrics are NOT assessed from this clip; raw counts are shown uncaveated only as counts.
btrack,clean_eighths,noise,snrDb=20,clean_eighths__noise_snr20db,clean_eighths__baseline,silence.maxSilenceTempoIncreaseBpm,float,,,,missing,missing,requires silenceAccelerationMeasured,trueSilenceSpans is STRUCTURAL only: an added noise floor fills what was near-silent. Silence metrics are NOT assessed from this clip; raw counts are shown uncaveated only as counts.
btrack,clean_eighths,noise,snrDb=20,clean_eighths__noise_snr20db,clean_eighths__baseline,silence.falseBeatsInUnplayedBeatWindowsPerSecond,float,0.0,0.0,0.0,measured,measured,,trueSilenceSpans is STRUCTURAL only: an added noise floor fills what was near-silent. Silence metrics are NOT assessed from this clip; raw counts are shown uncaveated only as counts.
btrack,clean_eighths,noise,snrDb=20,clean_eighths__noise_snr20db,clean_eighths__baseline,silence.falseBeatsOffGridInUnplayedBeatWindowsPerSecond,float,0.0,0.0,0.0,measured,measured,,trueSilenceSpans is STRUCTURAL only: an added noise floor fills what was near-silent. Silence metrics are NOT assessed from this clip; raw counts are shown uncaveated only as counts.
btrack,clean_eighths,noise,snrDb=20,clean_eighths__noise_snr20db,clean_eighths__baseline,timing.beatsReportedByBackend,int,9.0,9.0,0.0,measured,measured,,trueSilenceSpans is STRUCTURAL only: an added noise floor fills what was near-silent. Silence metrics are NOT assessed from this clip; raw counts are shown uncaveated only as counts.
btrack,clean_eighths,noise,snrDb=20,clean_eighths__noise_snr20db,clean_eighths__baseline,timing.beatsStampAtBlockStart,int,0.0,0.0,0.0,measured,measured,,trueSilenceSpans is STRUCTURAL only: an added noise floor fills what was near-silent. Silence metrics are NOT assessed from this clip; raw counts are shown uncaveated only as counts.
btrack,clean_eighths,noise,snrDb=20,clean_eighths__noise_snr20db,clean_eighths__baseline,timing.beatsRejectedNonCausal,int,0.0,0.0,0.0,measured,measured,,trueSilenceSpans is STRUCTURAL only: an added noise floor fills what was near-silent. Silence metrics are NOT assessed from this clip; raw counts are shown uncaveated only as counts.
btrack,clean_eighths,noise,snrDb=20,clean_eighths__noise_snr20db,clean_eighths__baseline,timing.rateMismatchBlocks,int,0.0,0.0,0.0,measured,measured,,trueSilenceSpans is STRUCTURAL only: an added noise floor fills what was near-silent. Silence metrics are NOT assessed from this clip; raw counts are shown uncaveated only as counts.
btrack,clean_eighths,noise,snrDb=20,clean_eighths__noise_snr20db,clean_eighths__baseline,timing.causalAvailabilityMeanSeconds,float,0.012356482,0.012523148,-0.000166666,measured,measured,,trueSilenceSpans is STRUCTURAL only: an added noise floor fills what was near-silent. Silence metrics are NOT assessed from this clip; raw counts are shown uncaveated only as counts.
btrack,clean_eighths,noise,snrDb=20,clean_eighths__noise_snr20db,clean_eighths__baseline,timing.causalAvailabilityMaxSeconds,float,0.0139375,0.014125,-0.0001875,measured,measured,,trueSilenceSpans is STRUCTURAL only: an added noise floor fills what was near-silent. Silence metrics are NOT assessed from this clip; raw counts are shown uncaveated only as counts.
btrack,clean_eighths,noise,snrDb=20,clean_eighths__noise_snr20db,clean_eighths__baseline,phase.phaseMeasured,bool,1.0,1.0,0.0,measured,measured,,trueSilenceSpans is STRUCTURAL only: an added noise floor fills what was near-silent. Silence metrics are NOT assessed from this clip; raw counts are shown uncaveated only as counts.
btrack,clean_eighths,noise,snrDb=20,clean_eighths__noise_snr20db,clean_eighths__baseline,phase.phaseMeanMs,float,-6.748512,-11.0259354,4.2774234,measured,measured,,trueSilenceSpans is STRUCTURAL only: an added noise floor fills what was near-silent. Silence metrics are NOT assessed from this clip; raw counts are shown uncaveated only as counts.
btrack,clean_eighths,noise,snrDb=20,clean_eighths__noise_snr20db,clean_eighths__baseline,phase.phaseMeanAbsMs,float,9.51041667,13.3932823,-3.88286563,measured,measured,,trueSilenceSpans is STRUCTURAL only: an added noise floor fills what was near-silent. Silence metrics are NOT assessed from this clip; raw counts are shown uncaveated only as counts.
btrack,clean_eighths,noise,snrDb=20,clean_eighths__noise_snr20db,clean_eighths__baseline,phase.phaseP50AbsMs,float,14.0327383,3.14881,10.8839283,measured,measured,,trueSilenceSpans is STRUCTURAL only: an added noise floor fills what was near-silent. Silence metrics are NOT assessed from this clip; raw counts are shown uncaveated only as counts.
btrack,clean_eighths,noise,snrDb=20,clean_eighths__noise_snr20db,clean_eighths__baseline,phase.phaseP95AbsMs,float,14.392857,48.315476,-33.922619,measured,measured,,trueSilenceSpans is STRUCTURAL only: an added noise floor fills what was near-silent. Silence metrics are NOT assessed from this clip; raw counts are shown uncaveated only as counts.
btrack,clean_eighths,noise,snrDb=20,clean_eighths__noise_snr20db,clean_eighths__baseline,ramp.hasRamp,bool,0.0,0.0,0.0,measured,measured,,trueSilenceSpans is STRUCTURAL only: an added noise floor fills what was near-silent. Silence metrics are NOT assessed from this clip; raw counts are shown uncaveated only as counts.
btrack,clean_eighths,noise,snrDb=20,clean_eighths__noise_snr20db,clean_eighths__baseline,ramp.rampLocalTempoRelErrorMean,float,,,,missing,missing,requires hasRamp,trueSilenceSpans is STRUCTURAL only: an added noise floor fills what was near-silent. Silence metrics are NOT assessed from this clip; raw counts are shown uncaveated only as counts.
btrack,clean_eighths,noise,snrDb=20,clean_eighths__noise_snr20db,clean_eighths__baseline,ramp.rampLocalTempoRelErrorWorst,float,,,,missing,missing,requires hasRamp,trueSilenceSpans is STRUCTURAL only: an added noise floor fills what was near-silent. Silence metrics are NOT assessed from this clip; raw counts are shown uncaveated only as counts.
btrack,clean_eighths,noise,snrDb=20,clean_eighths__noise_snr20db,clean_eighths__baseline,syncopation.hasSyncopation,bool,0.0,0.0,0.0,measured,measured,,trueSilenceSpans is STRUCTURAL only: an added noise floor fills what was near-silent. Silence metrics are NOT assessed from this clip; raw counts are shown uncaveated only as counts.
btrack,clean_eighths,noise,snrDb=20,clean_eighths__noise_snr20db,clean_eighths__baseline,syncopation.syncopationMaxStepFraction,float,,,,missing,missing,requires hasSyncopation,trueSilenceSpans is STRUCTURAL only: an added noise floor fills what was near-silent. Silence metrics are NOT assessed from this clip; raw counts are shown uncaveated only as counts.
btrack,clean_eighths,noise,snrDb=20,clean_eighths__noise_snr20db,clean_eighths__baseline,syncopation.syncopationMaxDeviationFraction,float,,,,missing,missing,requires hasSyncopation,trueSilenceSpans is STRUCTURAL only: an added noise floor fills what was near-silent. Silence metrics are NOT assessed from this clip; raw counts are shown uncaveated only as counts.
btrack,clean_eighths,noise,snrDb=20,clean_eighths__noise_snr20db,clean_eighths__baseline,resources.cpuSeconds,float,0.036766,0.036475,0.000291,measured,measured,,trueSilenceSpans is STRUCTURAL only: an added noise floor fills what was near-silent. Silence metrics are NOT assessed from this clip; raw counts are shown uncaveated only as counts.
btrack,clean_eighths,noise,snrDb=20,clean_eighths__noise_snr20db,clean_eighths__baseline,resources.allocationCount,int,1481.0,1481.0,0.0,measured,measured,,trueSilenceSpans is STRUCTURAL only: an added noise floor fills what was near-silent. Silence metrics are NOT assessed from this clip; raw counts are shown uncaveated only as counts.
btrack,clean_eighths,onset_offset,offsetMs=40,clean_eighths__offset_40ms,clean_eighths__baseline,detection.predictedBeats,int,10.0,9.0,1.0,measured,measured,,Content window is shifted by a real sample delay (length preserved). Absolute detection counts are not commensurable in the same sample window.
btrack,clean_eighths,onset_offset,offsetMs=40,clean_eighths__offset_40ms,clean_eighths__baseline,detection.truePositives,int,9.0,7.0,2.0,measured,measured,,Content window is shifted by a real sample delay (length preserved). Absolute detection counts are not commensurable in the same sample window.
btrack,clean_eighths,onset_offset,offsetMs=40,clean_eighths__offset_40ms,clean_eighths__baseline,detection.falsePositives,int,1.0,2.0,-1.0,measured,measured,,Content window is shifted by a real sample delay (length preserved). Absolute detection counts are not commensurable in the same sample window.
btrack,clean_eighths,onset_offset,offsetMs=40,clean_eighths__offset_40ms,clean_eighths__baseline,detection.falseNegatives,int,1.0,3.0,-2.0,measured,measured,,Content window is shifted by a real sample delay (length preserved). Absolute detection counts are not commensurable in the same sample window.
btrack,clean_eighths,onset_offset,offsetMs=40,clean_eighths__offset_40ms,clean_eighths__baseline,detection.precision,float,0.9,0.777777778,0.122222222,measured,measured,,Content window is shifted by a real sample delay (length preserved). Absolute detection counts are not commensurable in the same sample window.
btrack,clean_eighths,onset_offset,offsetMs=40,clean_eighths__offset_40ms,clean_eighths__baseline,detection.recall,float,0.9,0.7,0.2,measured,measured,,Content window is shifted by a real sample delay (length preserved). Absolute detection counts are not commensurable in the same sample window.
btrack,clean_eighths,onset_offset,offsetMs=40,clean_eighths__offset_40ms,clean_eighths__baseline,detection.fMeasure,float,0.9,0.736842105,0.163157895,measured,measured,,Content window is shifted by a real sample delay (length preserved). Absolute detection counts are not commensurable in the same sample window.
btrack,clean_eighths,onset_offset,offsetMs=40,clean_eighths__offset_40ms,clean_eighths__baseline,acquisition.acquired,bool,0.0,0.0,0.0,measured,measured,,Content window is shifted by a real sample delay (length preserved). Absolute detection counts are not commensurable in the same sample window.
btrack,clean_eighths,onset_offset,offsetMs=40,clean_eighths__offset_40ms,clean_eighths__baseline,acquisition.acquisitionBars,float,,,,missing,missing,requires acquired,Content window is shifted by a real sample delay (length preserved). Absolute detection counts are not commensurable in the same sample window.
btrack,clean_eighths,onset_offset,offsetMs=40,clean_eighths__offset_40ms,clean_eighths__baseline,acquisition.acquisitionSeconds,float,,,,missing,missing,requires acquired,Content window is shifted by a real sample delay (length preserved). Absolute detection counts are not commensurable in the same sample window.
btrack,clean_eighths,onset_offset,offsetMs=40,clean_eighths__offset_40ms,clean_eighths__baseline,acquisition.acquisitionBeats,float,,,,missing,missing,requires acquired,Content window is shifted by a real sample delay (length preserved). Absolute detection counts are not commensurable in the same sample window.
btrack,clean_eighths,onset_offset,offsetMs=40,clean_eighths__offset_40ms,clean_eighths__baseline,bpm.hasBpmLock,bool,1.0,1.0,0.0,measured,measured,,Content window is shifted by a real sample delay (length preserved). Absolute detection counts are not commensurable in the same sample window.
btrack,clean_eighths,onset_offset,offsetMs=40,clean_eighths__offset_40ms,clean_eighths__baseline,bpm.lockedBpm,float,123.046875,123.046875,0.0,measured,measured,,Content window is shifted by a real sample delay (length preserved). Absolute detection counts are not commensurable in the same sample window.
btrack,clean_eighths,onset_offset,offsetMs=40,clean_eighths__offset_40ms,clean_eighths__baseline,bpm.bpmRelativeError,float,0.0234375,0.0234375,0.0,measured,measured,,Content window is shifted by a real sample delay (length preserved). Absolute detection counts are not commensurable in the same sample window.
btrack,clean_eighths,onset_offset,offsetMs=40,clean_eighths__offset_40ms,clean_eighths__baseline,bpm.spec2pctWithin,bool,0.0,0.0,0.0,measured,measured,,Content window is shifted by a real sample delay (length preserved). Absolute detection counts are not commensurable in the same sample window.
btrack,clean_eighths,onset_offset,offsetMs=40,clean_eighths__offset_40ms,clean_eighths__baseline,bpm.spec2pctNormalized,float,1.171875,1.171875,0.0,measured,measured,,Content window is shifted by a real sample delay (length preserved). Absolute detection counts are not commensurable in the same sample window.
btrack,clean_eighths,onset_offset,offsetMs=40,clean_eighths__offset_40ms,clean_eighths__baseline,halfDouble.halfTimeLock,bool,0.0,0.0,0.0,measured,measured,,Content window is shifted by a real sample delay (length preserved). Absolute detection counts are not commensurable in the same sample window.
btrack,clean_eighths,onset_offset,offsetMs=40,clean_eighths__offset_40ms,clean_eighths__baseline,halfDouble.doubleTimeLock,bool,0.0,0.0,0.0,measured,measured,,Content window is shifted by a real sample delay (length preserved). Absolute detection counts are not commensurable in the same sample window.
btrack,clean_eighths,onset_offset,offsetMs=40,clean_eighths__offset_40ms,clean_eighths__baseline,halfDouble.halfDoubleTimeError,bool,0.0,0.0,0.0,measured,measured,,Content window is shifted by a real sample delay (length preserved). Absolute detection counts are not commensurable in the same sample window.
btrack,clean_eighths,onset_offset,offsetMs=40,clean_eighths__offset_40ms,clean_eighths__baseline,silence.trueSilenceMeasured,bool,1.0,1.0,0.0,measured,measured,,Content window is shifted by a real sample delay (length preserved). Absolute detection counts are not commensurable in the same sample window.
btrack,clean_eighths,onset_offset,offsetMs=40,clean_eighths__offset_40ms,clean_eighths__baseline,silence.falseBeatCoverage,str,Measured,Measured,,measured,measured,,Content window is shifted by a real sample delay (length preserved). Absolute detection counts are not commensurable in the same sample window.
btrack,clean_eighths,onset_offset,offsetMs=40,clean_eighths__offset_40ms,clean_eighths__baseline,silence.falseBeatsInTrueSilence,int,0.0,0.0,0.0,measured,measured,,Content window is shifted by a real sample delay (length preserved). Absolute detection counts are not commensurable in the same sample window.
btrack,clean_eighths,onset_offset,offsetMs=40,clean_eighths__offset_40ms,clean_eighths__baseline,silence.falseBeatsInTrueSilencePerSecond,float,0.0,0.0,0.0,measured,measured,,Content window is shifted by a real sample delay (length preserved). Absolute detection counts are not commensurable in the same sample window.
btrack,clean_eighths,onset_offset,offsetMs=40,clean_eighths__offset_40ms,clean_eighths__baseline,silence.maxSilenceTempoIncreaseBpm,float,,,,missing,missing,requires silenceAccelerationMeasured,Content window is shifted by a real sample delay (length preserved). Absolute detection counts are not commensurable in the same sample window.
btrack,clean_eighths,onset_offset,offsetMs=40,clean_eighths__offset_40ms,clean_eighths__baseline,silence.falseBeatsInUnplayedBeatWindowsPerSecond,float,0.0,0.0,0.0,measured,measured,,Content window is shifted by a real sample delay (length preserved). Absolute detection counts are not commensurable in the same sample window.
btrack,clean_eighths,onset_offset,offsetMs=40,clean_eighths__offset_40ms,clean_eighths__baseline,silence.falseBeatsOffGridInUnplayedBeatWindowsPerSecond,float,0.0,0.0,0.0,measured,measured,,Content window is shifted by a real sample delay (length preserved). Absolute detection counts are not commensurable in the same sample window.
btrack,clean_eighths,onset_offset,offsetMs=40,clean_eighths__offset_40ms,clean_eighths__baseline,timing.beatsReportedByBackend,int,10.0,9.0,1.0,measured,measured,,Content window is shifted by a real sample delay (length preserved). Absolute detection counts are not commensurable in the same sample window.
btrack,clean_eighths,onset_offset,offsetMs=40,clean_eighths__offset_40ms,clean_eighths__baseline,timing.beatsStampAtBlockStart,int,0.0,0.0,0.0,measured,measured,,Content window is shifted by a real sample delay (length preserved). Absolute detection counts are not commensurable in the same sample window.
btrack,clean_eighths,onset_offset,offsetMs=40,clean_eighths__offset_40ms,clean_eighths__baseline,timing.beatsRejectedNonCausal,int,0.0,0.0,0.0,measured,measured,,Content window is shifted by a real sample delay (length preserved). Absolute detection counts are not commensurable in the same sample window.
btrack,clean_eighths,onset_offset,offsetMs=40,clean_eighths__offset_40ms,clean_eighths__baseline,timing.rateMismatchBlocks,int,0.0,0.0,0.0,measured,measured,,Content window is shifted by a real sample delay (length preserved). Absolute detection counts are not commensurable in the same sample window.
btrack,clean_eighths,onset_offset,offsetMs=40,clean_eighths__offset_40ms,clean_eighths__baseline,timing.causalAvailabilityMeanSeconds,float,0.012720833,0.012523148,0.000197685,measured,measured,,Content window is shifted by a real sample delay (length preserved). Absolute detection counts are not commensurable in the same sample window.
btrack,clean_eighths,onset_offset,offsetMs=40,clean_eighths__offset_40ms,clean_eighths__baseline,timing.causalAvailabilityMaxSeconds,float,0.013854167,0.014125,-0.000270833,measured,measured,,Content window is shifted by a real sample delay (length preserved). Absolute detection counts are not commensurable in the same sample window.
btrack,clean_eighths,onset_offset,offsetMs=40,clean_eighths__offset_40ms,clean_eighths__baseline,phase.phaseMeasured,bool,1.0,1.0,0.0,measured,measured,,Content window is shifted by a real sample delay (length preserved). Absolute detection counts are not commensurable in the same sample window.
btrack,clean_eighths,onset_offset,offsetMs=40,clean_eighths__offset_40ms,clean_eighths__baseline,phase.phaseMeanMs,float,14.1541005,-11.0259354,25.1800359,measured,measured,,Content window is shifted by a real sample delay (length preserved). Absolute detection counts are not commensurable in the same sample window.
btrack,clean_eighths,onset_offset,offsetMs=40,clean_eighths__offset_40ms,clean_eighths__baseline,phase.phaseMeanAbsMs,float,20.8816137,13.3932823,7.4883314,measured,measured,,Content window is shifted by a real sample delay (length preserved). Absolute detection counts are not commensurable in the same sample window.
btrack,clean_eighths,onset_offset,offsetMs=40,clean_eighths__offset_40ms,clean_eighths__baseline,phase.phaseP50AbsMs,float,4.00892833,3.14881,0.86011833,measured,measured,,Content window is shifted by a real sample delay (length preserved). Absolute detection counts are not commensurable in the same sample window.
btrack,clean_eighths,onset_offset,offsetMs=40,clean_eighths__offset_40ms,clean_eighths__baseline,phase.phaseP95AbsMs,float,62.431548,48.315476,14.116072,measured,measured,,Content window is shifted by a real sample delay (length preserved). Absolute detection counts are not commensurable in the same sample window.
btrack,clean_eighths,onset_offset,offsetMs=40,clean_eighths__offset_40ms,clean_eighths__baseline,ramp.hasRamp,bool,0.0,0.0,0.0,measured,measured,,Content window is shifted by a real sample delay (length preserved). Absolute detection counts are not commensurable in the same sample window.
btrack,clean_eighths,onset_offset,offsetMs=40,clean_eighths__offset_40ms,clean_eighths__baseline,ramp.rampLocalTempoRelErrorMean,float,,,,missing,missing,requires hasRamp,Content window is shifted by a real sample delay (length preserved). Absolute detection counts are not commensurable in the same sample window.
btrack,clean_eighths,onset_offset,offsetMs=40,clean_eighths__offset_40ms,clean_eighths__baseline,ramp.rampLocalTempoRelErrorWorst,float,,,,missing,missing,requires hasRamp,Content window is shifted by a real sample delay (length preserved). Absolute detection counts are not commensurable in the same sample window.
btrack,clean_eighths,onset_offset,offsetMs=40,clean_eighths__offset_40ms,clean_eighths__baseline,syncopation.hasSyncopation,bool,0.0,0.0,0.0,measured,measured,,Content window is shifted by a real sample delay (length preserved). Absolute detection counts are not commensurable in the same sample window.
btrack,clean_eighths,onset_offset,offsetMs=40,clean_eighths__offset_40ms,clean_eighths__baseline,syncopation.syncopationMaxStepFraction,float,,,,missing,missing,requires hasSyncopation,Content window is shifted by a real sample delay (length preserved). Absolute detection counts are not commensurable in the same sample window.
btrack,clean_eighths,onset_offset,offsetMs=40,clean_eighths__offset_40ms,clean_eighths__baseline,syncopation.syncopationMaxDeviationFraction,float,,,,missing,missing,requires hasSyncopation,Content window is shifted by a real sample delay (length preserved). Absolute detection counts are not commensurable in the same sample window.
btrack,clean_eighths,onset_offset,offsetMs=40,clean_eighths__offset_40ms,clean_eighths__baseline,resources.cpuSeconds,float,0.036973,0.036475,0.000498,measured,measured,,Content window is shifted by a real sample delay (length preserved). Absolute detection counts are not commensurable in the same sample window.
btrack,clean_eighths,onset_offset,offsetMs=40,clean_eighths__offset_40ms,clean_eighths__baseline,resources.allocationCount,int,1481.0,1481.0,0.0,measured,measured,,Content window is shifted by a real sample delay (length preserved). Absolute detection counts are not commensurable in the same sample window.
btrack,clean_eighths,onset_offset,offsetMs=80,clean_eighths__offset_80ms,clean_eighths__baseline,detection.predictedBeats,int,9.0,9.0,0.0,measured,measured,,Content window is shifted by a real sample delay (length preserved). Absolute detection counts are not commensurable in the same sample window.
btrack,clean_eighths,onset_offset,offsetMs=80,clean_eighths__offset_80ms,clean_eighths__baseline,detection.truePositives,int,7.0,7.0,0.0,measured,measured,,Content window is shifted by a real sample delay (length preserved). Absolute detection counts are not commensurable in the same sample window.
btrack,clean_eighths,onset_offset,offsetMs=80,clean_eighths__offset_80ms,clean_eighths__baseline,detection.falsePositives,int,2.0,2.0,0.0,measured,measured,,Content window is shifted by a real sample delay (length preserved). Absolute detection counts are not commensurable in the same sample window.
btrack,clean_eighths,onset_offset,offsetMs=80,clean_eighths__offset_80ms,clean_eighths__baseline,detection.falseNegatives,int,3.0,3.0,0.0,measured,measured,,Content window is shifted by a real sample delay (length preserved). Absolute detection counts are not commensurable in the same sample window.
btrack,clean_eighths,onset_offset,offsetMs=80,clean_eighths__offset_80ms,clean_eighths__baseline,detection.precision,float,0.777777778,0.777777778,0.0,measured,measured,,Content window is shifted by a real sample delay (length preserved). Absolute detection counts are not commensurable in the same sample window.
btrack,clean_eighths,onset_offset,offsetMs=80,clean_eighths__offset_80ms,clean_eighths__baseline,detection.recall,float,0.7,0.7,0.0,measured,measured,,Content window is shifted by a real sample delay (length preserved). Absolute detection counts are not commensurable in the same sample window.
btrack,clean_eighths,onset_offset,offsetMs=80,clean_eighths__offset_80ms,clean_eighths__baseline,detection.fMeasure,float,0.736842105,0.736842105,0.0,measured,measured,,Content window is shifted by a real sample delay (length preserved). Absolute detection counts are not commensurable in the same sample window.
btrack,clean_eighths,onset_offset,offsetMs=80,clean_eighths__offset_80ms,clean_eighths__baseline,acquisition.acquired,bool,0.0,0.0,0.0,measured,measured,,Content window is shifted by a real sample delay (length preserved). Absolute detection counts are not commensurable in the same sample window.
btrack,clean_eighths,onset_offset,offsetMs=80,clean_eighths__offset_80ms,clean_eighths__baseline,acquisition.acquisitionBars,float,,,,missing,missing,requires acquired,Content window is shifted by a real sample delay (length preserved). Absolute detection counts are not commensurable in the same sample window.
btrack,clean_eighths,onset_offset,offsetMs=80,clean_eighths__offset_80ms,clean_eighths__baseline,acquisition.acquisitionSeconds,float,,,,missing,missing,requires acquired,Content window is shifted by a real sample delay (length preserved). Absolute detection counts are not commensurable in the same sample window.
btrack,clean_eighths,onset_offset,offsetMs=80,clean_eighths__offset_80ms,clean_eighths__baseline,acquisition.acquisitionBeats,float,,,,missing,missing,requires acquired,Content window is shifted by a real sample delay (length preserved). Absolute detection counts are not commensurable in the same sample window.
btrack,clean_eighths,onset_offset,offsetMs=80,clean_eighths__offset_80ms,clean_eighths__baseline,bpm.hasBpmLock,bool,1.0,1.0,0.0,measured,measured,,Content window is shifted by a real sample delay (length preserved). Absolute detection counts are not commensurable in the same sample window.
btrack,clean_eighths,onset_offset,offsetMs=80,clean_eighths__offset_80ms,clean_eighths__baseline,bpm.lockedBpm,float,123.046875,123.046875,0.0,measured,measured,,Content window is shifted by a real sample delay (length preserved). Absolute detection counts are not commensurable in the same sample window.
btrack,clean_eighths,onset_offset,offsetMs=80,clean_eighths__offset_80ms,clean_eighths__baseline,bpm.bpmRelativeError,float,0.0234375,0.0234375,0.0,measured,measured,,Content window is shifted by a real sample delay (length preserved). Absolute detection counts are not commensurable in the same sample window.
btrack,clean_eighths,onset_offset,offsetMs=80,clean_eighths__offset_80ms,clean_eighths__baseline,bpm.spec2pctWithin,bool,0.0,0.0,0.0,measured,measured,,Content window is shifted by a real sample delay (length preserved). Absolute detection counts are not commensurable in the same sample window.
btrack,clean_eighths,onset_offset,offsetMs=80,clean_eighths__offset_80ms,clean_eighths__baseline,bpm.spec2pctNormalized,float,1.171875,1.171875,0.0,measured,measured,,Content window is shifted by a real sample delay (length preserved). Absolute detection counts are not commensurable in the same sample window.
btrack,clean_eighths,onset_offset,offsetMs=80,clean_eighths__offset_80ms,clean_eighths__baseline,halfDouble.halfTimeLock,bool,0.0,0.0,0.0,measured,measured,,Content window is shifted by a real sample delay (length preserved). Absolute detection counts are not commensurable in the same sample window.
btrack,clean_eighths,onset_offset,offsetMs=80,clean_eighths__offset_80ms,clean_eighths__baseline,halfDouble.doubleTimeLock,bool,0.0,0.0,0.0,measured,measured,,Content window is shifted by a real sample delay (length preserved). Absolute detection counts are not commensurable in the same sample window.
btrack,clean_eighths,onset_offset,offsetMs=80,clean_eighths__offset_80ms,clean_eighths__baseline,halfDouble.halfDoubleTimeError,bool,0.0,0.0,0.0,measured,measured,,Content window is shifted by a real sample delay (length preserved). Absolute detection counts are not commensurable in the same sample window.
btrack,clean_eighths,onset_offset,offsetMs=80,clean_eighths__offset_80ms,clean_eighths__baseline,silence.trueSilenceMeasured,bool,1.0,1.0,0.0,measured,measured,,Content window is shifted by a real sample delay (length preserved). Absolute detection counts are not commensurable in the same sample window.
btrack,clean_eighths,onset_offset,offsetMs=80,clean_eighths__offset_80ms,clean_eighths__baseline,silence.falseBeatCoverage,str,Measured,Measured,,measured,measured,,Content window is shifted by a real sample delay (length preserved). Absolute detection counts are not commensurable in the same sample window.
btrack,clean_eighths,onset_offset,offsetMs=80,clean_eighths__offset_80ms,clean_eighths__baseline,silence.falseBeatsInTrueSilence,int,0.0,0.0,0.0,measured,measured,,Content window is shifted by a real sample delay (length preserved). Absolute detection counts are not commensurable in the same sample window.
btrack,clean_eighths,onset_offset,offsetMs=80,clean_eighths__offset_80ms,clean_eighths__baseline,silence.falseBeatsInTrueSilencePerSecond,float,0.0,0.0,0.0,measured,measured,,Content window is shifted by a real sample delay (length preserved). Absolute detection counts are not commensurable in the same sample window.
btrack,clean_eighths,onset_offset,offsetMs=80,clean_eighths__offset_80ms,clean_eighths__baseline,silence.maxSilenceTempoIncreaseBpm,float,,,,missing,missing,requires silenceAccelerationMeasured,Content window is shifted by a real sample delay (length preserved). Absolute detection counts are not commensurable in the same sample window.
btrack,clean_eighths,onset_offset,offsetMs=80,clean_eighths__offset_80ms,clean_eighths__baseline,silence.falseBeatsInUnplayedBeatWindowsPerSecond,float,0.0,0.0,0.0,measured,measured,,Content window is shifted by a real sample delay (length preserved). Absolute detection counts are not commensurable in the same sample window.
btrack,clean_eighths,onset_offset,offsetMs=80,clean_eighths__offset_80ms,clean_eighths__baseline,silence.falseBeatsOffGridInUnplayedBeatWindowsPerSecond,float,0.0,0.0,0.0,measured,measured,,Content window is shifted by a real sample delay (length preserved). Absolute detection counts are not commensurable in the same sample window.
btrack,clean_eighths,onset_offset,offsetMs=80,clean_eighths__offset_80ms,clean_eighths__baseline,timing.beatsReportedByBackend,int,9.0,9.0,0.0,measured,measured,,Content window is shifted by a real sample delay (length preserved). Absolute detection counts are not commensurable in the same sample window.
btrack,clean_eighths,onset_offset,offsetMs=80,clean_eighths__offset_80ms,clean_eighths__baseline,timing.beatsStampAtBlockStart,int,0.0,0.0,0.0,measured,measured,,Content window is shifted by a real sample delay (length preserved). Absolute detection counts are not commensurable in the same sample window.
btrack,clean_eighths,onset_offset,offsetMs=80,clean_eighths__offset_80ms,clean_eighths__baseline,timing.beatsRejectedNonCausal,int,0.0,0.0,0.0,measured,measured,,Content window is shifted by a real sample delay (length preserved). Absolute detection counts are not commensurable in the same sample window.
btrack,clean_eighths,onset_offset,offsetMs=80,clean_eighths__offset_80ms,clean_eighths__baseline,timing.rateMismatchBlocks,int,0.0,0.0,0.0,measured,measured,,Content window is shifted by a real sample delay (length preserved). Absolute detection counts are not commensurable in the same sample window.
btrack,clean_eighths,onset_offset,offsetMs=80,clean_eighths__offset_80ms,clean_eighths__baseline,timing.causalAvailabilityMeanSeconds,float,0.012826389,0.012523148,0.000303241,measured,measured,,Content window is shifted by a real sample delay (length preserved). Absolute detection counts are not commensurable in the same sample window.
btrack,clean_eighths,onset_offset,offsetMs=80,clean_eighths__offset_80ms,clean_eighths__baseline,timing.causalAvailabilityMaxSeconds,float,0.014,0.014125,-0.000125,measured,measured,,Content window is shifted by a real sample delay (length preserved). Absolute detection counts are not commensurable in the same sample window.
btrack,clean_eighths,onset_offset,offsetMs=80,clean_eighths__offset_80ms,clean_eighths__baseline,phase.phaseMeasured,bool,1.0,1.0,0.0,measured,measured,,Content window is shifted by a real sample delay (length preserved). Absolute detection counts are not commensurable in the same sample window.
btrack,clean_eighths,onset_offset,offsetMs=80,clean_eighths__offset_80ms,clean_eighths__baseline,phase.phaseMeanMs,float,-4.83333348,-11.0259354,6.19260192,measured,measured,,Content window is shifted by a real sample delay (length preserved). Absolute detection counts are not commensurable in the same sample window.
btrack,clean_eighths,onset_offset,offsetMs=80,clean_eighths__offset_80ms,clean_eighths__baseline,phase.phaseMeanAbsMs,float,7.56377557,13.3932823,-5.82950673,measured,measured,,Content window is shifted by a real sample delay (length preserved). Absolute detection counts are not commensurable in the same sample window.
btrack,clean_eighths,onset_offset,offsetMs=80,clean_eighths__offset_80ms,clean_eighths__baseline,phase.phaseP50AbsMs,float,9.55654733,3.14881,6.40773733,measured,measured,,Content window is shifted by a real sample delay (length preserved). Absolute detection counts are not commensurable in the same sample window.
btrack,clean_eighths,onset_offset,offsetMs=80,clean_eighths__offset_80ms,clean_eighths__baseline,phase.phaseP95AbsMs,float,13.1220237,48.315476,-35.1934523,measured,measured,,Content window is shifted by a real sample delay (length preserved). Absolute detection counts are not commensurable in the same sample window.
btrack,clean_eighths,onset_offset,offsetMs=80,clean_eighths__offset_80ms,clean_eighths__baseline,ramp.hasRamp,bool,0.0,0.0,0.0,measured,measured,,Content window is shifted by a real sample delay (length preserved). Absolute detection counts are not commensurable in the same sample window.
btrack,clean_eighths,onset_offset,offsetMs=80,clean_eighths__offset_80ms,clean_eighths__baseline,ramp.rampLocalTempoRelErrorMean,float,,,,missing,missing,requires hasRamp,Content window is shifted by a real sample delay (length preserved). Absolute detection counts are not commensurable in the same sample window.
btrack,clean_eighths,onset_offset,offsetMs=80,clean_eighths__offset_80ms,clean_eighths__baseline,ramp.rampLocalTempoRelErrorWorst,float,,,,missing,missing,requires hasRamp,Content window is shifted by a real sample delay (length preserved). Absolute detection counts are not commensurable in the same sample window.
btrack,clean_eighths,onset_offset,offsetMs=80,clean_eighths__offset_80ms,clean_eighths__baseline,syncopation.hasSyncopation,bool,0.0,0.0,0.0,measured,measured,,Content window is shifted by a real sample delay (length preserved). Absolute detection counts are not commensurable in the same sample window.
btrack,clean_eighths,onset_offset,offsetMs=80,clean_eighths__offset_80ms,clean_eighths__baseline,syncopation.syncopationMaxStepFraction,float,,,,missing,missing,requires hasSyncopation,Content window is shifted by a real sample delay (length preserved). Absolute detection counts are not commensurable in the same sample window.
btrack,clean_eighths,onset_offset,offsetMs=80,clean_eighths__offset_80ms,clean_eighths__baseline,syncopation.syncopationMaxDeviationFraction,float,,,,missing,missing,requires hasSyncopation,Content window is shifted by a real sample delay (length preserved). Absolute detection counts are not commensurable in the same sample window.
btrack,clean_eighths,onset_offset,offsetMs=80,clean_eighths__offset_80ms,clean_eighths__baseline,resources.cpuSeconds,float,0.036757,0.036475,0.000282,measured,measured,,Content window is shifted by a real sample delay (length preserved). Absolute detection counts are not commensurable in the same sample window.
btrack,clean_eighths,onset_offset,offsetMs=80,clean_eighths__offset_80ms,clean_eighths__baseline,resources.allocationCount,int,1481.0,1481.0,0.0,measured,measured,,Content window is shifted by a real sample delay (length preserved). Absolute detection counts are not commensurable in the same sample window.
btrack,clean_eighths,silence_gap,gapSeconds=1,clean_eighths__silence_gap_1s,clean_eighths__baseline,detection.predictedBeats,int,7.0,9.0,-2.0,measured,measured,,"Edit-onsets perturbation. SPEC 19 'silence does not create false acceleration' is NOT-MEASURED offline; the tempo proxy is raw only, not a clock gate."
btrack,clean_eighths,silence_gap,gapSeconds=1,clean_eighths__silence_gap_1s,clean_eighths__baseline,detection.truePositives,int,5.0,7.0,-2.0,measured,measured,,"Edit-onsets perturbation. SPEC 19 'silence does not create false acceleration' is NOT-MEASURED offline; the tempo proxy is raw only, not a clock gate."
btrack,clean_eighths,silence_gap,gapSeconds=1,clean_eighths__silence_gap_1s,clean_eighths__baseline,detection.falsePositives,int,2.0,2.0,0.0,measured,measured,,"Edit-onsets perturbation. SPEC 19 'silence does not create false acceleration' is NOT-MEASURED offline; the tempo proxy is raw only, not a clock gate."
btrack,clean_eighths,silence_gap,gapSeconds=1,clean_eighths__silence_gap_1s,clean_eighths__baseline,detection.falseNegatives,int,5.0,3.0,2.0,measured,measured,,"Edit-onsets perturbation. SPEC 19 'silence does not create false acceleration' is NOT-MEASURED offline; the tempo proxy is raw only, not a clock gate."
btrack,clean_eighths,silence_gap,gapSeconds=1,clean_eighths__silence_gap_1s,clean_eighths__baseline,detection.precision,float,0.714285714,0.777777778,-0.063492064,measured,measured,,"Edit-onsets perturbation. SPEC 19 'silence does not create false acceleration' is NOT-MEASURED offline; the tempo proxy is raw only, not a clock gate."
btrack,clean_eighths,silence_gap,gapSeconds=1,clean_eighths__silence_gap_1s,clean_eighths__baseline,detection.recall,float,0.5,0.7,-0.2,measured,measured,,"Edit-onsets perturbation. SPEC 19 'silence does not create false acceleration' is NOT-MEASURED offline; the tempo proxy is raw only, not a clock gate."
btrack,clean_eighths,silence_gap,gapSeconds=1,clean_eighths__silence_gap_1s,clean_eighths__baseline,detection.fMeasure,float,0.588235294,0.736842105,-0.148606811,measured,measured,,"Edit-onsets perturbation. SPEC 19 'silence does not create false acceleration' is NOT-MEASURED offline; the tempo proxy is raw only, not a clock gate."
btrack,clean_eighths,silence_gap,gapSeconds=1,clean_eighths__silence_gap_1s,clean_eighths__baseline,acquisition.acquired,bool,0.0,0.0,0.0,measured,measured,,"Edit-onsets perturbation. SPEC 19 'silence does not create false acceleration' is NOT-MEASURED offline; the tempo proxy is raw only, not a clock gate."
btrack,clean_eighths,silence_gap,gapSeconds=1,clean_eighths__silence_gap_1s,clean_eighths__baseline,acquisition.acquisitionBars,float,,,,missing,missing,requires acquired,"Edit-onsets perturbation. SPEC 19 'silence does not create false acceleration' is NOT-MEASURED offline; the tempo proxy is raw only, not a clock gate."
btrack,clean_eighths,silence_gap,gapSeconds=1,clean_eighths__silence_gap_1s,clean_eighths__baseline,acquisition.acquisitionSeconds,float,,,,missing,missing,requires acquired,"Edit-onsets perturbation. SPEC 19 'silence does not create false acceleration' is NOT-MEASURED offline; the tempo proxy is raw only, not a clock gate."
btrack,clean_eighths,silence_gap,gapSeconds=1,clean_eighths__silence_gap_1s,clean_eighths__baseline,acquisition.acquisitionBeats,float,,,,missing,missing,requires acquired,"Edit-onsets perturbation. SPEC 19 'silence does not create false acceleration' is NOT-MEASURED offline; the tempo proxy is raw only, not a clock gate."
btrack,clean_eighths,silence_gap,gapSeconds=1,clean_eighths__silence_gap_1s,clean_eighths__baseline,bpm.hasBpmLock,bool,1.0,1.0,0.0,measured,measured,,"Edit-onsets perturbation. SPEC 19 'silence does not create false acceleration' is NOT-MEASURED offline; the tempo proxy is raw only, not a clock gate."
btrack,clean_eighths,silence_gap,gapSeconds=1,clean_eighths__silence_gap_1s,clean_eighths__baseline,bpm.lockedBpm,float,123.046875,123.046875,0.0,measured,measured,,"Edit-onsets perturbation. SPEC 19 'silence does not create false acceleration' is NOT-MEASURED offline; the tempo proxy is raw only, not a clock gate."
btrack,clean_eighths,silence_gap,gapSeconds=1,clean_eighths__silence_gap_1s,clean_eighths__baseline,bpm.bpmRelativeError,float,0.0234375,0.0234375,0.0,measured,measured,,"Edit-onsets perturbation. SPEC 19 'silence does not create false acceleration' is NOT-MEASURED offline; the tempo proxy is raw only, not a clock gate."
btrack,clean_eighths,silence_gap,gapSeconds=1,clean_eighths__silence_gap_1s,clean_eighths__baseline,bpm.spec2pctWithin,bool,0.0,0.0,0.0,measured,measured,,"Edit-onsets perturbation. SPEC 19 'silence does not create false acceleration' is NOT-MEASURED offline; the tempo proxy is raw only, not a clock gate."
btrack,clean_eighths,silence_gap,gapSeconds=1,clean_eighths__silence_gap_1s,clean_eighths__baseline,bpm.spec2pctNormalized,float,1.171875,1.171875,0.0,measured,measured,,"Edit-onsets perturbation. SPEC 19 'silence does not create false acceleration' is NOT-MEASURED offline; the tempo proxy is raw only, not a clock gate."
btrack,clean_eighths,silence_gap,gapSeconds=1,clean_eighths__silence_gap_1s,clean_eighths__baseline,halfDouble.halfTimeLock,bool,0.0,0.0,0.0,measured,measured,,"Edit-onsets perturbation. SPEC 19 'silence does not create false acceleration' is NOT-MEASURED offline; the tempo proxy is raw only, not a clock gate."
btrack,clean_eighths,silence_gap,gapSeconds=1,clean_eighths__silence_gap_1s,clean_eighths__baseline,halfDouble.doubleTimeLock,bool,0.0,0.0,0.0,measured,measured,,"Edit-onsets perturbation. SPEC 19 'silence does not create false acceleration' is NOT-MEASURED offline; the tempo proxy is raw only, not a clock gate."
btrack,clean_eighths,silence_gap,gapSeconds=1,clean_eighths__silence_gap_1s,clean_eighths__baseline,halfDouble.halfDoubleTimeError,bool,0.0,0.0,0.0,measured,measured,,"Edit-onsets perturbation. SPEC 19 'silence does not create false acceleration' is NOT-MEASURED offline; the tempo proxy is raw only, not a clock gate."
btrack,clean_eighths,silence_gap,gapSeconds=1,clean_eighths__silence_gap_1s,clean_eighths__baseline,silence.trueSilenceMeasured,bool,1.0,1.0,0.0,measured,measured,,"Edit-onsets perturbation. SPEC 19 'silence does not create false acceleration' is NOT-MEASURED offline; the tempo proxy is raw only, not a clock gate."
btrack,clean_eighths,silence_gap,gapSeconds=1,clean_eighths__silence_gap_1s,clean_eighths__baseline,silence.falseBeatCoverage,str,Measured,Measured,,measured,measured,,"Edit-onsets perturbation. SPEC 19 'silence does not create false acceleration' is NOT-MEASURED offline; the tempo proxy is raw only, not a clock gate."
btrack,clean_eighths,silence_gap,gapSeconds=1,clean_eighths__silence_gap_1s,clean_eighths__baseline,silence.falseBeatsInTrueSilence,int,0.0,0.0,0.0,measured,measured,,"Edit-onsets perturbation. SPEC 19 'silence does not create false acceleration' is NOT-MEASURED offline; the tempo proxy is raw only, not a clock gate."
btrack,clean_eighths,silence_gap,gapSeconds=1,clean_eighths__silence_gap_1s,clean_eighths__baseline,silence.falseBeatsInTrueSilencePerSecond,float,0.0,0.0,0.0,measured,measured,,"Edit-onsets perturbation. SPEC 19 'silence does not create false acceleration' is NOT-MEASURED offline; the tempo proxy is raw only, not a clock gate."
btrack,clean_eighths,silence_gap,gapSeconds=1,clean_eighths__silence_gap_1s,clean_eighths__baseline,silence.maxSilenceTempoIncreaseBpm,float,0.0,,,measured,missing,,"Edit-onsets perturbation. SPEC 19 'silence does not create false acceleration' is NOT-MEASURED offline; the tempo proxy is raw only, not a clock gate."
btrack,clean_eighths,silence_gap,gapSeconds=1,clean_eighths__silence_gap_1s,clean_eighths__baseline,silence.falseBeatsInUnplayedBeatWindowsPerSecond,float,0.0,0.0,0.0,measured,measured,,"Edit-onsets perturbation. SPEC 19 'silence does not create false acceleration' is NOT-MEASURED offline; the tempo proxy is raw only, not a clock gate."
btrack,clean_eighths,silence_gap,gapSeconds=1,clean_eighths__silence_gap_1s,clean_eighths__baseline,silence.falseBeatsOffGridInUnplayedBeatWindowsPerSecond,float,0.0,0.0,0.0,measured,measured,,"Edit-onsets perturbation. SPEC 19 'silence does not create false acceleration' is NOT-MEASURED offline; the tempo proxy is raw only, not a clock gate."
btrack,clean_eighths,silence_gap,gapSeconds=1,clean_eighths__silence_gap_1s,clean_eighths__baseline,timing.beatsReportedByBackend,int,7.0,9.0,-2.0,measured,measured,,"Edit-onsets perturbation. SPEC 19 'silence does not create false acceleration' is NOT-MEASURED offline; the tempo proxy is raw only, not a clock gate."
btrack,clean_eighths,silence_gap,gapSeconds=1,clean_eighths__silence_gap_1s,clean_eighths__baseline,timing.beatsStampAtBlockStart,int,0.0,0.0,0.0,measured,measured,,"Edit-onsets perturbation. SPEC 19 'silence does not create false acceleration' is NOT-MEASURED offline; the tempo proxy is raw only, not a clock gate."
btrack,clean_eighths,silence_gap,gapSeconds=1,clean_eighths__silence_gap_1s,clean_eighths__baseline,timing.beatsRejectedNonCausal,int,0.0,0.0,0.0,measured,measured,,"Edit-onsets perturbation. SPEC 19 'silence does not create false acceleration' is NOT-MEASURED offline; the tempo proxy is raw only, not a clock gate."
btrack,clean_eighths,silence_gap,gapSeconds=1,clean_eighths__silence_gap_1s,clean_eighths__baseline,timing.rateMismatchBlocks,int,0.0,0.0,0.0,measured,measured,,"Edit-onsets perturbation. SPEC 19 'silence does not create false acceleration' is NOT-MEASURED offline; the tempo proxy is raw only, not a clock gate."
btrack,clean_eighths,silence_gap,gapSeconds=1,clean_eighths__silence_gap_1s,clean_eighths__baseline,timing.causalAvailabilityMeanSeconds,float,0.012782738,0.012523148,0.00025959,measured,measured,,"Edit-onsets perturbation. SPEC 19 'silence does not create false acceleration' is NOT-MEASURED offline; the tempo proxy is raw only, not a clock gate."
btrack,clean_eighths,silence_gap,gapSeconds=1,clean_eighths__silence_gap_1s,clean_eighths__baseline,timing.causalAvailabilityMaxSeconds,float,0.014125,0.014125,0.0,measured,measured,,"Edit-onsets perturbation. SPEC 19 'silence does not create false acceleration' is NOT-MEASURED offline; the tempo proxy is raw only, not a clock gate."
btrack,clean_eighths,silence_gap,gapSeconds=1,clean_eighths__silence_gap_1s,clean_eighths__baseline,phase.phaseMeasured,bool,1.0,1.0,0.0,measured,measured,,"Edit-onsets perturbation. SPEC 19 'silence does not create false acceleration' is NOT-MEASURED offline; the tempo proxy is raw only, not a clock gate."
btrack,clean_eighths,silence_gap,gapSeconds=1,clean_eighths__silence_gap_1s,clean_eighths__baseline,phase.phaseMeanMs,float,1.895238,-11.0259354,12.9211734,measured,measured,,"Edit-onsets perturbation. SPEC 19 'silence does not create false acceleration' is NOT-MEASURED offline; the tempo proxy is raw only, not a clock gate."
btrack,clean_eighths,silence_gap,gapSeconds=1,clean_eighths__silence_gap_1s,clean_eighths__baseline,phase.phaseMeanAbsMs,float,31.4761904,13.3932823,18.0829081,measured,measured,,"Edit-onsets perturbation. SPEC 19 'silence does not create false acceleration' is NOT-MEASURED offline; the tempo proxy is raw only, not a clock gate."
btrack,clean_eighths,silence_gap,gapSeconds=1,clean_eighths__silence_gap_1s,clean_eighths__baseline,phase.phaseP50AbsMs,float,31.854167,3.14881,28.705357,measured,measured,,"Edit-onsets perturbation. SPEC 19 'silence does not create false acceleration' is NOT-MEASURED offline; the tempo proxy is raw only, not a clock gate."
btrack,clean_eighths,silence_gap,gapSeconds=1,clean_eighths__silence_gap_1s,clean_eighths__baseline,phase.phaseP95AbsMs,float,48.315476,48.315476,0.0,measured,measured,,"Edit-onsets perturbation. SPEC 19 'silence does not create false acceleration' is NOT-MEASURED offline; the tempo proxy is raw only, not a clock gate."
btrack,clean_eighths,silence_gap,gapSeconds=1,clean_eighths__silence_gap_1s,clean_eighths__baseline,ramp.hasRamp,bool,0.0,0.0,0.0,measured,measured,,"Edit-onsets perturbation. SPEC 19 'silence does not create false acceleration' is NOT-MEASURED offline; the tempo proxy is raw only, not a clock gate."
btrack,clean_eighths,silence_gap,gapSeconds=1,clean_eighths__silence_gap_1s,clean_eighths__baseline,ramp.rampLocalTempoRelErrorMean,float,,,,missing,missing,requires hasRamp,"Edit-onsets perturbation. SPEC 19 'silence does not create false acceleration' is NOT-MEASURED offline; the tempo proxy is raw only, not a clock gate."
btrack,clean_eighths,silence_gap,gapSeconds=1,clean_eighths__silence_gap_1s,clean_eighths__baseline,ramp.rampLocalTempoRelErrorWorst,float,,,,missing,missing,requires hasRamp,"Edit-onsets perturbation. SPEC 19 'silence does not create false acceleration' is NOT-MEASURED offline; the tempo proxy is raw only, not a clock gate."
btrack,clean_eighths,silence_gap,gapSeconds=1,clean_eighths__silence_gap_1s,clean_eighths__baseline,syncopation.hasSyncopation,bool,0.0,0.0,0.0,measured,measured,,"Edit-onsets perturbation. SPEC 19 'silence does not create false acceleration' is NOT-MEASURED offline; the tempo proxy is raw only, not a clock gate."
btrack,clean_eighths,silence_gap,gapSeconds=1,clean_eighths__silence_gap_1s,clean_eighths__baseline,syncopation.syncopationMaxStepFraction,float,,,,missing,missing,requires hasSyncopation,"Edit-onsets perturbation. SPEC 19 'silence does not create false acceleration' is NOT-MEASURED offline; the tempo proxy is raw only, not a clock gate."
btrack,clean_eighths,silence_gap,gapSeconds=1,clean_eighths__silence_gap_1s,clean_eighths__baseline,syncopation.syncopationMaxDeviationFraction,float,,,,missing,missing,requires hasSyncopation,"Edit-onsets perturbation. SPEC 19 'silence does not create false acceleration' is NOT-MEASURED offline; the tempo proxy is raw only, not a clock gate."
btrack,clean_eighths,silence_gap,gapSeconds=1,clean_eighths__silence_gap_1s,clean_eighths__baseline,resources.cpuSeconds,float,0.032977,0.036475,-0.003498,measured,measured,,"Edit-onsets perturbation. SPEC 19 'silence does not create false acceleration' is NOT-MEASURED offline; the tempo proxy is raw only, not a clock gate."
btrack,clean_eighths,silence_gap,gapSeconds=1,clean_eighths__silence_gap_1s,clean_eighths__baseline,resources.allocationCount,int,1481.0,1481.0,0.0,measured,measured,,"Edit-onsets perturbation. SPEC 19 'silence does not create false acceleration' is NOT-MEASURED offline; the tempo proxy is raw only, not a clock gate."
btrack,clean_eighths,syncopation_burst,burstCount=1,clean_eighths__syncop_burst1,clean_eighths__baseline,detection.predictedBeats,int,9.0,9.0,0.0,measured,measured,,"Edit-onsets perturbation. SPEC 19 'no tempo jump from one isolated syncopated event' is NOT-MEASURED offline; the step proxy is raw only, not a clock gate."
btrack,clean_eighths,syncopation_burst,burstCount=1,clean_eighths__syncop_burst1,clean_eighths__baseline,detection.truePositives,int,7.0,7.0,0.0,measured,measured,,"Edit-onsets perturbation. SPEC 19 'no tempo jump from one isolated syncopated event' is NOT-MEASURED offline; the step proxy is raw only, not a clock gate."
btrack,clean_eighths,syncopation_burst,burstCount=1,clean_eighths__syncop_burst1,clean_eighths__baseline,detection.falsePositives,int,2.0,2.0,0.0,measured,measured,,"Edit-onsets perturbation. SPEC 19 'no tempo jump from one isolated syncopated event' is NOT-MEASURED offline; the step proxy is raw only, not a clock gate."
btrack,clean_eighths,syncopation_burst,burstCount=1,clean_eighths__syncop_burst1,clean_eighths__baseline,detection.falseNegatives,int,3.0,3.0,0.0,measured,measured,,"Edit-onsets perturbation. SPEC 19 'no tempo jump from one isolated syncopated event' is NOT-MEASURED offline; the step proxy is raw only, not a clock gate."
btrack,clean_eighths,syncopation_burst,burstCount=1,clean_eighths__syncop_burst1,clean_eighths__baseline,detection.precision,float,0.777777778,0.777777778,0.0,measured,measured,,"Edit-onsets perturbation. SPEC 19 'no tempo jump from one isolated syncopated event' is NOT-MEASURED offline; the step proxy is raw only, not a clock gate."
btrack,clean_eighths,syncopation_burst,burstCount=1,clean_eighths__syncop_burst1,clean_eighths__baseline,detection.recall,float,0.7,0.7,0.0,measured,measured,,"Edit-onsets perturbation. SPEC 19 'no tempo jump from one isolated syncopated event' is NOT-MEASURED offline; the step proxy is raw only, not a clock gate."
btrack,clean_eighths,syncopation_burst,burstCount=1,clean_eighths__syncop_burst1,clean_eighths__baseline,detection.fMeasure,float,0.736842105,0.736842105,0.0,measured,measured,,"Edit-onsets perturbation. SPEC 19 'no tempo jump from one isolated syncopated event' is NOT-MEASURED offline; the step proxy is raw only, not a clock gate."
btrack,clean_eighths,syncopation_burst,burstCount=1,clean_eighths__syncop_burst1,clean_eighths__baseline,acquisition.acquired,bool,0.0,0.0,0.0,measured,measured,,"Edit-onsets perturbation. SPEC 19 'no tempo jump from one isolated syncopated event' is NOT-MEASURED offline; the step proxy is raw only, not a clock gate."
btrack,clean_eighths,syncopation_burst,burstCount=1,clean_eighths__syncop_burst1,clean_eighths__baseline,acquisition.acquisitionBars,float,,,,missing,missing,requires acquired,"Edit-onsets perturbation. SPEC 19 'no tempo jump from one isolated syncopated event' is NOT-MEASURED offline; the step proxy is raw only, not a clock gate."
btrack,clean_eighths,syncopation_burst,burstCount=1,clean_eighths__syncop_burst1,clean_eighths__baseline,acquisition.acquisitionSeconds,float,,,,missing,missing,requires acquired,"Edit-onsets perturbation. SPEC 19 'no tempo jump from one isolated syncopated event' is NOT-MEASURED offline; the step proxy is raw only, not a clock gate."
btrack,clean_eighths,syncopation_burst,burstCount=1,clean_eighths__syncop_burst1,clean_eighths__baseline,acquisition.acquisitionBeats,float,,,,missing,missing,requires acquired,"Edit-onsets perturbation. SPEC 19 'no tempo jump from one isolated syncopated event' is NOT-MEASURED offline; the step proxy is raw only, not a clock gate."
btrack,clean_eighths,syncopation_burst,burstCount=1,clean_eighths__syncop_burst1,clean_eighths__baseline,bpm.hasBpmLock,bool,1.0,1.0,0.0,measured,measured,,"Edit-onsets perturbation. SPEC 19 'no tempo jump from one isolated syncopated event' is NOT-MEASURED offline; the step proxy is raw only, not a clock gate."
btrack,clean_eighths,syncopation_burst,burstCount=1,clean_eighths__syncop_burst1,clean_eighths__baseline,bpm.lockedBpm,float,123.046875,123.046875,0.0,measured,measured,,"Edit-onsets perturbation. SPEC 19 'no tempo jump from one isolated syncopated event' is NOT-MEASURED offline; the step proxy is raw only, not a clock gate."
btrack,clean_eighths,syncopation_burst,burstCount=1,clean_eighths__syncop_burst1,clean_eighths__baseline,bpm.bpmRelativeError,float,0.0234375,0.0234375,0.0,measured,measured,,"Edit-onsets perturbation. SPEC 19 'no tempo jump from one isolated syncopated event' is NOT-MEASURED offline; the step proxy is raw only, not a clock gate."
btrack,clean_eighths,syncopation_burst,burstCount=1,clean_eighths__syncop_burst1,clean_eighths__baseline,bpm.spec2pctWithin,bool,0.0,0.0,0.0,measured,measured,,"Edit-onsets perturbation. SPEC 19 'no tempo jump from one isolated syncopated event' is NOT-MEASURED offline; the step proxy is raw only, not a clock gate."
btrack,clean_eighths,syncopation_burst,burstCount=1,clean_eighths__syncop_burst1,clean_eighths__baseline,bpm.spec2pctNormalized,float,1.171875,1.171875,0.0,measured,measured,,"Edit-onsets perturbation. SPEC 19 'no tempo jump from one isolated syncopated event' is NOT-MEASURED offline; the step proxy is raw only, not a clock gate."
btrack,clean_eighths,syncopation_burst,burstCount=1,clean_eighths__syncop_burst1,clean_eighths__baseline,halfDouble.halfTimeLock,bool,0.0,0.0,0.0,measured,measured,,"Edit-onsets perturbation. SPEC 19 'no tempo jump from one isolated syncopated event' is NOT-MEASURED offline; the step proxy is raw only, not a clock gate."
btrack,clean_eighths,syncopation_burst,burstCount=1,clean_eighths__syncop_burst1,clean_eighths__baseline,halfDouble.doubleTimeLock,bool,0.0,0.0,0.0,measured,measured,,"Edit-onsets perturbation. SPEC 19 'no tempo jump from one isolated syncopated event' is NOT-MEASURED offline; the step proxy is raw only, not a clock gate."
btrack,clean_eighths,syncopation_burst,burstCount=1,clean_eighths__syncop_burst1,clean_eighths__baseline,halfDouble.halfDoubleTimeError,bool,0.0,0.0,0.0,measured,measured,,"Edit-onsets perturbation. SPEC 19 'no tempo jump from one isolated syncopated event' is NOT-MEASURED offline; the step proxy is raw only, not a clock gate."
btrack,clean_eighths,syncopation_burst,burstCount=1,clean_eighths__syncop_burst1,clean_eighths__baseline,silence.trueSilenceMeasured,bool,1.0,1.0,0.0,measured,measured,,"Edit-onsets perturbation. SPEC 19 'no tempo jump from one isolated syncopated event' is NOT-MEASURED offline; the step proxy is raw only, not a clock gate."
btrack,clean_eighths,syncopation_burst,burstCount=1,clean_eighths__syncop_burst1,clean_eighths__baseline,silence.falseBeatCoverage,str,Measured,Measured,,measured,measured,,"Edit-onsets perturbation. SPEC 19 'no tempo jump from one isolated syncopated event' is NOT-MEASURED offline; the step proxy is raw only, not a clock gate."
btrack,clean_eighths,syncopation_burst,burstCount=1,clean_eighths__syncop_burst1,clean_eighths__baseline,silence.falseBeatsInTrueSilence,int,0.0,0.0,0.0,measured,measured,,"Edit-onsets perturbation. SPEC 19 'no tempo jump from one isolated syncopated event' is NOT-MEASURED offline; the step proxy is raw only, not a clock gate."
btrack,clean_eighths,syncopation_burst,burstCount=1,clean_eighths__syncop_burst1,clean_eighths__baseline,silence.falseBeatsInTrueSilencePerSecond,float,0.0,0.0,0.0,measured,measured,,"Edit-onsets perturbation. SPEC 19 'no tempo jump from one isolated syncopated event' is NOT-MEASURED offline; the step proxy is raw only, not a clock gate."
btrack,clean_eighths,syncopation_burst,burstCount=1,clean_eighths__syncop_burst1,clean_eighths__baseline,silence.maxSilenceTempoIncreaseBpm,float,,,,missing,missing,requires silenceAccelerationMeasured,"Edit-onsets perturbation. SPEC 19 'no tempo jump from one isolated syncopated event' is NOT-MEASURED offline; the step proxy is raw only, not a clock gate."
btrack,clean_eighths,syncopation_burst,burstCount=1,clean_eighths__syncop_burst1,clean_eighths__baseline,silence.falseBeatsInUnplayedBeatWindowsPerSecond,float,0.0,0.0,0.0,measured,measured,,"Edit-onsets perturbation. SPEC 19 'no tempo jump from one isolated syncopated event' is NOT-MEASURED offline; the step proxy is raw only, not a clock gate."
btrack,clean_eighths,syncopation_burst,burstCount=1,clean_eighths__syncop_burst1,clean_eighths__baseline,silence.falseBeatsOffGridInUnplayedBeatWindowsPerSecond,float,0.0,0.0,0.0,measured,measured,,"Edit-onsets perturbation. SPEC 19 'no tempo jump from one isolated syncopated event' is NOT-MEASURED offline; the step proxy is raw only, not a clock gate."
btrack,clean_eighths,syncopation_burst,burstCount=1,clean_eighths__syncop_burst1,clean_eighths__baseline,timing.beatsReportedByBackend,int,9.0,9.0,0.0,measured,measured,,"Edit-onsets perturbation. SPEC 19 'no tempo jump from one isolated syncopated event' is NOT-MEASURED offline; the step proxy is raw only, not a clock gate."
btrack,clean_eighths,syncopation_burst,burstCount=1,clean_eighths__syncop_burst1,clean_eighths__baseline,timing.beatsStampAtBlockStart,int,0.0,0.0,0.0,measured,measured,,"Edit-onsets perturbation. SPEC 19 'no tempo jump from one isolated syncopated event' is NOT-MEASURED offline; the step proxy is raw only, not a clock gate."
btrack,clean_eighths,syncopation_burst,burstCount=1,clean_eighths__syncop_burst1,clean_eighths__baseline,timing.beatsRejectedNonCausal,int,0.0,0.0,0.0,measured,measured,,"Edit-onsets perturbation. SPEC 19 'no tempo jump from one isolated syncopated event' is NOT-MEASURED offline; the step proxy is raw only, not a clock gate."
btrack,clean_eighths,syncopation_burst,burstCount=1,clean_eighths__syncop_burst1,clean_eighths__baseline,timing.rateMismatchBlocks,int,0.0,0.0,0.0,measured,measured,,"Edit-onsets perturbation. SPEC 19 'no tempo jump from one isolated syncopated event' is NOT-MEASURED offline; the step proxy is raw only, not a clock gate."
btrack,clean_eighths,syncopation_burst,burstCount=1,clean_eighths__syncop_burst1,clean_eighths__baseline,timing.causalAvailabilityMeanSeconds,float,0.012523148,0.012523148,0.0,measured,measured,,"Edit-onsets perturbation. SPEC 19 'no tempo jump from one isolated syncopated event' is NOT-MEASURED offline; the step proxy is raw only, not a clock gate."
btrack,clean_eighths,syncopation_burst,burstCount=1,clean_eighths__syncop_burst1,clean_eighths__baseline,timing.causalAvailabilityMaxSeconds,float,0.014125,0.014125,0.0,measured,measured,,"Edit-onsets perturbation. SPEC 19 'no tempo jump from one isolated syncopated event' is NOT-MEASURED offline; the step proxy is raw only, not a clock gate."
btrack,clean_eighths,syncopation_burst,burstCount=1,clean_eighths__syncop_burst1,clean_eighths__baseline,phase.phaseMeasured,bool,1.0,1.0,0.0,measured,measured,,"Edit-onsets perturbation. SPEC 19 'no tempo jump from one isolated syncopated event' is NOT-MEASURED offline; the step proxy is raw only, not a clock gate."
btrack,clean_eighths,syncopation_burst,burstCount=1,clean_eighths__syncop_burst1,clean_eighths__baseline,phase.phaseMeanMs,float,-11.0259354,-11.0259354,0.0,measured,measured,,"Edit-onsets perturbation. SPEC 19 'no tempo jump from one isolated syncopated event' is NOT-MEASURED offline; the step proxy is raw only, not a clock gate."
btrack,clean_eighths,syncopation_burst,burstCount=1,clean_eighths__syncop_burst1,clean_eighths__baseline,phase.phaseMeanAbsMs,float,13.3932823,13.3932823,0.0,measured,measured,,"Edit-onsets perturbation. SPEC 19 'no tempo jump from one isolated syncopated event' is NOT-MEASURED offline; the step proxy is raw only, not a clock gate."
btrack,clean_eighths,syncopation_burst,burstCount=1,clean_eighths__syncop_burst1,clean_eighths__baseline,phase.phaseP50AbsMs,float,3.14881,3.14881,0.0,measured,measured,,"Edit-onsets perturbation. SPEC 19 'no tempo jump from one isolated syncopated event' is NOT-MEASURED offline; the step proxy is raw only, not a clock gate."
btrack,clean_eighths,syncopation_burst,burstCount=1,clean_eighths__syncop_burst1,clean_eighths__baseline,phase.phaseP95AbsMs,float,48.315476,48.315476,0.0,measured,measured,,"Edit-onsets perturbation. SPEC 19 'no tempo jump from one isolated syncopated event' is NOT-MEASURED offline; the step proxy is raw only, not a clock gate."
btrack,clean_eighths,syncopation_burst,burstCount=1,clean_eighths__syncop_burst1,clean_eighths__baseline,ramp.hasRamp,bool,0.0,0.0,0.0,measured,measured,,"Edit-onsets perturbation. SPEC 19 'no tempo jump from one isolated syncopated event' is NOT-MEASURED offline; the step proxy is raw only, not a clock gate."
btrack,clean_eighths,syncopation_burst,burstCount=1,clean_eighths__syncop_burst1,clean_eighths__baseline,ramp.rampLocalTempoRelErrorMean,float,,,,missing,missing,requires hasRamp,"Edit-onsets perturbation. SPEC 19 'no tempo jump from one isolated syncopated event' is NOT-MEASURED offline; the step proxy is raw only, not a clock gate."
btrack,clean_eighths,syncopation_burst,burstCount=1,clean_eighths__syncop_burst1,clean_eighths__baseline,ramp.rampLocalTempoRelErrorWorst,float,,,,missing,missing,requires hasRamp,"Edit-onsets perturbation. SPEC 19 'no tempo jump from one isolated syncopated event' is NOT-MEASURED offline; the step proxy is raw only, not a clock gate."
btrack,clean_eighths,syncopation_burst,burstCount=1,clean_eighths__syncop_burst1,clean_eighths__baseline,syncopation.hasSyncopation,bool,0.0,0.0,0.0,measured,measured,,"Edit-onsets perturbation. SPEC 19 'no tempo jump from one isolated syncopated event' is NOT-MEASURED offline; the step proxy is raw only, not a clock gate."
btrack,clean_eighths,syncopation_burst,burstCount=1,clean_eighths__syncop_burst1,clean_eighths__baseline,syncopation.syncopationMaxStepFraction,float,,,,missing,missing,requires hasSyncopation,"Edit-onsets perturbation. SPEC 19 'no tempo jump from one isolated syncopated event' is NOT-MEASURED offline; the step proxy is raw only, not a clock gate."
btrack,clean_eighths,syncopation_burst,burstCount=1,clean_eighths__syncop_burst1,clean_eighths__baseline,syncopation.syncopationMaxDeviationFraction,float,,,,missing,missing,requires hasSyncopation,"Edit-onsets perturbation. SPEC 19 'no tempo jump from one isolated syncopated event' is NOT-MEASURED offline; the step proxy is raw only, not a clock gate."
btrack,clean_eighths,syncopation_burst,burstCount=1,clean_eighths__syncop_burst1,clean_eighths__baseline,resources.cpuSeconds,float,0.036564,0.036475,8.9e-05,measured,measured,,"Edit-onsets perturbation. SPEC 19 'no tempo jump from one isolated syncopated event' is NOT-MEASURED offline; the step proxy is raw only, not a clock gate."
btrack,clean_eighths,syncopation_burst,burstCount=1,clean_eighths__syncop_burst1,clean_eighths__baseline,resources.allocationCount,int,1481.0,1481.0,0.0,measured,measured,,"Edit-onsets perturbation. SPEC 19 'no tempo jump from one isolated syncopated event' is NOT-MEASURED offline; the step proxy is raw only, not a clock gate."
btrack,clean_eighths,syncopation_burst,burstCount=4,clean_eighths__syncop_burst4,clean_eighths__baseline,detection.predictedBeats,int,9.0,9.0,0.0,measured,measured,,"Edit-onsets perturbation. SPEC 19 'no tempo jump from one isolated syncopated event' is NOT-MEASURED offline; the step proxy is raw only, not a clock gate."
btrack,clean_eighths,syncopation_burst,burstCount=4,clean_eighths__syncop_burst4,clean_eighths__baseline,detection.truePositives,int,7.0,7.0,0.0,measured,measured,,"Edit-onsets perturbation. SPEC 19 'no tempo jump from one isolated syncopated event' is NOT-MEASURED offline; the step proxy is raw only, not a clock gate."
btrack,clean_eighths,syncopation_burst,burstCount=4,clean_eighths__syncop_burst4,clean_eighths__baseline,detection.falsePositives,int,2.0,2.0,0.0,measured,measured,,"Edit-onsets perturbation. SPEC 19 'no tempo jump from one isolated syncopated event' is NOT-MEASURED offline; the step proxy is raw only, not a clock gate."
btrack,clean_eighths,syncopation_burst,burstCount=4,clean_eighths__syncop_burst4,clean_eighths__baseline,detection.falseNegatives,int,3.0,3.0,0.0,measured,measured,,"Edit-onsets perturbation. SPEC 19 'no tempo jump from one isolated syncopated event' is NOT-MEASURED offline; the step proxy is raw only, not a clock gate."
btrack,clean_eighths,syncopation_burst,burstCount=4,clean_eighths__syncop_burst4,clean_eighths__baseline,detection.precision,float,0.777777778,0.777777778,0.0,measured,measured,,"Edit-onsets perturbation. SPEC 19 'no tempo jump from one isolated syncopated event' is NOT-MEASURED offline; the step proxy is raw only, not a clock gate."
btrack,clean_eighths,syncopation_burst,burstCount=4,clean_eighths__syncop_burst4,clean_eighths__baseline,detection.recall,float,0.7,0.7,0.0,measured,measured,,"Edit-onsets perturbation. SPEC 19 'no tempo jump from one isolated syncopated event' is NOT-MEASURED offline; the step proxy is raw only, not a clock gate."
btrack,clean_eighths,syncopation_burst,burstCount=4,clean_eighths__syncop_burst4,clean_eighths__baseline,detection.fMeasure,float,0.736842105,0.736842105,0.0,measured,measured,,"Edit-onsets perturbation. SPEC 19 'no tempo jump from one isolated syncopated event' is NOT-MEASURED offline; the step proxy is raw only, not a clock gate."
btrack,clean_eighths,syncopation_burst,burstCount=4,clean_eighths__syncop_burst4,clean_eighths__baseline,acquisition.acquired,bool,0.0,0.0,0.0,measured,measured,,"Edit-onsets perturbation. SPEC 19 'no tempo jump from one isolated syncopated event' is NOT-MEASURED offline; the step proxy is raw only, not a clock gate."
btrack,clean_eighths,syncopation_burst,burstCount=4,clean_eighths__syncop_burst4,clean_eighths__baseline,acquisition.acquisitionBars,float,,,,missing,missing,requires acquired,"Edit-onsets perturbation. SPEC 19 'no tempo jump from one isolated syncopated event' is NOT-MEASURED offline; the step proxy is raw only, not a clock gate."
btrack,clean_eighths,syncopation_burst,burstCount=4,clean_eighths__syncop_burst4,clean_eighths__baseline,acquisition.acquisitionSeconds,float,,,,missing,missing,requires acquired,"Edit-onsets perturbation. SPEC 19 'no tempo jump from one isolated syncopated event' is NOT-MEASURED offline; the step proxy is raw only, not a clock gate."
btrack,clean_eighths,syncopation_burst,burstCount=4,clean_eighths__syncop_burst4,clean_eighths__baseline,acquisition.acquisitionBeats,float,,,,missing,missing,requires acquired,"Edit-onsets perturbation. SPEC 19 'no tempo jump from one isolated syncopated event' is NOT-MEASURED offline; the step proxy is raw only, not a clock gate."
btrack,clean_eighths,syncopation_burst,burstCount=4,clean_eighths__syncop_burst4,clean_eighths__baseline,bpm.hasBpmLock,bool,1.0,1.0,0.0,measured,measured,,"Edit-onsets perturbation. SPEC 19 'no tempo jump from one isolated syncopated event' is NOT-MEASURED offline; the step proxy is raw only, not a clock gate."
btrack,clean_eighths,syncopation_burst,burstCount=4,clean_eighths__syncop_burst4,clean_eighths__baseline,bpm.lockedBpm,float,123.046875,123.046875,0.0,measured,measured,,"Edit-onsets perturbation. SPEC 19 'no tempo jump from one isolated syncopated event' is NOT-MEASURED offline; the step proxy is raw only, not a clock gate."
btrack,clean_eighths,syncopation_burst,burstCount=4,clean_eighths__syncop_burst4,clean_eighths__baseline,bpm.bpmRelativeError,float,0.0234375,0.0234375,0.0,measured,measured,,"Edit-onsets perturbation. SPEC 19 'no tempo jump from one isolated syncopated event' is NOT-MEASURED offline; the step proxy is raw only, not a clock gate."
btrack,clean_eighths,syncopation_burst,burstCount=4,clean_eighths__syncop_burst4,clean_eighths__baseline,bpm.spec2pctWithin,bool,0.0,0.0,0.0,measured,measured,,"Edit-onsets perturbation. SPEC 19 'no tempo jump from one isolated syncopated event' is NOT-MEASURED offline; the step proxy is raw only, not a clock gate."
btrack,clean_eighths,syncopation_burst,burstCount=4,clean_eighths__syncop_burst4,clean_eighths__baseline,bpm.spec2pctNormalized,float,1.171875,1.171875,0.0,measured,measured,,"Edit-onsets perturbation. SPEC 19 'no tempo jump from one isolated syncopated event' is NOT-MEASURED offline; the step proxy is raw only, not a clock gate."
btrack,clean_eighths,syncopation_burst,burstCount=4,clean_eighths__syncop_burst4,clean_eighths__baseline,halfDouble.halfTimeLock,bool,0.0,0.0,0.0,measured,measured,,"Edit-onsets perturbation. SPEC 19 'no tempo jump from one isolated syncopated event' is NOT-MEASURED offline; the step proxy is raw only, not a clock gate."
btrack,clean_eighths,syncopation_burst,burstCount=4,clean_eighths__syncop_burst4,clean_eighths__baseline,halfDouble.doubleTimeLock,bool,0.0,0.0,0.0,measured,measured,,"Edit-onsets perturbation. SPEC 19 'no tempo jump from one isolated syncopated event' is NOT-MEASURED offline; the step proxy is raw only, not a clock gate."
btrack,clean_eighths,syncopation_burst,burstCount=4,clean_eighths__syncop_burst4,clean_eighths__baseline,halfDouble.halfDoubleTimeError,bool,0.0,0.0,0.0,measured,measured,,"Edit-onsets perturbation. SPEC 19 'no tempo jump from one isolated syncopated event' is NOT-MEASURED offline; the step proxy is raw only, not a clock gate."
btrack,clean_eighths,syncopation_burst,burstCount=4,clean_eighths__syncop_burst4,clean_eighths__baseline,silence.trueSilenceMeasured,bool,1.0,1.0,0.0,measured,measured,,"Edit-onsets perturbation. SPEC 19 'no tempo jump from one isolated syncopated event' is NOT-MEASURED offline; the step proxy is raw only, not a clock gate."
btrack,clean_eighths,syncopation_burst,burstCount=4,clean_eighths__syncop_burst4,clean_eighths__baseline,silence.falseBeatCoverage,str,Measured,Measured,,measured,measured,,"Edit-onsets perturbation. SPEC 19 'no tempo jump from one isolated syncopated event' is NOT-MEASURED offline; the step proxy is raw only, not a clock gate."
btrack,clean_eighths,syncopation_burst,burstCount=4,clean_eighths__syncop_burst4,clean_eighths__baseline,silence.falseBeatsInTrueSilence,int,0.0,0.0,0.0,measured,measured,,"Edit-onsets perturbation. SPEC 19 'no tempo jump from one isolated syncopated event' is NOT-MEASURED offline; the step proxy is raw only, not a clock gate."
btrack,clean_eighths,syncopation_burst,burstCount=4,clean_eighths__syncop_burst4,clean_eighths__baseline,silence.falseBeatsInTrueSilencePerSecond,float,0.0,0.0,0.0,measured,measured,,"Edit-onsets perturbation. SPEC 19 'no tempo jump from one isolated syncopated event' is NOT-MEASURED offline; the step proxy is raw only, not a clock gate."
btrack,clean_eighths,syncopation_burst,burstCount=4,clean_eighths__syncop_burst4,clean_eighths__baseline,silence.maxSilenceTempoIncreaseBpm,float,,,,missing,missing,requires silenceAccelerationMeasured,"Edit-onsets perturbation. SPEC 19 'no tempo jump from one isolated syncopated event' is NOT-MEASURED offline; the step proxy is raw only, not a clock gate."
btrack,clean_eighths,syncopation_burst,burstCount=4,clean_eighths__syncop_burst4,clean_eighths__baseline,silence.falseBeatsInUnplayedBeatWindowsPerSecond,float,0.0,0.0,0.0,measured,measured,,"Edit-onsets perturbation. SPEC 19 'no tempo jump from one isolated syncopated event' is NOT-MEASURED offline; the step proxy is raw only, not a clock gate."
btrack,clean_eighths,syncopation_burst,burstCount=4,clean_eighths__syncop_burst4,clean_eighths__baseline,silence.falseBeatsOffGridInUnplayedBeatWindowsPerSecond,float,0.0,0.0,0.0,measured,measured,,"Edit-onsets perturbation. SPEC 19 'no tempo jump from one isolated syncopated event' is NOT-MEASURED offline; the step proxy is raw only, not a clock gate."
btrack,clean_eighths,syncopation_burst,burstCount=4,clean_eighths__syncop_burst4,clean_eighths__baseline,timing.beatsReportedByBackend,int,9.0,9.0,0.0,measured,measured,,"Edit-onsets perturbation. SPEC 19 'no tempo jump from one isolated syncopated event' is NOT-MEASURED offline; the step proxy is raw only, not a clock gate."
btrack,clean_eighths,syncopation_burst,burstCount=4,clean_eighths__syncop_burst4,clean_eighths__baseline,timing.beatsStampAtBlockStart,int,0.0,0.0,0.0,measured,measured,,"Edit-onsets perturbation. SPEC 19 'no tempo jump from one isolated syncopated event' is NOT-MEASURED offline; the step proxy is raw only, not a clock gate."
btrack,clean_eighths,syncopation_burst,burstCount=4,clean_eighths__syncop_burst4,clean_eighths__baseline,timing.beatsRejectedNonCausal,int,0.0,0.0,0.0,measured,measured,,"Edit-onsets perturbation. SPEC 19 'no tempo jump from one isolated syncopated event' is NOT-MEASURED offline; the step proxy is raw only, not a clock gate."
btrack,clean_eighths,syncopation_burst,burstCount=4,clean_eighths__syncop_burst4,clean_eighths__baseline,timing.rateMismatchBlocks,int,0.0,0.0,0.0,measured,measured,,"Edit-onsets perturbation. SPEC 19 'no tempo jump from one isolated syncopated event' is NOT-MEASURED offline; the step proxy is raw only, not a clock gate."
btrack,clean_eighths,syncopation_burst,burstCount=4,clean_eighths__syncop_burst4,clean_eighths__baseline,timing.causalAvailabilityMeanSeconds,float,0.012523148,0.012523148,0.0,measured,measured,,"Edit-onsets perturbation. SPEC 19 'no tempo jump from one isolated syncopated event' is NOT-MEASURED offline; the step proxy is raw only, not a clock gate."
btrack,clean_eighths,syncopation_burst,burstCount=4,clean_eighths__syncop_burst4,clean_eighths__baseline,timing.causalAvailabilityMaxSeconds,float,0.014125,0.014125,0.0,measured,measured,,"Edit-onsets perturbation. SPEC 19 'no tempo jump from one isolated syncopated event' is NOT-MEASURED offline; the step proxy is raw only, not a clock gate."
btrack,clean_eighths,syncopation_burst,burstCount=4,clean_eighths__syncop_burst4,clean_eighths__baseline,phase.phaseMeasured,bool,1.0,1.0,0.0,measured,measured,,"Edit-onsets perturbation. SPEC 19 'no tempo jump from one isolated syncopated event' is NOT-MEASURED offline; the step proxy is raw only, not a clock gate."
btrack,clean_eighths,syncopation_burst,burstCount=4,clean_eighths__syncop_burst4,clean_eighths__baseline,phase.phaseMeanMs,float,-11.0259354,-11.0259354,0.0,measured,measured,,"Edit-onsets perturbation. SPEC 19 'no tempo jump from one isolated syncopated event' is NOT-MEASURED offline; the step proxy is raw only, not a clock gate."
btrack,clean_eighths,syncopation_burst,burstCount=4,clean_eighths__syncop_burst4,clean_eighths__baseline,phase.phaseMeanAbsMs,float,13.3932823,13.3932823,0.0,measured,measured,,"Edit-onsets perturbation. SPEC 19 'no tempo jump from one isolated syncopated event' is NOT-MEASURED offline; the step proxy is raw only, not a clock gate."
btrack,clean_eighths,syncopation_burst,burstCount=4,clean_eighths__syncop_burst4,clean_eighths__baseline,phase.phaseP50AbsMs,float,3.14881,3.14881,0.0,measured,measured,,"Edit-onsets perturbation. SPEC 19 'no tempo jump from one isolated syncopated event' is NOT-MEASURED offline; the step proxy is raw only, not a clock gate."
btrack,clean_eighths,syncopation_burst,burstCount=4,clean_eighths__syncop_burst4,clean_eighths__baseline,phase.phaseP95AbsMs,float,48.315476,48.315476,0.0,measured,measured,,"Edit-onsets perturbation. SPEC 19 'no tempo jump from one isolated syncopated event' is NOT-MEASURED offline; the step proxy is raw only, not a clock gate."
btrack,clean_eighths,syncopation_burst,burstCount=4,clean_eighths__syncop_burst4,clean_eighths__baseline,ramp.hasRamp,bool,0.0,0.0,0.0,measured,measured,,"Edit-onsets perturbation. SPEC 19 'no tempo jump from one isolated syncopated event' is NOT-MEASURED offline; the step proxy is raw only, not a clock gate."
btrack,clean_eighths,syncopation_burst,burstCount=4,clean_eighths__syncop_burst4,clean_eighths__baseline,ramp.rampLocalTempoRelErrorMean,float,,,,missing,missing,requires hasRamp,"Edit-onsets perturbation. SPEC 19 'no tempo jump from one isolated syncopated event' is NOT-MEASURED offline; the step proxy is raw only, not a clock gate."
btrack,clean_eighths,syncopation_burst,burstCount=4,clean_eighths__syncop_burst4,clean_eighths__baseline,ramp.rampLocalTempoRelErrorWorst,float,,,,missing,missing,requires hasRamp,"Edit-onsets perturbation. SPEC 19 'no tempo jump from one isolated syncopated event' is NOT-MEASURED offline; the step proxy is raw only, not a clock gate."
btrack,clean_eighths,syncopation_burst,burstCount=4,clean_eighths__syncop_burst4,clean_eighths__baseline,syncopation.hasSyncopation,bool,0.0,0.0,0.0,measured,measured,,"Edit-onsets perturbation. SPEC 19 'no tempo jump from one isolated syncopated event' is NOT-MEASURED offline; the step proxy is raw only, not a clock gate."
btrack,clean_eighths,syncopation_burst,burstCount=4,clean_eighths__syncop_burst4,clean_eighths__baseline,syncopation.syncopationMaxStepFraction,float,,,,missing,missing,requires hasSyncopation,"Edit-onsets perturbation. SPEC 19 'no tempo jump from one isolated syncopated event' is NOT-MEASURED offline; the step proxy is raw only, not a clock gate."
btrack,clean_eighths,syncopation_burst,burstCount=4,clean_eighths__syncop_burst4,clean_eighths__baseline,syncopation.syncopationMaxDeviationFraction,float,,,,missing,missing,requires hasSyncopation,"Edit-onsets perturbation. SPEC 19 'no tempo jump from one isolated syncopated event' is NOT-MEASURED offline; the step proxy is raw only, not a clock gate."
btrack,clean_eighths,syncopation_burst,burstCount=4,clean_eighths__syncop_burst4,clean_eighths__baseline,resources.cpuSeconds,float,0.036414,0.036475,-6.1e-05,measured,measured,,"Edit-onsets perturbation. SPEC 19 'no tempo jump from one isolated syncopated event' is NOT-MEASURED offline; the step proxy is raw only, not a clock gate."
btrack,clean_eighths,syncopation_burst,burstCount=4,clean_eighths__syncop_burst4,clean_eighths__baseline,resources.allocationCount,int,1481.0,1481.0,0.0,measured,measured,,"Edit-onsets perturbation. SPEC 19 'no tempo jump from one isolated syncopated event' is NOT-MEASURED offline; the step proxy is raw only, not a clock gate."
btrack,clean_eighths,tempo_step,ratio=0.85,clean_eighths__tempo_step_0.85,clean_eighths__baseline,detection.predictedBeats,int,10.0,9.0,1.0,measured,measured,,"Duration differs from the paired baseline (tape-speed warp). Detection counts, acquisition and silence occupancy are NOT length-commensurable; compare tempo/phase within the clip."
btrack,clean_eighths,tempo_step,ratio=0.85,clean_eighths__tempo_step_0.85,clean_eighths__baseline,detection.truePositives,int,3.0,7.0,-4.0,measured,measured,,"Duration differs from the paired baseline (tape-speed warp). Detection counts, acquisition and silence occupancy are NOT length-commensurable; compare tempo/phase within the clip."
btrack,clean_eighths,tempo_step,ratio=0.85,clean_eighths__tempo_step_0.85,clean_eighths__baseline,detection.falsePositives,int,7.0,2.0,5.0,measured,measured,,"Duration differs from the paired baseline (tape-speed warp). Detection counts, acquisition and silence occupancy are NOT length-commensurable; compare tempo/phase within the clip."
btrack,clean_eighths,tempo_step,ratio=0.85,clean_eighths__tempo_step_0.85,clean_eighths__baseline,detection.falseNegatives,int,7.0,3.0,4.0,measured,measured,,"Duration differs from the paired baseline (tape-speed warp). Detection counts, acquisition and silence occupancy are NOT length-commensurable; compare tempo/phase within the clip."
btrack,clean_eighths,tempo_step,ratio=0.85,clean_eighths__tempo_step_0.85,clean_eighths__baseline,detection.precision,float,0.3,0.777777778,-0.477777778,measured,measured,,"Duration differs from the paired baseline (tape-speed warp). Detection counts, acquisition and silence occupancy are NOT length-commensurable; compare tempo/phase within the clip."
btrack,clean_eighths,tempo_step,ratio=0.85,clean_eighths__tempo_step_0.85,clean_eighths__baseline,detection.recall,float,0.3,0.7,-0.4,measured,measured,,"Duration differs from the paired baseline (tape-speed warp). Detection counts, acquisition and silence occupancy are NOT length-commensurable; compare tempo/phase within the clip."
btrack,clean_eighths,tempo_step,ratio=0.85,clean_eighths__tempo_step_0.85,clean_eighths__baseline,detection.fMeasure,float,0.3,0.736842105,-0.436842105,measured,measured,,"Duration differs from the paired baseline (tape-speed warp). Detection counts, acquisition and silence occupancy are NOT length-commensurable; compare tempo/phase within the clip."
btrack,clean_eighths,tempo_step,ratio=0.85,clean_eighths__tempo_step_0.85,clean_eighths__baseline,acquisition.acquired,bool,0.0,0.0,0.0,measured,measured,,"Duration differs from the paired baseline (tape-speed warp). Detection counts, acquisition and silence occupancy are NOT length-commensurable; compare tempo/phase within the clip."
btrack,clean_eighths,tempo_step,ratio=0.85,clean_eighths__tempo_step_0.85,clean_eighths__baseline,acquisition.acquisitionBars,float,,,,missing,missing,requires acquired,"Duration differs from the paired baseline (tape-speed warp). Detection counts, acquisition and silence occupancy are NOT length-commensurable; compare tempo/phase within the clip."
btrack,clean_eighths,tempo_step,ratio=0.85,clean_eighths__tempo_step_0.85,clean_eighths__baseline,acquisition.acquisitionSeconds,float,,,,missing,missing,requires acquired,"Duration differs from the paired baseline (tape-speed warp). Detection counts, acquisition and silence occupancy are NOT length-commensurable; compare tempo/phase within the clip."
btrack,clean_eighths,tempo_step,ratio=0.85,clean_eighths__tempo_step_0.85,clean_eighths__baseline,acquisition.acquisitionBeats,float,,,,missing,missing,requires acquired,"Duration differs from the paired baseline (tape-speed warp). Detection counts, acquisition and silence occupancy are NOT length-commensurable; compare tempo/phase within the clip."
btrack,clean_eighths,tempo_step,ratio=0.85,clean_eighths__tempo_step_0.85,clean_eighths__baseline,bpm.hasBpmLock,bool,1.0,1.0,0.0,measured,measured,,"Duration differs from the paired baseline (tape-speed warp). Detection counts, acquisition and silence occupancy are NOT length-commensurable; compare tempo/phase within the clip."
btrack,clean_eighths,tempo_step,ratio=0.85,clean_eighths__tempo_step_0.85,clean_eighths__baseline,bpm.lockedBpm,float,123.046875,123.046875,0.0,measured,measured,,"Duration differs from the paired baseline (tape-speed warp). Detection counts, acquisition and silence occupancy are NOT length-commensurable; compare tempo/phase within the clip."
btrack,clean_eighths,tempo_step,ratio=0.85,clean_eighths__tempo_step_0.85,clean_eighths__baseline,bpm.bpmRelativeError,float,,0.0234375,,missing,measured,requires hasNominalBpm,"Duration differs from the paired baseline (tape-speed warp). Detection counts, acquisition and silence occupancy are NOT length-commensurable; compare tempo/phase within the clip."
btrack,clean_eighths,tempo_step,ratio=0.85,clean_eighths__tempo_step_0.85,clean_eighths__baseline,bpm.spec2pctWithin,bool,,0.0,,missing,measured,requires hasNominalBpm,"Duration differs from the paired baseline (tape-speed warp). Detection counts, acquisition and silence occupancy are NOT length-commensurable; compare tempo/phase within the clip."
btrack,clean_eighths,tempo_step,ratio=0.85,clean_eighths__tempo_step_0.85,clean_eighths__baseline,bpm.spec2pctNormalized,float,,1.171875,,missing,measured,requires hasNominalBpm,"Duration differs from the paired baseline (tape-speed warp). Detection counts, acquisition and silence occupancy are NOT length-commensurable; compare tempo/phase within the clip."
btrack,clean_eighths,tempo_step,ratio=0.85,clean_eighths__tempo_step_0.85,clean_eighths__baseline,halfDouble.halfTimeLock,bool,,0.0,,missing,measured,requires hasNominalBpm,"Duration differs from the paired baseline (tape-speed warp). Detection counts, acquisition and silence occupancy are NOT length-commensurable; compare tempo/phase within the clip."
btrack,clean_eighths,tempo_step,ratio=0.85,clean_eighths__tempo_step_0.85,clean_eighths__baseline,halfDouble.doubleTimeLock,bool,,0.0,,missing,measured,requires hasNominalBpm,"Duration differs from the paired baseline (tape-speed warp). Detection counts, acquisition and silence occupancy are NOT length-commensurable; compare tempo/phase within the clip."
btrack,clean_eighths,tempo_step,ratio=0.85,clean_eighths__tempo_step_0.85,clean_eighths__baseline,halfDouble.halfDoubleTimeError,bool,,0.0,,missing,measured,requires hasNominalBpm,"Duration differs from the paired baseline (tape-speed warp). Detection counts, acquisition and silence occupancy are NOT length-commensurable; compare tempo/phase within the clip."
btrack,clean_eighths,tempo_step,ratio=0.85,clean_eighths__tempo_step_0.85,clean_eighths__baseline,silence.trueSilenceMeasured,bool,1.0,1.0,0.0,measured,measured,,"Duration differs from the paired baseline (tape-speed warp). Detection counts, acquisition and silence occupancy are NOT length-commensurable; compare tempo/phase within the clip."
btrack,clean_eighths,tempo_step,ratio=0.85,clean_eighths__tempo_step_0.85,clean_eighths__baseline,silence.falseBeatCoverage,str,Measured,Measured,,measured,measured,,"Duration differs from the paired baseline (tape-speed warp). Detection counts, acquisition and silence occupancy are NOT length-commensurable; compare tempo/phase within the clip."
btrack,clean_eighths,tempo_step,ratio=0.85,clean_eighths__tempo_step_0.85,clean_eighths__baseline,silence.falseBeatsInTrueSilence,int,0.0,0.0,0.0,measured,measured,,"Duration differs from the paired baseline (tape-speed warp). Detection counts, acquisition and silence occupancy are NOT length-commensurable; compare tempo/phase within the clip."
btrack,clean_eighths,tempo_step,ratio=0.85,clean_eighths__tempo_step_0.85,clean_eighths__baseline,silence.falseBeatsInTrueSilencePerSecond,float,0.0,0.0,0.0,measured,measured,,"Duration differs from the paired baseline (tape-speed warp). Detection counts, acquisition and silence occupancy are NOT length-commensurable; compare tempo/phase within the clip."
btrack,clean_eighths,tempo_step,ratio=0.85,clean_eighths__tempo_step_0.85,clean_eighths__baseline,silence.maxSilenceTempoIncreaseBpm,float,,,,missing,missing,requires silenceAccelerationMeasured,"Duration differs from the paired baseline (tape-speed warp). Detection counts, acquisition and silence occupancy are NOT length-commensurable; compare tempo/phase within the clip."
btrack,clean_eighths,tempo_step,ratio=0.85,clean_eighths__tempo_step_0.85,clean_eighths__baseline,silence.falseBeatsInUnplayedBeatWindowsPerSecond,float,0.0,0.0,0.0,measured,measured,,"Duration differs from the paired baseline (tape-speed warp). Detection counts, acquisition and silence occupancy are NOT length-commensurable; compare tempo/phase within the clip."
btrack,clean_eighths,tempo_step,ratio=0.85,clean_eighths__tempo_step_0.85,clean_eighths__baseline,silence.falseBeatsOffGridInUnplayedBeatWindowsPerSecond,float,0.0,0.0,0.0,measured,measured,,"Duration differs from the paired baseline (tape-speed warp). Detection counts, acquisition and silence occupancy are NOT length-commensurable; compare tempo/phase within the clip."
btrack,clean_eighths,tempo_step,ratio=0.85,clean_eighths__tempo_step_0.85,clean_eighths__baseline,timing.beatsReportedByBackend,int,10.0,9.0,1.0,measured,measured,,"Duration differs from the paired baseline (tape-speed warp). Detection counts, acquisition and silence occupancy are NOT length-commensurable; compare tempo/phase within the clip."
btrack,clean_eighths,tempo_step,ratio=0.85,clean_eighths__tempo_step_0.85,clean_eighths__baseline,timing.beatsStampAtBlockStart,int,0.0,0.0,0.0,measured,measured,,"Duration differs from the paired baseline (tape-speed warp). Detection counts, acquisition and silence occupancy are NOT length-commensurable; compare tempo/phase within the clip."
btrack,clean_eighths,tempo_step,ratio=0.85,clean_eighths__tempo_step_0.85,clean_eighths__baseline,timing.beatsRejectedNonCausal,int,0.0,0.0,0.0,measured,measured,,"Duration differs from the paired baseline (tape-speed warp). Detection counts, acquisition and silence occupancy are NOT length-commensurable; compare tempo/phase within the clip."
btrack,clean_eighths,tempo_step,ratio=0.85,clean_eighths__tempo_step_0.85,clean_eighths__baseline,timing.rateMismatchBlocks,int,0.0,0.0,0.0,measured,measured,,"Duration differs from the paired baseline (tape-speed warp). Detection counts, acquisition and silence occupancy are NOT length-commensurable; compare tempo/phase within the clip."
btrack,clean_eighths,tempo_step,ratio=0.85,clean_eighths__tempo_step_0.85,clean_eighths__baseline,timing.causalAvailabilityMeanSeconds,float,0.012777083,0.012523148,0.000253935,measured,measured,,"Duration differs from the paired baseline (tape-speed warp). Detection counts, acquisition and silence occupancy are NOT length-commensurable; compare tempo/phase within the clip."
btrack,clean_eighths,tempo_step,ratio=0.85,clean_eighths__tempo_step_0.85,clean_eighths__baseline,timing.causalAvailabilityMaxSeconds,float,0.014125,0.014125,0.0,measured,measured,,"Duration differs from the paired baseline (tape-speed warp). Detection counts, acquisition and silence occupancy are NOT length-commensurable; compare tempo/phase within the clip."
btrack,clean_eighths,tempo_step,ratio=0.85,clean_eighths__tempo_step_0.85,clean_eighths__baseline,phase.phaseMeasured,bool,1.0,1.0,0.0,measured,measured,,"Duration differs from the paired baseline (tape-speed warp). Detection counts, acquisition and silence occupancy are NOT length-commensurable; compare tempo/phase within the clip."
btrack,clean_eighths,tempo_step,ratio=0.85,clean_eighths__tempo_step_0.85,clean_eighths__baseline,phase.phaseMeanMs,float,-18.7574113,-11.0259354,-7.7314759,measured,measured,,"Duration differs from the paired baseline (tape-speed warp). Detection counts, acquisition and silence occupancy are NOT length-commensurable; compare tempo/phase within the clip."
btrack,clean_eighths,tempo_step,ratio=0.85,clean_eighths__tempo_step_0.85,clean_eighths__baseline,phase.phaseMeanAbsMs,float,30.544176,13.3932823,17.1508937,measured,measured,,"Duration differs from the paired baseline (tape-speed warp). Detection counts, acquisition and silence occupancy are NOT length-commensurable; compare tempo/phase within the clip."
btrack,clean_eighths,tempo_step,ratio=0.85,clean_eighths__tempo_step_0.85,clean_eighths__baseline,phase.phaseP50AbsMs,float,25.636905,3.14881,22.488095,measured,measured,,"Duration differs from the paired baseline (tape-speed warp). Detection counts, acquisition and silence occupancy are NOT length-commensurable; compare tempo/phase within the clip."
btrack,clean_eighths,tempo_step,ratio=0.85,clean_eighths__tempo_step_0.85,clean_eighths__baseline,phase.phaseP95AbsMs,float,48.315476,48.315476,0.0,measured,measured,,"Duration differs from the paired baseline (tape-speed warp). Detection counts, acquisition and silence occupancy are NOT length-commensurable; compare tempo/phase within the clip."
btrack,clean_eighths,tempo_step,ratio=0.85,clean_eighths__tempo_step_0.85,clean_eighths__baseline,ramp.hasRamp,bool,0.0,0.0,0.0,measured,measured,,"Duration differs from the paired baseline (tape-speed warp). Detection counts, acquisition and silence occupancy are NOT length-commensurable; compare tempo/phase within the clip."
btrack,clean_eighths,tempo_step,ratio=0.85,clean_eighths__tempo_step_0.85,clean_eighths__baseline,ramp.rampLocalTempoRelErrorMean,float,,,,missing,missing,requires hasRamp,"Duration differs from the paired baseline (tape-speed warp). Detection counts, acquisition and silence occupancy are NOT length-commensurable; compare tempo/phase within the clip."
btrack,clean_eighths,tempo_step,ratio=0.85,clean_eighths__tempo_step_0.85,clean_eighths__baseline,ramp.rampLocalTempoRelErrorWorst,float,,,,missing,missing,requires hasRamp,"Duration differs from the paired baseline (tape-speed warp). Detection counts, acquisition and silence occupancy are NOT length-commensurable; compare tempo/phase within the clip."
btrack,clean_eighths,tempo_step,ratio=0.85,clean_eighths__tempo_step_0.85,clean_eighths__baseline,syncopation.hasSyncopation,bool,0.0,0.0,0.0,measured,measured,,"Duration differs from the paired baseline (tape-speed warp). Detection counts, acquisition and silence occupancy are NOT length-commensurable; compare tempo/phase within the clip."
btrack,clean_eighths,tempo_step,ratio=0.85,clean_eighths__tempo_step_0.85,clean_eighths__baseline,syncopation.syncopationMaxStepFraction,float,,,,missing,missing,requires hasSyncopation,"Duration differs from the paired baseline (tape-speed warp). Detection counts, acquisition and silence occupancy are NOT length-commensurable; compare tempo/phase within the clip."
btrack,clean_eighths,tempo_step,ratio=0.85,clean_eighths__tempo_step_0.85,clean_eighths__baseline,syncopation.syncopationMaxDeviationFraction,float,,,,missing,missing,requires hasSyncopation,"Duration differs from the paired baseline (tape-speed warp). Detection counts, acquisition and silence occupancy are NOT length-commensurable; compare tempo/phase within the clip."
btrack,clean_eighths,tempo_step,ratio=0.85,clean_eighths__tempo_step_0.85,clean_eighths__baseline,resources.cpuSeconds,float,0.040341,0.036475,0.003866,measured,measured,,"Duration differs from the paired baseline (tape-speed warp). Detection counts, acquisition and silence occupancy are NOT length-commensurable; compare tempo/phase within the clip."
btrack,clean_eighths,tempo_step,ratio=0.85,clean_eighths__tempo_step_0.85,clean_eighths__baseline,resources.allocationCount,int,1523.0,1481.0,42.0,measured,measured,,"Duration differs from the paired baseline (tape-speed warp). Detection counts, acquisition and silence occupancy are NOT length-commensurable; compare tempo/phase within the clip."
btrack,clean_eighths,tempo_step,ratio=1.25,clean_eighths__tempo_step_1.25,clean_eighths__baseline,detection.predictedBeats,int,8.0,9.0,-1.0,measured,measured,,"Duration differs from the paired baseline (tape-speed warp). Detection counts, acquisition and silence occupancy are NOT length-commensurable; compare tempo/phase within the clip."
btrack,clean_eighths,tempo_step,ratio=1.25,clean_eighths__tempo_step_1.25,clean_eighths__baseline,detection.truePositives,int,2.0,7.0,-5.0,measured,measured,,"Duration differs from the paired baseline (tape-speed warp). Detection counts, acquisition and silence occupancy are NOT length-commensurable; compare tempo/phase within the clip."
btrack,clean_eighths,tempo_step,ratio=1.25,clean_eighths__tempo_step_1.25,clean_eighths__baseline,detection.falsePositives,int,6.0,2.0,4.0,measured,measured,,"Duration differs from the paired baseline (tape-speed warp). Detection counts, acquisition and silence occupancy are NOT length-commensurable; compare tempo/phase within the clip."
btrack,clean_eighths,tempo_step,ratio=1.25,clean_eighths__tempo_step_1.25,clean_eighths__baseline,detection.falseNegatives,int,8.0,3.0,5.0,measured,measured,,"Duration differs from the paired baseline (tape-speed warp). Detection counts, acquisition and silence occupancy are NOT length-commensurable; compare tempo/phase within the clip."
btrack,clean_eighths,tempo_step,ratio=1.25,clean_eighths__tempo_step_1.25,clean_eighths__baseline,detection.precision,float,0.25,0.777777778,-0.527777778,measured,measured,,"Duration differs from the paired baseline (tape-speed warp). Detection counts, acquisition and silence occupancy are NOT length-commensurable; compare tempo/phase within the clip."
btrack,clean_eighths,tempo_step,ratio=1.25,clean_eighths__tempo_step_1.25,clean_eighths__baseline,detection.recall,float,0.2,0.7,-0.5,measured,measured,,"Duration differs from the paired baseline (tape-speed warp). Detection counts, acquisition and silence occupancy are NOT length-commensurable; compare tempo/phase within the clip."
btrack,clean_eighths,tempo_step,ratio=1.25,clean_eighths__tempo_step_1.25,clean_eighths__baseline,detection.fMeasure,float,0.222222222,0.736842105,-0.514619883,measured,measured,,"Duration differs from the paired baseline (tape-speed warp). Detection counts, acquisition and silence occupancy are NOT length-commensurable; compare tempo/phase within the clip."
btrack,clean_eighths,tempo_step,ratio=1.25,clean_eighths__tempo_step_1.25,clean_eighths__baseline,acquisition.acquired,bool,0.0,0.0,0.0,measured,measured,,"Duration differs from the paired baseline (tape-speed warp). Detection counts, acquisition and silence occupancy are NOT length-commensurable; compare tempo/phase within the clip."
btrack,clean_eighths,tempo_step,ratio=1.25,clean_eighths__tempo_step_1.25,clean_eighths__baseline,acquisition.acquisitionBars,float,,,,missing,missing,requires acquired,"Duration differs from the paired baseline (tape-speed warp). Detection counts, acquisition and silence occupancy are NOT length-commensurable; compare tempo/phase within the clip."
btrack,clean_eighths,tempo_step,ratio=1.25,clean_eighths__tempo_step_1.25,clean_eighths__baseline,acquisition.acquisitionSeconds,float,,,,missing,missing,requires acquired,"Duration differs from the paired baseline (tape-speed warp). Detection counts, acquisition and silence occupancy are NOT length-commensurable; compare tempo/phase within the clip."
btrack,clean_eighths,tempo_step,ratio=1.25,clean_eighths__tempo_step_1.25,clean_eighths__baseline,acquisition.acquisitionBeats,float,,,,missing,missing,requires acquired,"Duration differs from the paired baseline (tape-speed warp). Detection counts, acquisition and silence occupancy are NOT length-commensurable; compare tempo/phase within the clip."
btrack,clean_eighths,tempo_step,ratio=1.25,clean_eighths__tempo_step_1.25,clean_eighths__baseline,bpm.hasBpmLock,bool,1.0,1.0,0.0,measured,measured,,"Duration differs from the paired baseline (tape-speed warp). Detection counts, acquisition and silence occupancy are NOT length-commensurable; compare tempo/phase within the clip."
btrack,clean_eighths,tempo_step,ratio=1.25,clean_eighths__tempo_step_1.25,clean_eighths__baseline,bpm.lockedBpm,float,123.046875,123.046875,0.0,measured,measured,,"Duration differs from the paired baseline (tape-speed warp). Detection counts, acquisition and silence occupancy are NOT length-commensurable; compare tempo/phase within the clip."
btrack,clean_eighths,tempo_step,ratio=1.25,clean_eighths__tempo_step_1.25,clean_eighths__baseline,bpm.bpmRelativeError,float,,0.0234375,,missing,measured,requires hasNominalBpm,"Duration differs from the paired baseline (tape-speed warp). Detection counts, acquisition and silence occupancy are NOT length-commensurable; compare tempo/phase within the clip."
btrack,clean_eighths,tempo_step,ratio=1.25,clean_eighths__tempo_step_1.25,clean_eighths__baseline,bpm.spec2pctWithin,bool,,0.0,,missing,measured,requires hasNominalBpm,"Duration differs from the paired baseline (tape-speed warp). Detection counts, acquisition and silence occupancy are NOT length-commensurable; compare tempo/phase within the clip."
btrack,clean_eighths,tempo_step,ratio=1.25,clean_eighths__tempo_step_1.25,clean_eighths__baseline,bpm.spec2pctNormalized,float,,1.171875,,missing,measured,requires hasNominalBpm,"Duration differs from the paired baseline (tape-speed warp). Detection counts, acquisition and silence occupancy are NOT length-commensurable; compare tempo/phase within the clip."
btrack,clean_eighths,tempo_step,ratio=1.25,clean_eighths__tempo_step_1.25,clean_eighths__baseline,halfDouble.halfTimeLock,bool,,0.0,,missing,measured,requires hasNominalBpm,"Duration differs from the paired baseline (tape-speed warp). Detection counts, acquisition and silence occupancy are NOT length-commensurable; compare tempo/phase within the clip."
btrack,clean_eighths,tempo_step,ratio=1.25,clean_eighths__tempo_step_1.25,clean_eighths__baseline,halfDouble.doubleTimeLock,bool,,0.0,,missing,measured,requires hasNominalBpm,"Duration differs from the paired baseline (tape-speed warp). Detection counts, acquisition and silence occupancy are NOT length-commensurable; compare tempo/phase within the clip."
btrack,clean_eighths,tempo_step,ratio=1.25,clean_eighths__tempo_step_1.25,clean_eighths__baseline,halfDouble.halfDoubleTimeError,bool,,0.0,,missing,measured,requires hasNominalBpm,"Duration differs from the paired baseline (tape-speed warp). Detection counts, acquisition and silence occupancy are NOT length-commensurable; compare tempo/phase within the clip."
btrack,clean_eighths,tempo_step,ratio=1.25,clean_eighths__tempo_step_1.25,clean_eighths__baseline,silence.trueSilenceMeasured,bool,1.0,1.0,0.0,measured,measured,,"Duration differs from the paired baseline (tape-speed warp). Detection counts, acquisition and silence occupancy are NOT length-commensurable; compare tempo/phase within the clip."
btrack,clean_eighths,tempo_step,ratio=1.25,clean_eighths__tempo_step_1.25,clean_eighths__baseline,silence.falseBeatCoverage,str,Measured,Measured,,measured,measured,,"Duration differs from the paired baseline (tape-speed warp). Detection counts, acquisition and silence occupancy are NOT length-commensurable; compare tempo/phase within the clip."
btrack,clean_eighths,tempo_step,ratio=1.25,clean_eighths__tempo_step_1.25,clean_eighths__baseline,silence.falseBeatsInTrueSilence,int,0.0,0.0,0.0,measured,measured,,"Duration differs from the paired baseline (tape-speed warp). Detection counts, acquisition and silence occupancy are NOT length-commensurable; compare tempo/phase within the clip."
btrack,clean_eighths,tempo_step,ratio=1.25,clean_eighths__tempo_step_1.25,clean_eighths__baseline,silence.falseBeatsInTrueSilencePerSecond,float,0.0,0.0,0.0,measured,measured,,"Duration differs from the paired baseline (tape-speed warp). Detection counts, acquisition and silence occupancy are NOT length-commensurable; compare tempo/phase within the clip."
btrack,clean_eighths,tempo_step,ratio=1.25,clean_eighths__tempo_step_1.25,clean_eighths__baseline,silence.maxSilenceTempoIncreaseBpm,float,,,,missing,missing,requires silenceAccelerationMeasured,"Duration differs from the paired baseline (tape-speed warp). Detection counts, acquisition and silence occupancy are NOT length-commensurable; compare tempo/phase within the clip."
btrack,clean_eighths,tempo_step,ratio=1.25,clean_eighths__tempo_step_1.25,clean_eighths__baseline,silence.falseBeatsInUnplayedBeatWindowsPerSecond,float,0.0,0.0,0.0,measured,measured,,"Duration differs from the paired baseline (tape-speed warp). Detection counts, acquisition and silence occupancy are NOT length-commensurable; compare tempo/phase within the clip."
btrack,clean_eighths,tempo_step,ratio=1.25,clean_eighths__tempo_step_1.25,clean_eighths__baseline,silence.falseBeatsOffGridInUnplayedBeatWindowsPerSecond,float,0.0,0.0,0.0,measured,measured,,"Duration differs from the paired baseline (tape-speed warp). Detection counts, acquisition and silence occupancy are NOT length-commensurable; compare tempo/phase within the clip."
btrack,clean_eighths,tempo_step,ratio=1.25,clean_eighths__tempo_step_1.25,clean_eighths__baseline,timing.beatsReportedByBackend,int,8.0,9.0,-1.0,measured,measured,,"Duration differs from the paired baseline (tape-speed warp). Detection counts, acquisition and silence occupancy are NOT length-commensurable; compare tempo/phase within the clip."
btrack,clean_eighths,tempo_step,ratio=1.25,clean_eighths__tempo_step_1.25,clean_eighths__baseline,timing.beatsStampAtBlockStart,int,0.0,0.0,0.0,measured,measured,,"Duration differs from the paired baseline (tape-speed warp). Detection counts, acquisition and silence occupancy are NOT length-commensurable; compare tempo/phase within the clip."
btrack,clean_eighths,tempo_step,ratio=1.25,clean_eighths__tempo_step_1.25,clean_eighths__baseline,timing.beatsRejectedNonCausal,int,0.0,0.0,0.0,measured,measured,,"Duration differs from the paired baseline (tape-speed warp). Detection counts, acquisition and silence occupancy are NOT length-commensurable; compare tempo/phase within the clip."
btrack,clean_eighths,tempo_step,ratio=1.25,clean_eighths__tempo_step_1.25,clean_eighths__baseline,timing.rateMismatchBlocks,int,0.0,0.0,0.0,measured,measured,,"Duration differs from the paired baseline (tape-speed warp). Detection counts, acquisition and silence occupancy are NOT length-commensurable; compare tempo/phase within the clip."
btrack,clean_eighths,tempo_step,ratio=1.25,clean_eighths__tempo_step_1.25,clean_eighths__baseline,timing.causalAvailabilityMeanSeconds,float,0.012526042,0.012523148,2.894e-06,measured,measured,,"Duration differs from the paired baseline (tape-speed warp). Detection counts, acquisition and silence occupancy are NOT length-commensurable; compare tempo/phase within the clip."
btrack,clean_eighths,tempo_step,ratio=1.25,clean_eighths__tempo_step_1.25,clean_eighths__baseline,timing.causalAvailabilityMaxSeconds,float,0.014125,0.014125,0.0,measured,measured,,"Duration differs from the paired baseline (tape-speed warp). Detection counts, acquisition and silence occupancy are NOT length-commensurable; compare tempo/phase within the clip."
btrack,clean_eighths,tempo_step,ratio=1.25,clean_eighths__tempo_step_1.25,clean_eighths__baseline,phase.phaseMeasured,bool,1.0,1.0,0.0,measured,measured,,"Duration differs from the paired baseline (tape-speed warp). Detection counts, acquisition and silence occupancy are NOT length-commensurable; compare tempo/phase within the clip."
btrack,clean_eighths,tempo_step,ratio=1.25,clean_eighths__tempo_step_1.25,clean_eighths__baseline,phase.phaseMeanMs,float,-36.9761905,-11.0259354,-25.9502551,measured,measured,,"Duration differs from the paired baseline (tape-speed warp). Detection counts, acquisition and silence occupancy are NOT length-commensurable; compare tempo/phase within the clip."
btrack,clean_eighths,tempo_step,ratio=1.25,clean_eighths__tempo_step_1.25,clean_eighths__baseline,phase.phaseMeanAbsMs,float,36.9761905,13.3932823,23.5829082,measured,measured,,"Duration differs from the paired baseline (tape-speed warp). Detection counts, acquisition and silence occupancy are NOT length-commensurable; compare tempo/phase within the clip."
btrack,clean_eighths,tempo_step,ratio=1.25,clean_eighths__tempo_step_1.25,clean_eighths__baseline,phase.phaseP50AbsMs,float,48.315476,3.14881,45.166666,measured,measured,,"Duration differs from the paired baseline (tape-speed warp). Detection counts, acquisition and silence occupancy are NOT length-commensurable; compare tempo/phase within the clip."
btrack,clean_eighths,tempo_step,ratio=1.25,clean_eighths__tempo_step_1.25,clean_eighths__baseline,phase.phaseP95AbsMs,float,48.315476,48.315476,0.0,measured,measured,,"Duration differs from the paired baseline (tape-speed warp). Detection counts, acquisition and silence occupancy are NOT length-commensurable; compare tempo/phase within the clip."
btrack,clean_eighths,tempo_step,ratio=1.25,clean_eighths__tempo_step_1.25,clean_eighths__baseline,ramp.hasRamp,bool,0.0,0.0,0.0,measured,measured,,"Duration differs from the paired baseline (tape-speed warp). Detection counts, acquisition and silence occupancy are NOT length-commensurable; compare tempo/phase within the clip."
btrack,clean_eighths,tempo_step,ratio=1.25,clean_eighths__tempo_step_1.25,clean_eighths__baseline,ramp.rampLocalTempoRelErrorMean,float,,,,missing,missing,requires hasRamp,"Duration differs from the paired baseline (tape-speed warp). Detection counts, acquisition and silence occupancy are NOT length-commensurable; compare tempo/phase within the clip."
btrack,clean_eighths,tempo_step,ratio=1.25,clean_eighths__tempo_step_1.25,clean_eighths__baseline,ramp.rampLocalTempoRelErrorWorst,float,,,,missing,missing,requires hasRamp,"Duration differs from the paired baseline (tape-speed warp). Detection counts, acquisition and silence occupancy are NOT length-commensurable; compare tempo/phase within the clip."
btrack,clean_eighths,tempo_step,ratio=1.25,clean_eighths__tempo_step_1.25,clean_eighths__baseline,syncopation.hasSyncopation,bool,0.0,0.0,0.0,measured,measured,,"Duration differs from the paired baseline (tape-speed warp). Detection counts, acquisition and silence occupancy are NOT length-commensurable; compare tempo/phase within the clip."
btrack,clean_eighths,tempo_step,ratio=1.25,clean_eighths__tempo_step_1.25,clean_eighths__baseline,syncopation.syncopationMaxStepFraction,float,,,,missing,missing,requires hasSyncopation,"Duration differs from the paired baseline (tape-speed warp). Detection counts, acquisition and silence occupancy are NOT length-commensurable; compare tempo/phase within the clip."
btrack,clean_eighths,tempo_step,ratio=1.25,clean_eighths__tempo_step_1.25,clean_eighths__baseline,syncopation.syncopationMaxDeviationFraction,float,,,,missing,missing,requires hasSyncopation,"Duration differs from the paired baseline (tape-speed warp). Detection counts, acquisition and silence occupancy are NOT length-commensurable; compare tempo/phase within the clip."
btrack,clean_eighths,tempo_step,ratio=1.25,clean_eighths__tempo_step_1.25,clean_eighths__baseline,resources.cpuSeconds,float,0.032186,0.036475,-0.004289,measured,measured,,"Duration differs from the paired baseline (tape-speed warp). Detection counts, acquisition and silence occupancy are NOT length-commensurable; compare tempo/phase within the clip."
btrack,clean_eighths,tempo_step,ratio=1.25,clean_eighths__tempo_step_1.25,clean_eighths__baseline,resources.allocationCount,int,1434.0,1481.0,-47.0,measured,measured,,"Duration differs from the paired baseline (tape-speed warp). Detection counts, acquisition and silence occupancy are NOT length-commensurable; compare tempo/phase within the clip."
btrack,clean_eighths,trailing_silence,silenceSeconds=0.5,clean_eighths__trail_silence_0.5s,clean_eighths__baseline,detection.predictedBeats,int,9.0,9.0,0.0,measured,measured,,Duration is +0.5 s longer (silence appended). Absolute counts are not length-commensurable; detection is over a longer window.
btrack,clean_eighths,trailing_silence,silenceSeconds=0.5,clean_eighths__trail_silence_0.5s,clean_eighths__baseline,detection.truePositives,int,7.0,7.0,0.0,measured,measured,,Duration is +0.5 s longer (silence appended). Absolute counts are not length-commensurable; detection is over a longer window.
btrack,clean_eighths,trailing_silence,silenceSeconds=0.5,clean_eighths__trail_silence_0.5s,clean_eighths__baseline,detection.falsePositives,int,2.0,2.0,0.0,measured,measured,,Duration is +0.5 s longer (silence appended). Absolute counts are not length-commensurable; detection is over a longer window.
btrack,clean_eighths,trailing_silence,silenceSeconds=0.5,clean_eighths__trail_silence_0.5s,clean_eighths__baseline,detection.falseNegatives,int,3.0,3.0,0.0,measured,measured,,Duration is +0.5 s longer (silence appended). Absolute counts are not length-commensurable; detection is over a longer window.
btrack,clean_eighths,trailing_silence,silenceSeconds=0.5,clean_eighths__trail_silence_0.5s,clean_eighths__baseline,detection.precision,float,0.777777778,0.777777778,0.0,measured,measured,,Duration is +0.5 s longer (silence appended). Absolute counts are not length-commensurable; detection is over a longer window.
btrack,clean_eighths,trailing_silence,silenceSeconds=0.5,clean_eighths__trail_silence_0.5s,clean_eighths__baseline,detection.recall,float,0.7,0.7,0.0,measured,measured,,Duration is +0.5 s longer (silence appended). Absolute counts are not length-commensurable; detection is over a longer window.
btrack,clean_eighths,trailing_silence,silenceSeconds=0.5,clean_eighths__trail_silence_0.5s,clean_eighths__baseline,detection.fMeasure,float,0.736842105,0.736842105,0.0,measured,measured,,Duration is +0.5 s longer (silence appended). Absolute counts are not length-commensurable; detection is over a longer window.
btrack,clean_eighths,trailing_silence,silenceSeconds=0.5,clean_eighths__trail_silence_0.5s,clean_eighths__baseline,acquisition.acquired,bool,0.0,0.0,0.0,measured,measured,,Duration is +0.5 s longer (silence appended). Absolute counts are not length-commensurable; detection is over a longer window.
btrack,clean_eighths,trailing_silence,silenceSeconds=0.5,clean_eighths__trail_silence_0.5s,clean_eighths__baseline,acquisition.acquisitionBars,float,,,,missing,missing,requires acquired,Duration is +0.5 s longer (silence appended). Absolute counts are not length-commensurable; detection is over a longer window.
btrack,clean_eighths,trailing_silence,silenceSeconds=0.5,clean_eighths__trail_silence_0.5s,clean_eighths__baseline,acquisition.acquisitionSeconds,float,,,,missing,missing,requires acquired,Duration is +0.5 s longer (silence appended). Absolute counts are not length-commensurable; detection is over a longer window.
btrack,clean_eighths,trailing_silence,silenceSeconds=0.5,clean_eighths__trail_silence_0.5s,clean_eighths__baseline,acquisition.acquisitionBeats,float,,,,missing,missing,requires acquired,Duration is +0.5 s longer (silence appended). Absolute counts are not length-commensurable; detection is over a longer window.
btrack,clean_eighths,trailing_silence,silenceSeconds=0.5,clean_eighths__trail_silence_0.5s,clean_eighths__baseline,bpm.hasBpmLock,bool,1.0,1.0,0.0,measured,measured,,Duration is +0.5 s longer (silence appended). Absolute counts are not length-commensurable; detection is over a longer window.
btrack,clean_eighths,trailing_silence,silenceSeconds=0.5,clean_eighths__trail_silence_0.5s,clean_eighths__baseline,bpm.lockedBpm,float,123.046875,123.046875,0.0,measured,measured,,Duration is +0.5 s longer (silence appended). Absolute counts are not length-commensurable; detection is over a longer window.
btrack,clean_eighths,trailing_silence,silenceSeconds=0.5,clean_eighths__trail_silence_0.5s,clean_eighths__baseline,bpm.bpmRelativeError,float,0.0234375,0.0234375,0.0,measured,measured,,Duration is +0.5 s longer (silence appended). Absolute counts are not length-commensurable; detection is over a longer window.
btrack,clean_eighths,trailing_silence,silenceSeconds=0.5,clean_eighths__trail_silence_0.5s,clean_eighths__baseline,bpm.spec2pctWithin,bool,0.0,0.0,0.0,measured,measured,,Duration is +0.5 s longer (silence appended). Absolute counts are not length-commensurable; detection is over a longer window.
btrack,clean_eighths,trailing_silence,silenceSeconds=0.5,clean_eighths__trail_silence_0.5s,clean_eighths__baseline,bpm.spec2pctNormalized,float,1.171875,1.171875,0.0,measured,measured,,Duration is +0.5 s longer (silence appended). Absolute counts are not length-commensurable; detection is over a longer window.
btrack,clean_eighths,trailing_silence,silenceSeconds=0.5,clean_eighths__trail_silence_0.5s,clean_eighths__baseline,halfDouble.halfTimeLock,bool,0.0,0.0,0.0,measured,measured,,Duration is +0.5 s longer (silence appended). Absolute counts are not length-commensurable; detection is over a longer window.
btrack,clean_eighths,trailing_silence,silenceSeconds=0.5,clean_eighths__trail_silence_0.5s,clean_eighths__baseline,halfDouble.doubleTimeLock,bool,0.0,0.0,0.0,measured,measured,,Duration is +0.5 s longer (silence appended). Absolute counts are not length-commensurable; detection is over a longer window.
btrack,clean_eighths,trailing_silence,silenceSeconds=0.5,clean_eighths__trail_silence_0.5s,clean_eighths__baseline,halfDouble.halfDoubleTimeError,bool,0.0,0.0,0.0,measured,measured,,Duration is +0.5 s longer (silence appended). Absolute counts are not length-commensurable; detection is over a longer window.
btrack,clean_eighths,trailing_silence,silenceSeconds=0.5,clean_eighths__trail_silence_0.5s,clean_eighths__baseline,silence.trueSilenceMeasured,bool,1.0,1.0,0.0,measured,measured,,Duration is +0.5 s longer (silence appended). Absolute counts are not length-commensurable; detection is over a longer window.
btrack,clean_eighths,trailing_silence,silenceSeconds=0.5,clean_eighths__trail_silence_0.5s,clean_eighths__baseline,silence.falseBeatCoverage,str,Measured,Measured,,measured,measured,,Duration is +0.5 s longer (silence appended). Absolute counts are not length-commensurable; detection is over a longer window.
btrack,clean_eighths,trailing_silence,silenceSeconds=0.5,clean_eighths__trail_silence_0.5s,clean_eighths__baseline,silence.falseBeatsInTrueSilence,int,0.0,0.0,0.0,measured,measured,,Duration is +0.5 s longer (silence appended). Absolute counts are not length-commensurable; detection is over a longer window.
btrack,clean_eighths,trailing_silence,silenceSeconds=0.5,clean_eighths__trail_silence_0.5s,clean_eighths__baseline,silence.falseBeatsInTrueSilencePerSecond,float,0.0,0.0,0.0,measured,measured,,Duration is +0.5 s longer (silence appended). Absolute counts are not length-commensurable; detection is over a longer window.
btrack,clean_eighths,trailing_silence,silenceSeconds=0.5,clean_eighths__trail_silence_0.5s,clean_eighths__baseline,silence.maxSilenceTempoIncreaseBpm,float,,,,missing,missing,requires silenceAccelerationMeasured,Duration is +0.5 s longer (silence appended). Absolute counts are not length-commensurable; detection is over a longer window.
btrack,clean_eighths,trailing_silence,silenceSeconds=0.5,clean_eighths__trail_silence_0.5s,clean_eighths__baseline,silence.falseBeatsInUnplayedBeatWindowsPerSecond,float,0.0,0.0,0.0,measured,measured,,Duration is +0.5 s longer (silence appended). Absolute counts are not length-commensurable; detection is over a longer window.
btrack,clean_eighths,trailing_silence,silenceSeconds=0.5,clean_eighths__trail_silence_0.5s,clean_eighths__baseline,silence.falseBeatsOffGridInUnplayedBeatWindowsPerSecond,float,0.0,0.0,0.0,measured,measured,,Duration is +0.5 s longer (silence appended). Absolute counts are not length-commensurable; detection is over a longer window.
btrack,clean_eighths,trailing_silence,silenceSeconds=0.5,clean_eighths__trail_silence_0.5s,clean_eighths__baseline,timing.beatsReportedByBackend,int,9.0,9.0,0.0,measured,measured,,Duration is +0.5 s longer (silence appended). Absolute counts are not length-commensurable; detection is over a longer window.
btrack,clean_eighths,trailing_silence,silenceSeconds=0.5,clean_eighths__trail_silence_0.5s,clean_eighths__baseline,timing.beatsStampAtBlockStart,int,0.0,0.0,0.0,measured,measured,,Duration is +0.5 s longer (silence appended). Absolute counts are not length-commensurable; detection is over a longer window.
btrack,clean_eighths,trailing_silence,silenceSeconds=0.5,clean_eighths__trail_silence_0.5s,clean_eighths__baseline,timing.beatsRejectedNonCausal,int,0.0,0.0,0.0,measured,measured,,Duration is +0.5 s longer (silence appended). Absolute counts are not length-commensurable; detection is over a longer window.
btrack,clean_eighths,trailing_silence,silenceSeconds=0.5,clean_eighths__trail_silence_0.5s,clean_eighths__baseline,timing.rateMismatchBlocks,int,0.0,0.0,0.0,measured,measured,,Duration is +0.5 s longer (silence appended). Absolute counts are not length-commensurable; detection is over a longer window.
btrack,clean_eighths,trailing_silence,silenceSeconds=0.5,clean_eighths__trail_silence_0.5s,clean_eighths__baseline,timing.causalAvailabilityMeanSeconds,float,0.012523148,0.012523148,0.0,measured,measured,,Duration is +0.5 s longer (silence appended). Absolute counts are not length-commensurable; detection is over a longer window.
btrack,clean_eighths,trailing_silence,silenceSeconds=0.5,clean_eighths__trail_silence_0.5s,clean_eighths__baseline,timing.causalAvailabilityMaxSeconds,float,0.014125,0.014125,0.0,measured,measured,,Duration is +0.5 s longer (silence appended). Absolute counts are not length-commensurable; detection is over a longer window.
btrack,clean_eighths,trailing_silence,silenceSeconds=0.5,clean_eighths__trail_silence_0.5s,clean_eighths__baseline,phase.phaseMeasured,bool,1.0,1.0,0.0,measured,measured,,Duration is +0.5 s longer (silence appended). Absolute counts are not length-commensurable; detection is over a longer window.
btrack,clean_eighths,trailing_silence,silenceSeconds=0.5,clean_eighths__trail_silence_0.5s,clean_eighths__baseline,phase.phaseMeanMs,float,-11.0259354,-11.0259354,0.0,measured,measured,,Duration is +0.5 s longer (silence appended). Absolute counts are not length-commensurable; detection is over a longer window.
btrack,clean_eighths,trailing_silence,silenceSeconds=0.5,clean_eighths__trail_silence_0.5s,clean_eighths__baseline,phase.phaseMeanAbsMs,float,13.3932823,13.3932823,0.0,measured,measured,,Duration is +0.5 s longer (silence appended). Absolute counts are not length-commensurable; detection is over a longer window.
btrack,clean_eighths,trailing_silence,silenceSeconds=0.5,clean_eighths__trail_silence_0.5s,clean_eighths__baseline,phase.phaseP50AbsMs,float,3.14881,3.14881,0.0,measured,measured,,Duration is +0.5 s longer (silence appended). Absolute counts are not length-commensurable; detection is over a longer window.
btrack,clean_eighths,trailing_silence,silenceSeconds=0.5,clean_eighths__trail_silence_0.5s,clean_eighths__baseline,phase.phaseP95AbsMs,float,48.315476,48.315476,0.0,measured,measured,,Duration is +0.5 s longer (silence appended). Absolute counts are not length-commensurable; detection is over a longer window.
btrack,clean_eighths,trailing_silence,silenceSeconds=0.5,clean_eighths__trail_silence_0.5s,clean_eighths__baseline,ramp.hasRamp,bool,0.0,0.0,0.0,measured,measured,,Duration is +0.5 s longer (silence appended). Absolute counts are not length-commensurable; detection is over a longer window.
btrack,clean_eighths,trailing_silence,silenceSeconds=0.5,clean_eighths__trail_silence_0.5s,clean_eighths__baseline,ramp.rampLocalTempoRelErrorMean,float,,,,missing,missing,requires hasRamp,Duration is +0.5 s longer (silence appended). Absolute counts are not length-commensurable; detection is over a longer window.
btrack,clean_eighths,trailing_silence,silenceSeconds=0.5,clean_eighths__trail_silence_0.5s,clean_eighths__baseline,ramp.rampLocalTempoRelErrorWorst,float,,,,missing,missing,requires hasRamp,Duration is +0.5 s longer (silence appended). Absolute counts are not length-commensurable; detection is over a longer window.
btrack,clean_eighths,trailing_silence,silenceSeconds=0.5,clean_eighths__trail_silence_0.5s,clean_eighths__baseline,syncopation.hasSyncopation,bool,0.0,0.0,0.0,measured,measured,,Duration is +0.5 s longer (silence appended). Absolute counts are not length-commensurable; detection is over a longer window.
btrack,clean_eighths,trailing_silence,silenceSeconds=0.5,clean_eighths__trail_silence_0.5s,clean_eighths__baseline,syncopation.syncopationMaxStepFraction,float,,,,missing,missing,requires hasSyncopation,Duration is +0.5 s longer (silence appended). Absolute counts are not length-commensurable; detection is over a longer window.
btrack,clean_eighths,trailing_silence,silenceSeconds=0.5,clean_eighths__trail_silence_0.5s,clean_eighths__baseline,syncopation.syncopationMaxDeviationFraction,float,,,,missing,missing,requires hasSyncopation,Duration is +0.5 s longer (silence appended). Absolute counts are not length-commensurable; detection is over a longer window.
btrack,clean_eighths,trailing_silence,silenceSeconds=0.5,clean_eighths__trail_silence_0.5s,clean_eighths__baseline,resources.cpuSeconds,float,0.039057,0.036475,0.002582,measured,measured,,Duration is +0.5 s longer (silence appended). Absolute counts are not length-commensurable; detection is over a longer window.
btrack,clean_eighths,trailing_silence,silenceSeconds=0.5,clean_eighths__trail_silence_0.5s,clean_eighths__baseline,resources.allocationCount,int,1524.0,1481.0,43.0,measured,measured,,Duration is +0.5 s longer (silence appended). Absolute counts are not length-commensurable; detection is over a longer window.
btrack,syncopated_funk,baseline,window=5.0s,syncopated_funk__baseline,syncopated_funk__baseline,detection.predictedBeats,int,9.0,9.0,0.0,measured,measured,,
btrack,syncopated_funk,baseline,window=5.0s,syncopated_funk__baseline,syncopated_funk__baseline,detection.truePositives,int,7.0,7.0,0.0,measured,measured,,
btrack,syncopated_funk,baseline,window=5.0s,syncopated_funk__baseline,syncopated_funk__baseline,detection.falsePositives,int,2.0,2.0,0.0,measured,measured,,
btrack,syncopated_funk,baseline,window=5.0s,syncopated_funk__baseline,syncopated_funk__baseline,detection.falseNegatives,int,2.0,2.0,0.0,measured,measured,,
btrack,syncopated_funk,baseline,window=5.0s,syncopated_funk__baseline,syncopated_funk__baseline,detection.precision,float,0.777777778,0.777777778,0.0,measured,measured,,
btrack,syncopated_funk,baseline,window=5.0s,syncopated_funk__baseline,syncopated_funk__baseline,detection.recall,float,0.777777778,0.777777778,0.0,measured,measured,,
btrack,syncopated_funk,baseline,window=5.0s,syncopated_funk__baseline,syncopated_funk__baseline,detection.fMeasure,float,0.777777778,0.777777778,0.0,measured,measured,,
btrack,syncopated_funk,baseline,window=5.0s,syncopated_funk__baseline,syncopated_funk__baseline,acquisition.acquired,bool,1.0,1.0,0.0,measured,measured,,
btrack,syncopated_funk,baseline,window=5.0s,syncopated_funk__baseline,syncopated_funk__baseline,acquisition.acquisitionBars,float,1.00153472,1.00153472,0.0,measured,measured,,
btrack,syncopated_funk,baseline,window=5.0s,syncopated_funk__baseline,syncopated_funk__baseline,acquisition.acquisitionSeconds,float,2.14614583,2.14614583,0.0,measured,measured,,
btrack,syncopated_funk,baseline,window=5.0s,syncopated_funk__baseline,syncopated_funk__baseline,acquisition.acquisitionBeats,float,4.00613889,4.00613889,0.0,measured,measured,,
btrack,syncopated_funk,baseline,window=5.0s,syncopated_funk__baseline,syncopated_funk__baseline,bpm.hasBpmLock,bool,1.0,1.0,0.0,measured,measured,,
btrack,syncopated_funk,baseline,window=5.0s,syncopated_funk__baseline,syncopated_funk__baseline,bpm.lockedBpm,float,109.956779,109.956779,0.0,measured,measured,,
btrack,syncopated_funk,baseline,window=5.0s,syncopated_funk__baseline,syncopated_funk__baseline,bpm.bpmRelativeError,float,0.01824304,0.01824304,0.0,measured,measured,,
btrack,syncopated_funk,baseline,window=5.0s,syncopated_funk__baseline,syncopated_funk__baseline,bpm.spec2pctWithin,bool,1.0,1.0,0.0,measured,measured,,
btrack,syncopated_funk,baseline,window=5.0s,syncopated_funk__baseline,syncopated_funk__baseline,bpm.spec2pctNormalized,float,0.912152,0.912152,0.0,measured,measured,,
btrack,syncopated_funk,baseline,window=5.0s,syncopated_funk__baseline,syncopated_funk__baseline,halfDouble.halfTimeLock,bool,0.0,0.0,0.0,measured,measured,,
btrack,syncopated_funk,baseline,window=5.0s,syncopated_funk__baseline,syncopated_funk__baseline,halfDouble.doubleTimeLock,bool,0.0,0.0,0.0,measured,measured,,
btrack,syncopated_funk,baseline,window=5.0s,syncopated_funk__baseline,syncopated_funk__baseline,halfDouble.halfDoubleTimeError,bool,0.0,0.0,0.0,measured,measured,,
btrack,syncopated_funk,baseline,window=5.0s,syncopated_funk__baseline,syncopated_funk__baseline,silence.trueSilenceMeasured,bool,1.0,1.0,0.0,measured,measured,,
btrack,syncopated_funk,baseline,window=5.0s,syncopated_funk__baseline,syncopated_funk__baseline,silence.falseBeatCoverage,str,Measured,Measured,,measured,measured,,
btrack,syncopated_funk,baseline,window=5.0s,syncopated_funk__baseline,syncopated_funk__baseline,silence.falseBeatsInTrueSilence,int,0.0,0.0,0.0,measured,measured,,
btrack,syncopated_funk,baseline,window=5.0s,syncopated_funk__baseline,syncopated_funk__baseline,silence.falseBeatsInTrueSilencePerSecond,float,0.0,0.0,0.0,measured,measured,,
btrack,syncopated_funk,baseline,window=5.0s,syncopated_funk__baseline,syncopated_funk__baseline,silence.maxSilenceTempoIncreaseBpm,float,,,,missing,missing,requires silenceAccelerationMeasured,
btrack,syncopated_funk,baseline,window=5.0s,syncopated_funk__baseline,syncopated_funk__baseline,silence.falseBeatsInUnplayedBeatWindowsPerSecond,float,8.33333333,8.33333333,0.0,measured,measured,,
btrack,syncopated_funk,baseline,window=5.0s,syncopated_funk__baseline,syncopated_funk__baseline,silence.falseBeatsOffGridInUnplayedBeatWindowsPerSecond,float,0.0,0.0,0.0,measured,measured,,
btrack,syncopated_funk,baseline,window=5.0s,syncopated_funk__baseline,syncopated_funk__baseline,timing.beatsReportedByBackend,int,9.0,9.0,0.0,measured,measured,,
btrack,syncopated_funk,baseline,window=5.0s,syncopated_funk__baseline,syncopated_funk__baseline,timing.beatsStampAtBlockStart,int,0.0,0.0,0.0,measured,measured,,
btrack,syncopated_funk,baseline,window=5.0s,syncopated_funk__baseline,syncopated_funk__baseline,timing.beatsRejectedNonCausal,int,0.0,0.0,0.0,measured,measured,,
btrack,syncopated_funk,baseline,window=5.0s,syncopated_funk__baseline,syncopated_funk__baseline,timing.rateMismatchBlocks,int,0.0,0.0,0.0,measured,measured,,
btrack,syncopated_funk,baseline,window=5.0s,syncopated_funk__baseline,syncopated_funk__baseline,timing.causalAvailabilityMeanSeconds,float,0.012729167,0.012729167,0.0,measured,measured,,
btrack,syncopated_funk,baseline,window=5.0s,syncopated_funk__baseline,syncopated_funk__baseline,timing.causalAvailabilityMaxSeconds,float,0.0139375,0.0139375,0.0,measured,measured,,
btrack,syncopated_funk,baseline,window=5.0s,syncopated_funk__baseline,syncopated_funk__baseline,phase.phaseMeasured,bool,1.0,1.0,0.0,measured,measured,,
btrack,syncopated_funk,baseline,window=5.0s,syncopated_funk__baseline,syncopated_funk__baseline,phase.phaseMeanMs,float,13.2440476,13.2440476,0.0,measured,measured,,
btrack,syncopated_funk,baseline,window=5.0s,syncopated_funk__baseline,syncopated_funk__baseline,phase.phaseMeanAbsMs,float,14.202381,14.202381,0.0,measured,measured,,
btrack,syncopated_funk,baseline,window=5.0s,syncopated_funk__baseline,syncopated_funk__baseline,phase.phaseP50AbsMs,float,3.339286,3.339286,0.0,measured,measured,,
btrack,syncopated_funk,baseline,window=5.0s,syncopated_funk__baseline,syncopated_funk__baseline,phase.phaseP95AbsMs,float,41.4255957,41.4255957,0.0,measured,measured,,
btrack,syncopated_funk,baseline,window=5.0s,syncopated_funk__baseline,syncopated_funk__baseline,ramp.hasRamp,bool,0.0,0.0,0.0,measured,measured,,
btrack,syncopated_funk,baseline,window=5.0s,syncopated_funk__baseline,syncopated_funk__baseline,ramp.rampLocalTempoRelErrorMean,float,,,,missing,missing,requires hasRamp,
btrack,syncopated_funk,baseline,window=5.0s,syncopated_funk__baseline,syncopated_funk__baseline,ramp.rampLocalTempoRelErrorWorst,float,,,,missing,missing,requires hasRamp,
btrack,syncopated_funk,baseline,window=5.0s,syncopated_funk__baseline,syncopated_funk__baseline,syncopation.hasSyncopation,bool,0.0,0.0,0.0,measured,measured,,
btrack,syncopated_funk,baseline,window=5.0s,syncopated_funk__baseline,syncopated_funk__baseline,syncopation.syncopationMaxStepFraction,float,,,,missing,missing,requires hasSyncopation,
btrack,syncopated_funk,baseline,window=5.0s,syncopated_funk__baseline,syncopated_funk__baseline,syncopation.syncopationMaxDeviationFraction,float,,,,missing,missing,requires hasSyncopation,
btrack,syncopated_funk,baseline,window=5.0s,syncopated_funk__baseline,syncopated_funk__baseline,resources.cpuSeconds,float,0.035435,0.035435,0.0,measured,measured,,
btrack,syncopated_funk,baseline,window=5.0s,syncopated_funk__baseline,syncopated_funk__baseline,resources.allocationCount,int,1481.0,1481.0,0.0,measured,measured,,
btrack,syncopated_funk,noise,snrDb=0,syncopated_funk__noise_snr0db,syncopated_funk__baseline,detection.predictedBeats,int,8.0,9.0,-1.0,measured,measured,,trueSilenceSpans is STRUCTURAL only: an added noise floor fills what was near-silent. Silence metrics are NOT assessed from this clip; raw counts are shown uncaveated only as counts.
btrack,syncopated_funk,noise,snrDb=0,syncopated_funk__noise_snr0db,syncopated_funk__baseline,detection.truePositives,int,4.0,7.0,-3.0,measured,measured,,trueSilenceSpans is STRUCTURAL only: an added noise floor fills what was near-silent. Silence metrics are NOT assessed from this clip; raw counts are shown uncaveated only as counts.
btrack,syncopated_funk,noise,snrDb=0,syncopated_funk__noise_snr0db,syncopated_funk__baseline,detection.falsePositives,int,4.0,2.0,2.0,measured,measured,,trueSilenceSpans is STRUCTURAL only: an added noise floor fills what was near-silent. Silence metrics are NOT assessed from this clip; raw counts are shown uncaveated only as counts.
btrack,syncopated_funk,noise,snrDb=0,syncopated_funk__noise_snr0db,syncopated_funk__baseline,detection.falseNegatives,int,5.0,2.0,3.0,measured,measured,,trueSilenceSpans is STRUCTURAL only: an added noise floor fills what was near-silent. Silence metrics are NOT assessed from this clip; raw counts are shown uncaveated only as counts.
btrack,syncopated_funk,noise,snrDb=0,syncopated_funk__noise_snr0db,syncopated_funk__baseline,detection.precision,float,0.5,0.777777778,-0.277777778,measured,measured,,trueSilenceSpans is STRUCTURAL only: an added noise floor fills what was near-silent. Silence metrics are NOT assessed from this clip; raw counts are shown uncaveated only as counts.
btrack,syncopated_funk,noise,snrDb=0,syncopated_funk__noise_snr0db,syncopated_funk__baseline,detection.recall,float,0.444444444,0.777777778,-0.333333334,measured,measured,,trueSilenceSpans is STRUCTURAL only: an added noise floor fills what was near-silent. Silence metrics are NOT assessed from this clip; raw counts are shown uncaveated only as counts.
btrack,syncopated_funk,noise,snrDb=0,syncopated_funk__noise_snr0db,syncopated_funk__baseline,detection.fMeasure,float,0.470588235,0.777777778,-0.307189543,measured,measured,,trueSilenceSpans is STRUCTURAL only: an added noise floor fills what was near-silent. Silence metrics are NOT assessed from this clip; raw counts are shown uncaveated only as counts.
btrack,syncopated_funk,noise,snrDb=0,syncopated_funk__noise_snr0db,syncopated_funk__baseline,acquisition.acquired,bool,1.0,1.0,0.0,measured,measured,,trueSilenceSpans is STRUCTURAL only: an added noise floor fills what was near-silent. Silence metrics are NOT assessed from this clip; raw counts are shown uncaveated only as counts.
btrack,syncopated_funk,noise,snrDb=0,syncopated_funk__noise_snr0db,syncopated_funk__baseline,acquisition.acquisitionBars,float,1.24534861,1.00153472,0.24381389,measured,measured,,trueSilenceSpans is STRUCTURAL only: an added noise floor fills what was near-silent. Silence metrics are NOT assessed from this clip; raw counts are shown uncaveated only as counts.
btrack,syncopated_funk,noise,snrDb=0,syncopated_funk__noise_snr0db,syncopated_funk__baseline,acquisition.acquisitionSeconds,float,2.66860417,2.14614583,0.52245834,measured,measured,,trueSilenceSpans is STRUCTURAL only: an added noise floor fills what was near-silent. Silence metrics are NOT assessed from this clip; raw counts are shown uncaveated only as counts.
btrack,syncopated_funk,noise,snrDb=0,syncopated_funk__noise_snr0db,syncopated_funk__baseline,acquisition.acquisitionBeats,float,4.98139444,4.00613889,0.97525555,measured,measured,,trueSilenceSpans is STRUCTURAL only: an added noise floor fills what was near-silent. Silence metrics are NOT assessed from this clip; raw counts are shown uncaveated only as counts.
btrack,syncopated_funk,noise,snrDb=0,syncopated_funk__noise_snr0db,syncopated_funk__baseline,bpm.hasBpmLock,bool,1.0,1.0,0.0,measured,measured,,trueSilenceSpans is STRUCTURAL only: an added noise floor fills what was near-silent. Silence metrics are NOT assessed from this clip; raw counts are shown uncaveated only as counts.
btrack,syncopated_funk,noise,snrDb=0,syncopated_funk__noise_snr0db,syncopated_funk__baseline,bpm.lockedBpm,float,109.956779,109.956779,0.0,measured,measured,,trueSilenceSpans is STRUCTURAL only: an added noise floor fills what was near-silent. Silence metrics are NOT assessed from this clip; raw counts are shown uncaveated only as counts.
btrack,syncopated_funk,noise,snrDb=0,syncopated_funk__noise_snr0db,syncopated_funk__baseline,bpm.bpmRelativeError,float,0.01824304,0.01824304,0.0,measured,measured,,trueSilenceSpans is STRUCTURAL only: an added noise floor fills what was near-silent. Silence metrics are NOT assessed from this clip; raw counts are shown uncaveated only as counts.
btrack,syncopated_funk,noise,snrDb=0,syncopated_funk__noise_snr0db,syncopated_funk__baseline,bpm.spec2pctWithin,bool,1.0,1.0,0.0,measured,measured,,trueSilenceSpans is STRUCTURAL only: an added noise floor fills what was near-silent. Silence metrics are NOT assessed from this clip; raw counts are shown uncaveated only as counts.
btrack,syncopated_funk,noise,snrDb=0,syncopated_funk__noise_snr0db,syncopated_funk__baseline,bpm.spec2pctNormalized,float,0.912152,0.912152,0.0,measured,measured,,trueSilenceSpans is STRUCTURAL only: an added noise floor fills what was near-silent. Silence metrics are NOT assessed from this clip; raw counts are shown uncaveated only as counts.
btrack,syncopated_funk,noise,snrDb=0,syncopated_funk__noise_snr0db,syncopated_funk__baseline,halfDouble.halfTimeLock,bool,0.0,0.0,0.0,measured,measured,,trueSilenceSpans is STRUCTURAL only: an added noise floor fills what was near-silent. Silence metrics are NOT assessed from this clip; raw counts are shown uncaveated only as counts.
btrack,syncopated_funk,noise,snrDb=0,syncopated_funk__noise_snr0db,syncopated_funk__baseline,halfDouble.doubleTimeLock,bool,0.0,0.0,0.0,measured,measured,,trueSilenceSpans is STRUCTURAL only: an added noise floor fills what was near-silent. Silence metrics are NOT assessed from this clip; raw counts are shown uncaveated only as counts.
btrack,syncopated_funk,noise,snrDb=0,syncopated_funk__noise_snr0db,syncopated_funk__baseline,halfDouble.halfDoubleTimeError,bool,0.0,0.0,0.0,measured,measured,,trueSilenceSpans is STRUCTURAL only: an added noise floor fills what was near-silent. Silence metrics are NOT assessed from this clip; raw counts are shown uncaveated only as counts.
btrack,syncopated_funk,noise,snrDb=0,syncopated_funk__noise_snr0db,syncopated_funk__baseline,silence.trueSilenceMeasured,bool,1.0,1.0,0.0,measured,measured,,trueSilenceSpans is STRUCTURAL only: an added noise floor fills what was near-silent. Silence metrics are NOT assessed from this clip; raw counts are shown uncaveated only as counts.
btrack,syncopated_funk,noise,snrDb=0,syncopated_funk__noise_snr0db,syncopated_funk__baseline,silence.falseBeatCoverage,str,Measured,Measured,,measured,measured,,trueSilenceSpans is STRUCTURAL only: an added noise floor fills what was near-silent. Silence metrics are NOT assessed from this clip; raw counts are shown uncaveated only as counts.
btrack,syncopated_funk,noise,snrDb=0,syncopated_funk__noise_snr0db,syncopated_funk__baseline,silence.falseBeatsInTrueSilence,int,0.0,0.0,,not_assessed_noise,measured,noise floor makes structural trueSilenceSpans unusable for a silence assessment,trueSilenceSpans is STRUCTURAL only: an added noise floor fills what was near-silent. Silence metrics are NOT assessed from this clip; raw counts are shown uncaveated only as counts.
btrack,syncopated_funk,noise,snrDb=0,syncopated_funk__noise_snr0db,syncopated_funk__baseline,silence.falseBeatsInTrueSilencePerSecond,float,0.0,0.0,,not_assessed_noise,measured,noise floor makes structural trueSilenceSpans unusable for a silence assessment,trueSilenceSpans is STRUCTURAL only: an added noise floor fills what was near-silent. Silence metrics are NOT assessed from this clip; raw counts are shown uncaveated only as counts.
btrack,syncopated_funk,noise,snrDb=0,syncopated_funk__noise_snr0db,syncopated_funk__baseline,silence.maxSilenceTempoIncreaseBpm,float,,,,missing,missing,requires silenceAccelerationMeasured,trueSilenceSpans is STRUCTURAL only: an added noise floor fills what was near-silent. Silence metrics are NOT assessed from this clip; raw counts are shown uncaveated only as counts.
btrack,syncopated_funk,noise,snrDb=0,syncopated_funk__noise_snr0db,syncopated_funk__baseline,silence.falseBeatsInUnplayedBeatWindowsPerSecond,float,8.33333333,8.33333333,0.0,measured,measured,,trueSilenceSpans is STRUCTURAL only: an added noise floor fills what was near-silent. Silence metrics are NOT assessed from this clip; raw counts are shown uncaveated only as counts.
btrack,syncopated_funk,noise,snrDb=0,syncopated_funk__noise_snr0db,syncopated_funk__baseline,silence.falseBeatsOffGridInUnplayedBeatWindowsPerSecond,float,0.0,0.0,0.0,measured,measured,,trueSilenceSpans is STRUCTURAL only: an added noise floor fills what was near-silent. Silence metrics are NOT assessed from this clip; raw counts are shown uncaveated only as counts.
btrack,syncopated_funk,noise,snrDb=0,syncopated_funk__noise_snr0db,syncopated_funk__baseline,timing.beatsReportedByBackend,int,8.0,9.0,-1.0,measured,measured,,trueSilenceSpans is STRUCTURAL only: an added noise floor fills what was near-silent. Silence metrics are NOT assessed from this clip; raw counts are shown uncaveated only as counts.
btrack,syncopated_funk,noise,snrDb=0,syncopated_funk__noise_snr0db,syncopated_funk__baseline,timing.beatsStampAtBlockStart,int,0.0,0.0,0.0,measured,measured,,trueSilenceSpans is STRUCTURAL only: an added noise floor fills what was near-silent. Silence metrics are NOT assessed from this clip; raw counts are shown uncaveated only as counts.
btrack,syncopated_funk,noise,snrDb=0,syncopated_funk__noise_snr0db,syncopated_funk__baseline,timing.beatsRejectedNonCausal,int,0.0,0.0,0.0,measured,measured,,trueSilenceSpans is STRUCTURAL only: an added noise floor fills what was near-silent. Silence metrics are NOT assessed from this clip; raw counts are shown uncaveated only as counts.
btrack,syncopated_funk,noise,snrDb=0,syncopated_funk__noise_snr0db,syncopated_funk__baseline,timing.rateMismatchBlocks,int,0.0,0.0,0.0,measured,measured,,trueSilenceSpans is STRUCTURAL only: an added noise floor fills what was near-silent. Silence metrics are NOT assessed from this clip; raw counts are shown uncaveated only as counts.
btrack,syncopated_funk,noise,snrDb=0,syncopated_funk__noise_snr0db,syncopated_funk__baseline,timing.causalAvailabilityMeanSeconds,float,0.012671875,0.012729167,-5.7292e-05,measured,measured,,trueSilenceSpans is STRUCTURAL only: an added noise floor fills what was near-silent. Silence metrics are NOT assessed from this clip; raw counts are shown uncaveated only as counts.
btrack,syncopated_funk,noise,snrDb=0,syncopated_funk__noise_snr0db,syncopated_funk__baseline,timing.causalAvailabilityMaxSeconds,float,0.013395833,0.0139375,-0.000541667,measured,measured,,trueSilenceSpans is STRUCTURAL only: an added noise floor fills what was near-silent. Silence metrics are NOT assessed from this clip; raw counts are shown uncaveated only as counts.
btrack,syncopated_funk,noise,snrDb=0,syncopated_funk__noise_snr0db,syncopated_funk__baseline,phase.phaseMeasured,bool,1.0,1.0,0.0,measured,measured,,trueSilenceSpans is STRUCTURAL only: an added noise floor fills what was near-silent. Silence metrics are NOT assessed from this clip; raw counts are shown uncaveated only as counts.
btrack,syncopated_funk,noise,snrDb=0,syncopated_funk__noise_snr0db,syncopated_funk__baseline,phase.phaseMeanMs,float,-0.84598225,13.2440476,-14.09002985,measured,measured,,trueSilenceSpans is STRUCTURAL only: an added noise floor fills what was near-silent. Silence metrics are NOT assessed from this clip; raw counts are shown uncaveated only as counts.
btrack,syncopated_funk,noise,snrDb=0,syncopated_funk__noise_snr0db,syncopated_funk__baseline,phase.phaseMeanAbsMs,float,5.81473225,14.202381,-8.38764875,measured,measured,,trueSilenceSpans is STRUCTURAL only: an added noise floor fills what was near-silent. Silence metrics are NOT assessed from this clip; raw counts are shown uncaveated only as counts.
btrack,syncopated_funk,noise,snrDb=0,syncopated_funk__noise_snr0db,syncopated_funk__baseline,phase.phaseP50AbsMs,float,9.9375,3.339286,6.598214,measured,measured,,trueSilenceSpans is STRUCTURAL only: an added noise floor fills what was near-silent. Silence metrics are NOT assessed from this clip; raw counts are shown uncaveated only as counts.
btrack,syncopated_funk,noise,snrDb=0,syncopated_funk__noise_snr0db,syncopated_funk__baseline,phase.phaseP95AbsMs,float,9.96726233,41.4255957,-31.45833337,measured,measured,,trueSilenceSpans is STRUCTURAL only: an added noise floor fills what was near-silent. Silence metrics are NOT assessed from this clip; raw counts are shown uncaveated only as counts.
btrack,syncopated_funk,noise,snrDb=0,syncopated_funk__noise_snr0db,syncopated_funk__baseline,ramp.hasRamp,bool,0.0,0.0,0.0,measured,measured,,trueSilenceSpans is STRUCTURAL only: an added noise floor fills what was near-silent. Silence metrics are NOT assessed from this clip; raw counts are shown uncaveated only as counts.
btrack,syncopated_funk,noise,snrDb=0,syncopated_funk__noise_snr0db,syncopated_funk__baseline,ramp.rampLocalTempoRelErrorMean,float,,,,missing,missing,requires hasRamp,trueSilenceSpans is STRUCTURAL only: an added noise floor fills what was near-silent. Silence metrics are NOT assessed from this clip; raw counts are shown uncaveated only as counts.
btrack,syncopated_funk,noise,snrDb=0,syncopated_funk__noise_snr0db,syncopated_funk__baseline,ramp.rampLocalTempoRelErrorWorst,float,,,,missing,missing,requires hasRamp,trueSilenceSpans is STRUCTURAL only: an added noise floor fills what was near-silent. Silence metrics are NOT assessed from this clip; raw counts are shown uncaveated only as counts.
btrack,syncopated_funk,noise,snrDb=0,syncopated_funk__noise_snr0db,syncopated_funk__baseline,syncopation.hasSyncopation,bool,0.0,0.0,0.0,measured,measured,,trueSilenceSpans is STRUCTURAL only: an added noise floor fills what was near-silent. Silence metrics are NOT assessed from this clip; raw counts are shown uncaveated only as counts.
btrack,syncopated_funk,noise,snrDb=0,syncopated_funk__noise_snr0db,syncopated_funk__baseline,syncopation.syncopationMaxStepFraction,float,,,,missing,missing,requires hasSyncopation,trueSilenceSpans is STRUCTURAL only: an added noise floor fills what was near-silent. Silence metrics are NOT assessed from this clip; raw counts are shown uncaveated only as counts.
btrack,syncopated_funk,noise,snrDb=0,syncopated_funk__noise_snr0db,syncopated_funk__baseline,syncopation.syncopationMaxDeviationFraction,float,,,,missing,missing,requires hasSyncopation,trueSilenceSpans is STRUCTURAL only: an added noise floor fills what was near-silent. Silence metrics are NOT assessed from this clip; raw counts are shown uncaveated only as counts.
btrack,syncopated_funk,noise,snrDb=0,syncopated_funk__noise_snr0db,syncopated_funk__baseline,resources.cpuSeconds,float,0.037809,0.035435,0.002374,measured,measured,,trueSilenceSpans is STRUCTURAL only: an added noise floor fills what was near-silent. Silence metrics are NOT assessed from this clip; raw counts are shown uncaveated only as counts.
btrack,syncopated_funk,noise,snrDb=0,syncopated_funk__noise_snr0db,syncopated_funk__baseline,resources.allocationCount,int,1481.0,1481.0,0.0,measured,measured,,trueSilenceSpans is STRUCTURAL only: an added noise floor fills what was near-silent. Silence metrics are NOT assessed from this clip; raw counts are shown uncaveated only as counts.
btrack,syncopated_funk,noise,snrDb=10,syncopated_funk__noise_snr10db,syncopated_funk__baseline,detection.predictedBeats,int,8.0,9.0,-1.0,measured,measured,,trueSilenceSpans is STRUCTURAL only: an added noise floor fills what was near-silent. Silence metrics are NOT assessed from this clip; raw counts are shown uncaveated only as counts.
btrack,syncopated_funk,noise,snrDb=10,syncopated_funk__noise_snr10db,syncopated_funk__baseline,detection.truePositives,int,4.0,7.0,-3.0,measured,measured,,trueSilenceSpans is STRUCTURAL only: an added noise floor fills what was near-silent. Silence metrics are NOT assessed from this clip; raw counts are shown uncaveated only as counts.
btrack,syncopated_funk,noise,snrDb=10,syncopated_funk__noise_snr10db,syncopated_funk__baseline,detection.falsePositives,int,4.0,2.0,2.0,measured,measured,,trueSilenceSpans is STRUCTURAL only: an added noise floor fills what was near-silent. Silence metrics are NOT assessed from this clip; raw counts are shown uncaveated only as counts.
btrack,syncopated_funk,noise,snrDb=10,syncopated_funk__noise_snr10db,syncopated_funk__baseline,detection.falseNegatives,int,5.0,2.0,3.0,measured,measured,,trueSilenceSpans is STRUCTURAL only: an added noise floor fills what was near-silent. Silence metrics are NOT assessed from this clip; raw counts are shown uncaveated only as counts.
btrack,syncopated_funk,noise,snrDb=10,syncopated_funk__noise_snr10db,syncopated_funk__baseline,detection.precision,float,0.5,0.777777778,-0.277777778,measured,measured,,trueSilenceSpans is STRUCTURAL only: an added noise floor fills what was near-silent. Silence metrics are NOT assessed from this clip; raw counts are shown uncaveated only as counts.
btrack,syncopated_funk,noise,snrDb=10,syncopated_funk__noise_snr10db,syncopated_funk__baseline,detection.recall,float,0.444444444,0.777777778,-0.333333334,measured,measured,,trueSilenceSpans is STRUCTURAL only: an added noise floor fills what was near-silent. Silence metrics are NOT assessed from this clip; raw counts are shown uncaveated only as counts.
btrack,syncopated_funk,noise,snrDb=10,syncopated_funk__noise_snr10db,syncopated_funk__baseline,detection.fMeasure,float,0.470588235,0.777777778,-0.307189543,measured,measured,,trueSilenceSpans is STRUCTURAL only: an added noise floor fills what was near-silent. Silence metrics are NOT assessed from this clip; raw counts are shown uncaveated only as counts.
btrack,syncopated_funk,noise,snrDb=10,syncopated_funk__noise_snr10db,syncopated_funk__baseline,acquisition.acquired,bool,1.0,1.0,0.0,measured,measured,,trueSilenceSpans is STRUCTURAL only: an added noise floor fills what was near-silent. Silence metrics are NOT assessed from this clip; raw counts are shown uncaveated only as counts.
btrack,syncopated_funk,noise,snrDb=10,syncopated_funk__noise_snr10db,syncopated_funk__baseline,acquisition.acquisitionBars,float,1.24534861,1.00153472,0.24381389,measured,measured,,trueSilenceSpans is STRUCTURAL only: an added noise floor fills what was near-silent. Silence metrics are NOT assessed from this clip; raw counts are shown uncaveated only as counts.
btrack,syncopated_funk,noise,snrDb=10,syncopated_funk__noise_snr10db,syncopated_funk__baseline,acquisition.acquisitionSeconds,float,2.66860417,2.14614583,0.52245834,measured,measured,,trueSilenceSpans is STRUCTURAL only: an added noise floor fills what was near-silent. Silence metrics are NOT assessed from this clip; raw counts are shown uncaveated only as counts.
btrack,syncopated_funk,noise,snrDb=10,syncopated_funk__noise_snr10db,syncopated_funk__baseline,acquisition.acquisitionBeats,float,4.98139444,4.00613889,0.97525555,measured,measured,,trueSilenceSpans is STRUCTURAL only: an added noise floor fills what was near-silent. Silence metrics are NOT assessed from this clip; raw counts are shown uncaveated only as counts.
btrack,syncopated_funk,noise,snrDb=10,syncopated_funk__noise_snr10db,syncopated_funk__baseline,bpm.hasBpmLock,bool,1.0,1.0,0.0,measured,measured,,trueSilenceSpans is STRUCTURAL only: an added noise floor fills what was near-silent. Silence metrics are NOT assessed from this clip; raw counts are shown uncaveated only as counts.
btrack,syncopated_funk,noise,snrDb=10,syncopated_funk__noise_snr10db,syncopated_funk__baseline,bpm.lockedBpm,float,109.956779,109.956779,0.0,measured,measured,,trueSilenceSpans is STRUCTURAL only: an added noise floor fills what was near-silent. Silence metrics are NOT assessed from this clip; raw counts are shown uncaveated only as counts.
btrack,syncopated_funk,noise,snrDb=10,syncopated_funk__noise_snr10db,syncopated_funk__baseline,bpm.bpmRelativeError,float,0.01824304,0.01824304,0.0,measured,measured,,trueSilenceSpans is STRUCTURAL only: an added noise floor fills what was near-silent. Silence metrics are NOT assessed from this clip; raw counts are shown uncaveated only as counts.
btrack,syncopated_funk,noise,snrDb=10,syncopated_funk__noise_snr10db,syncopated_funk__baseline,bpm.spec2pctWithin,bool,1.0,1.0,0.0,measured,measured,,trueSilenceSpans is STRUCTURAL only: an added noise floor fills what was near-silent. Silence metrics are NOT assessed from this clip; raw counts are shown uncaveated only as counts.
btrack,syncopated_funk,noise,snrDb=10,syncopated_funk__noise_snr10db,syncopated_funk__baseline,bpm.spec2pctNormalized,float,0.912152,0.912152,0.0,measured,measured,,trueSilenceSpans is STRUCTURAL only: an added noise floor fills what was near-silent. Silence metrics are NOT assessed from this clip; raw counts are shown uncaveated only as counts.
btrack,syncopated_funk,noise,snrDb=10,syncopated_funk__noise_snr10db,syncopated_funk__baseline,halfDouble.halfTimeLock,bool,0.0,0.0,0.0,measured,measured,,trueSilenceSpans is STRUCTURAL only: an added noise floor fills what was near-silent. Silence metrics are NOT assessed from this clip; raw counts are shown uncaveated only as counts.
btrack,syncopated_funk,noise,snrDb=10,syncopated_funk__noise_snr10db,syncopated_funk__baseline,halfDouble.doubleTimeLock,bool,0.0,0.0,0.0,measured,measured,,trueSilenceSpans is STRUCTURAL only: an added noise floor fills what was near-silent. Silence metrics are NOT assessed from this clip; raw counts are shown uncaveated only as counts.
btrack,syncopated_funk,noise,snrDb=10,syncopated_funk__noise_snr10db,syncopated_funk__baseline,halfDouble.halfDoubleTimeError,bool,0.0,0.0,0.0,measured,measured,,trueSilenceSpans is STRUCTURAL only: an added noise floor fills what was near-silent. Silence metrics are NOT assessed from this clip; raw counts are shown uncaveated only as counts.
btrack,syncopated_funk,noise,snrDb=10,syncopated_funk__noise_snr10db,syncopated_funk__baseline,silence.trueSilenceMeasured,bool,1.0,1.0,0.0,measured,measured,,trueSilenceSpans is STRUCTURAL only: an added noise floor fills what was near-silent. Silence metrics are NOT assessed from this clip; raw counts are shown uncaveated only as counts.
btrack,syncopated_funk,noise,snrDb=10,syncopated_funk__noise_snr10db,syncopated_funk__baseline,silence.falseBeatCoverage,str,Measured,Measured,,measured,measured,,trueSilenceSpans is STRUCTURAL only: an added noise floor fills what was near-silent. Silence metrics are NOT assessed from this clip; raw counts are shown uncaveated only as counts.
btrack,syncopated_funk,noise,snrDb=10,syncopated_funk__noise_snr10db,syncopated_funk__baseline,silence.falseBeatsInTrueSilence,int,0.0,0.0,,not_assessed_noise,measured,noise floor makes structural trueSilenceSpans unusable for a silence assessment,trueSilenceSpans is STRUCTURAL only: an added noise floor fills what was near-silent. Silence metrics are NOT assessed from this clip; raw counts are shown uncaveated only as counts.
btrack,syncopated_funk,noise,snrDb=10,syncopated_funk__noise_snr10db,syncopated_funk__baseline,silence.falseBeatsInTrueSilencePerSecond,float,0.0,0.0,,not_assessed_noise,measured,noise floor makes structural trueSilenceSpans unusable for a silence assessment,trueSilenceSpans is STRUCTURAL only: an added noise floor fills what was near-silent. Silence metrics are NOT assessed from this clip; raw counts are shown uncaveated only as counts.
btrack,syncopated_funk,noise,snrDb=10,syncopated_funk__noise_snr10db,syncopated_funk__baseline,silence.maxSilenceTempoIncreaseBpm,float,,,,missing,missing,requires silenceAccelerationMeasured,trueSilenceSpans is STRUCTURAL only: an added noise floor fills what was near-silent. Silence metrics are NOT assessed from this clip; raw counts are shown uncaveated only as counts.
btrack,syncopated_funk,noise,snrDb=10,syncopated_funk__noise_snr10db,syncopated_funk__baseline,silence.falseBeatsInUnplayedBeatWindowsPerSecond,float,8.33333333,8.33333333,0.0,measured,measured,,trueSilenceSpans is STRUCTURAL only: an added noise floor fills what was near-silent. Silence metrics are NOT assessed from this clip; raw counts are shown uncaveated only as counts.
btrack,syncopated_funk,noise,snrDb=10,syncopated_funk__noise_snr10db,syncopated_funk__baseline,silence.falseBeatsOffGridInUnplayedBeatWindowsPerSecond,float,0.0,0.0,0.0,measured,measured,,trueSilenceSpans is STRUCTURAL only: an added noise floor fills what was near-silent. Silence metrics are NOT assessed from this clip; raw counts are shown uncaveated only as counts.
btrack,syncopated_funk,noise,snrDb=10,syncopated_funk__noise_snr10db,syncopated_funk__baseline,timing.beatsReportedByBackend,int,8.0,9.0,-1.0,measured,measured,,trueSilenceSpans is STRUCTURAL only: an added noise floor fills what was near-silent. Silence metrics are NOT assessed from this clip; raw counts are shown uncaveated only as counts.
btrack,syncopated_funk,noise,snrDb=10,syncopated_funk__noise_snr10db,syncopated_funk__baseline,timing.beatsStampAtBlockStart,int,0.0,0.0,0.0,measured,measured,,trueSilenceSpans is STRUCTURAL only: an added noise floor fills what was near-silent. Silence metrics are NOT assessed from this clip; raw counts are shown uncaveated only as counts.
btrack,syncopated_funk,noise,snrDb=10,syncopated_funk__noise_snr10db,syncopated_funk__baseline,timing.beatsRejectedNonCausal,int,0.0,0.0,0.0,measured,measured,,trueSilenceSpans is STRUCTURAL only: an added noise floor fills what was near-silent. Silence metrics are NOT assessed from this clip; raw counts are shown uncaveated only as counts.
btrack,syncopated_funk,noise,snrDb=10,syncopated_funk__noise_snr10db,syncopated_funk__baseline,timing.rateMismatchBlocks,int,0.0,0.0,0.0,measured,measured,,trueSilenceSpans is STRUCTURAL only: an added noise floor fills what was near-silent. Silence metrics are NOT assessed from this clip; raw counts are shown uncaveated only as counts.
btrack,syncopated_funk,noise,snrDb=10,syncopated_funk__noise_snr10db,syncopated_funk__baseline,timing.causalAvailabilityMeanSeconds,float,0.012671875,0.012729167,-5.7292e-05,measured,measured,,trueSilenceSpans is STRUCTURAL only: an added noise floor fills what was near-silent. Silence metrics are NOT assessed from this clip; raw counts are shown uncaveated only as counts.
btrack,syncopated_funk,noise,snrDb=10,syncopated_funk__noise_snr10db,syncopated_funk__baseline,timing.causalAvailabilityMaxSeconds,float,0.013395833,0.0139375,-0.000541667,measured,measured,,trueSilenceSpans is STRUCTURAL only: an added noise floor fills what was near-silent. Silence metrics are NOT assessed from this clip; raw counts are shown uncaveated only as counts.
btrack,syncopated_funk,noise,snrDb=10,syncopated_funk__noise_snr10db,syncopated_funk__baseline,phase.phaseMeasured,bool,1.0,1.0,0.0,measured,measured,,trueSilenceSpans is STRUCTURAL only: an added noise floor fills what was near-silent. Silence metrics are NOT assessed from this clip; raw counts are shown uncaveated only as counts.
btrack,syncopated_funk,noise,snrDb=10,syncopated_funk__noise_snr10db,syncopated_funk__baseline,phase.phaseMeanMs,float,-0.84598225,13.2440476,-14.09002985,measured,measured,,trueSilenceSpans is STRUCTURAL only: an added noise floor fills what was near-silent. Silence metrics are NOT assessed from this clip; raw counts are shown uncaveated only as counts.
btrack,syncopated_funk,noise,snrDb=10,syncopated_funk__noise_snr10db,syncopated_funk__baseline,phase.phaseMeanAbsMs,float,5.81473225,14.202381,-8.38764875,measured,measured,,trueSilenceSpans is STRUCTURAL only: an added noise floor fills what was near-silent. Silence metrics are NOT assessed from this clip; raw counts are shown uncaveated only as counts.
btrack,syncopated_funk,noise,snrDb=10,syncopated_funk__noise_snr10db,syncopated_funk__baseline,phase.phaseP50AbsMs,float,9.9375,3.339286,6.598214,measured,measured,,trueSilenceSpans is STRUCTURAL only: an added noise floor fills what was near-silent. Silence metrics are NOT assessed from this clip; raw counts are shown uncaveated only as counts.
btrack,syncopated_funk,noise,snrDb=10,syncopated_funk__noise_snr10db,syncopated_funk__baseline,phase.phaseP95AbsMs,float,9.96726233,41.4255957,-31.45833337,measured,measured,,trueSilenceSpans is STRUCTURAL only: an added noise floor fills what was near-silent. Silence metrics are NOT assessed from this clip; raw counts are shown uncaveated only as counts.
btrack,syncopated_funk,noise,snrDb=10,syncopated_funk__noise_snr10db,syncopated_funk__baseline,ramp.hasRamp,bool,0.0,0.0,0.0,measured,measured,,trueSilenceSpans is STRUCTURAL only: an added noise floor fills what was near-silent. Silence metrics are NOT assessed from this clip; raw counts are shown uncaveated only as counts.
btrack,syncopated_funk,noise,snrDb=10,syncopated_funk__noise_snr10db,syncopated_funk__baseline,ramp.rampLocalTempoRelErrorMean,float,,,,missing,missing,requires hasRamp,trueSilenceSpans is STRUCTURAL only: an added noise floor fills what was near-silent. Silence metrics are NOT assessed from this clip; raw counts are shown uncaveated only as counts.
btrack,syncopated_funk,noise,snrDb=10,syncopated_funk__noise_snr10db,syncopated_funk__baseline,ramp.rampLocalTempoRelErrorWorst,float,,,,missing,missing,requires hasRamp,trueSilenceSpans is STRUCTURAL only: an added noise floor fills what was near-silent. Silence metrics are NOT assessed from this clip; raw counts are shown uncaveated only as counts.
btrack,syncopated_funk,noise,snrDb=10,syncopated_funk__noise_snr10db,syncopated_funk__baseline,syncopation.hasSyncopation,bool,0.0,0.0,0.0,measured,measured,,trueSilenceSpans is STRUCTURAL only: an added noise floor fills what was near-silent. Silence metrics are NOT assessed from this clip; raw counts are shown uncaveated only as counts.
btrack,syncopated_funk,noise,snrDb=10,syncopated_funk__noise_snr10db,syncopated_funk__baseline,syncopation.syncopationMaxStepFraction,float,,,,missing,missing,requires hasSyncopation,trueSilenceSpans is STRUCTURAL only: an added noise floor fills what was near-silent. Silence metrics are NOT assessed from this clip; raw counts are shown uncaveated only as counts.
btrack,syncopated_funk,noise,snrDb=10,syncopated_funk__noise_snr10db,syncopated_funk__baseline,syncopation.syncopationMaxDeviationFraction,float,,,,missing,missing,requires hasSyncopation,trueSilenceSpans is STRUCTURAL only: an added noise floor fills what was near-silent. Silence metrics are NOT assessed from this clip; raw counts are shown uncaveated only as counts.
btrack,syncopated_funk,noise,snrDb=10,syncopated_funk__noise_snr10db,syncopated_funk__baseline,resources.cpuSeconds,float,0.036872,0.035435,0.001437,measured,measured,,trueSilenceSpans is STRUCTURAL only: an added noise floor fills what was near-silent. Silence metrics are NOT assessed from this clip; raw counts are shown uncaveated only as counts.
btrack,syncopated_funk,noise,snrDb=10,syncopated_funk__noise_snr10db,syncopated_funk__baseline,resources.allocationCount,int,1481.0,1481.0,0.0,measured,measured,,trueSilenceSpans is STRUCTURAL only: an added noise floor fills what was near-silent. Silence metrics are NOT assessed from this clip; raw counts are shown uncaveated only as counts.
aubio,clean_eighths,baseline,window=5.0s,clean_eighths__baseline,clean_eighths__baseline,detection.predictedBeats,int,5.0,5.0,0.0,measured,measured,,
aubio,clean_eighths,baseline,window=5.0s,clean_eighths__baseline,clean_eighths__baseline,detection.truePositives,int,5.0,5.0,0.0,measured,measured,,
aubio,clean_eighths,baseline,window=5.0s,clean_eighths__baseline,clean_eighths__baseline,detection.falsePositives,int,0.0,0.0,0.0,measured,measured,,
aubio,clean_eighths,baseline,window=5.0s,clean_eighths__baseline,clean_eighths__baseline,detection.falseNegatives,int,5.0,5.0,0.0,measured,measured,,
aubio,clean_eighths,baseline,window=5.0s,clean_eighths__baseline,clean_eighths__baseline,detection.precision,float,1.0,1.0,0.0,measured,measured,,
aubio,clean_eighths,baseline,window=5.0s,clean_eighths__baseline,clean_eighths__baseline,detection.recall,float,0.5,0.5,0.0,measured,measured,,
aubio,clean_eighths,baseline,window=5.0s,clean_eighths__baseline,clean_eighths__baseline,detection.fMeasure,float,0.666666667,0.666666667,0.0,measured,measured,,
aubio,clean_eighths,baseline,window=5.0s,clean_eighths__baseline,clean_eighths__baseline,acquisition.acquired,bool,1.0,1.0,0.0,measured,measured,,
aubio,clean_eighths,baseline,window=5.0s,clean_eighths__baseline,clean_eighths__baseline,acquisition.acquisitionBars,float,1.24905156,1.24905156,0.0,measured,measured,,
aubio,clean_eighths,baseline,window=5.0s,clean_eighths__baseline,clean_eighths__baseline,acquisition.acquisitionSeconds,float,2.37914583,2.37914583,0.0,measured,measured,,
aubio,clean_eighths,baseline,window=5.0s,clean_eighths__baseline,clean_eighths__baseline,acquisition.acquisitionBeats,float,4.99620625,4.99620625,0.0,measured,measured,,
aubio,clean_eighths,baseline,window=5.0s,clean_eighths__baseline,clean_eighths__baseline,bpm.hasBpmLock,bool,1.0,1.0,0.0,measured,measured,,
aubio,clean_eighths,baseline,window=5.0s,clean_eighths__baseline,clean_eighths__baseline,bpm.lockedBpm,float,127.827675,127.827675,0.0,measured,measured,,
aubio,clean_eighths,baseline,window=5.0s,clean_eighths__baseline,clean_eighths__baseline,bpm.bpmRelativeError,float,0.014505356,0.014505356,0.0,measured,measured,,
aubio,clean_eighths,baseline,window=5.0s,clean_eighths__baseline,clean_eighths__baseline,bpm.spec2pctWithin,bool,1.0,1.0,0.0,measured,measured,,
aubio,clean_eighths,baseline,window=5.0s,clean_eighths__baseline,clean_eighths__baseline,bpm.spec2pctNormalized,float,0.7252678,0.7252678,0.0,measured,measured,,
aubio,clean_eighths,baseline,window=5.0s,clean_eighths__baseline,clean_eighths__baseline,halfDouble.halfTimeLock,bool,0.0,0.0,0.0,measured,measured,,
aubio,clean_eighths,baseline,window=5.0s,clean_eighths__baseline,clean_eighths__baseline,halfDouble.doubleTimeLock,bool,0.0,0.0,0.0,measured,measured,,
aubio,clean_eighths,baseline,window=5.0s,clean_eighths__baseline,clean_eighths__baseline,halfDouble.halfDoubleTimeError,bool,0.0,0.0,0.0,measured,measured,,
aubio,clean_eighths,baseline,window=5.0s,clean_eighths__baseline,clean_eighths__baseline,silence.trueSilenceMeasured,bool,1.0,1.0,0.0,measured,measured,,
aubio,clean_eighths,baseline,window=5.0s,clean_eighths__baseline,clean_eighths__baseline,silence.falseBeatCoverage,str,Measured,Measured,,measured,measured,,
aubio,clean_eighths,baseline,window=5.0s,clean_eighths__baseline,clean_eighths__baseline,silence.falseBeatsInTrueSilence,int,0.0,0.0,0.0,measured,measured,,
aubio,clean_eighths,baseline,window=5.0s,clean_eighths__baseline,clean_eighths__baseline,silence.falseBeatsInTrueSilencePerSecond,float,0.0,0.0,0.0,measured,measured,,
aubio,clean_eighths,baseline,window=5.0s,clean_eighths__baseline,clean_eighths__baseline,silence.maxSilenceTempoIncreaseBpm,float,,,,missing,missing,requires silenceAccelerationMeasured,
aubio,clean_eighths,baseline,window=5.0s,clean_eighths__baseline,clean_eighths__baseline,silence.falseBeatsInUnplayedBeatWindowsPerSecond,float,0.0,0.0,0.0,measured,measured,,
aubio,clean_eighths,baseline,window=5.0s,clean_eighths__baseline,clean_eighths__baseline,silence.falseBeatsOffGridInUnplayedBeatWindowsPerSecond,float,0.0,0.0,0.0,measured,measured,,
aubio,clean_eighths,baseline,window=5.0s,clean_eighths__baseline,clean_eighths__baseline,timing.beatsReportedByBackend,int,5.0,5.0,0.0,measured,measured,,
aubio,clean_eighths,baseline,window=5.0s,clean_eighths__baseline,clean_eighths__baseline,timing.beatsStampAtBlockStart,int,0.0,0.0,0.0,measured,measured,,
aubio,clean_eighths,baseline,window=5.0s,clean_eighths__baseline,clean_eighths__baseline,timing.beatsRejectedNonCausal,int,0.0,0.0,0.0,measured,measured,,
aubio,clean_eighths,baseline,window=5.0s,clean_eighths__baseline,clean_eighths__baseline,timing.rateMismatchBlocks,int,0.0,0.0,0.0,measured,measured,,
aubio,clean_eighths,baseline,window=5.0s,clean_eighths__baseline,clean_eighths__baseline,timing.causalAvailabilityMeanSeconds,float,0.001425,0.001425,0.0,measured,measured,,
aubio,clean_eighths,baseline,window=5.0s,clean_eighths__baseline,clean_eighths__baseline,timing.causalAvailabilityMaxSeconds,float,0.001520833,0.001520833,0.0,measured,measured,,
aubio,clean_eighths,baseline,window=5.0s,clean_eighths__baseline,clean_eighths__baseline,phase.phaseMeasured,bool,1.0,1.0,0.0,measured,measured,,
aubio,clean_eighths,baseline,window=5.0s,clean_eighths__baseline,clean_eighths__baseline,phase.phaseMeanMs,float,-15.4250001,-15.4250001,0.0,measured,measured,,
aubio,clean_eighths,baseline,window=5.0s,clean_eighths__baseline,clean_eighths__baseline,phase.phaseMeanAbsMs,float,15.4250001,15.4250001,0.0,measured,measured,,
aubio,clean_eighths,baseline,window=5.0s,clean_eighths__baseline,clean_eighths__baseline,phase.phaseP50AbsMs,float,15.4166663,15.4166663,0.0,measured,measured,,
aubio,clean_eighths,baseline,window=5.0s,clean_eighths__baseline,clean_eighths__baseline,phase.phaseP95AbsMs,float,29.0476193,29.0476193,0.0,measured,measured,,
aubio,clean_eighths,baseline,window=5.0s,clean_eighths__baseline,clean_eighths__baseline,ramp.hasRamp,bool,0.0,0.0,0.0,measured,measured,,
aubio,clean_eighths,baseline,window=5.0s,clean_eighths__baseline,clean_eighths__baseline,ramp.rampLocalTempoRelErrorMean,float,,,,missing,missing,requires hasRamp,
aubio,clean_eighths,baseline,window=5.0s,clean_eighths__baseline,clean_eighths__baseline,ramp.rampLocalTempoRelErrorWorst,float,,,,missing,missing,requires hasRamp,
aubio,clean_eighths,baseline,window=5.0s,clean_eighths__baseline,clean_eighths__baseline,syncopation.hasSyncopation,bool,0.0,0.0,0.0,measured,measured,,
aubio,clean_eighths,baseline,window=5.0s,clean_eighths__baseline,clean_eighths__baseline,syncopation.syncopationMaxStepFraction,float,,,,missing,missing,requires hasSyncopation,
aubio,clean_eighths,baseline,window=5.0s,clean_eighths__baseline,clean_eighths__baseline,syncopation.syncopationMaxDeviationFraction,float,,,,missing,missing,requires hasSyncopation,
aubio,clean_eighths,baseline,window=5.0s,clean_eighths__baseline,clean_eighths__baseline,resources.cpuSeconds,float,0.011012,0.011012,0.0,measured,measured,,
aubio,clean_eighths,baseline,window=5.0s,clean_eighths__baseline,clean_eighths__baseline,resources.allocationCount,int,4.0,4.0,0.0,measured,measured,,
aubio,clean_eighths,clipping,thresholdFraction=0.125,clean_eighths__clip_0.125,clean_eighths__baseline,detection.predictedBeats,int,5.0,5.0,0.0,measured,measured,,
aubio,clean_eighths,clipping,thresholdFraction=0.125,clean_eighths__clip_0.125,clean_eighths__baseline,detection.truePositives,int,5.0,5.0,0.0,measured,measured,,
aubio,clean_eighths,clipping,thresholdFraction=0.125,clean_eighths__clip_0.125,clean_eighths__baseline,detection.falsePositives,int,0.0,0.0,0.0,measured,measured,,
aubio,clean_eighths,clipping,thresholdFraction=0.125,clean_eighths__clip_0.125,clean_eighths__baseline,detection.falseNegatives,int,5.0,5.0,0.0,measured,measured,,
aubio,clean_eighths,clipping,thresholdFraction=0.125,clean_eighths__clip_0.125,clean_eighths__baseline,detection.precision,float,1.0,1.0,0.0,measured,measured,,
aubio,clean_eighths,clipping,thresholdFraction=0.125,clean_eighths__clip_0.125,clean_eighths__baseline,detection.recall,float,0.5,0.5,0.0,measured,measured,,
aubio,clean_eighths,clipping,thresholdFraction=0.125,clean_eighths__clip_0.125,clean_eighths__baseline,detection.fMeasure,float,0.666666667,0.666666667,0.0,measured,measured,,
aubio,clean_eighths,clipping,thresholdFraction=0.125,clean_eighths__clip_0.125,clean_eighths__baseline,acquisition.acquired,bool,1.0,1.0,0.0,measured,measured,,
aubio,clean_eighths,clipping,thresholdFraction=0.125,clean_eighths__clip_0.125,clean_eighths__baseline,acquisition.acquisitionBars,float,1.49670938,1.24905156,0.24765782,measured,measured,,
aubio,clean_eighths,clipping,thresholdFraction=0.125,clean_eighths__clip_0.125,clean_eighths__baseline,acquisition.acquisitionSeconds,float,2.850875,2.37914583,0.47172917,measured,measured,,
aubio,clean_eighths,clipping,thresholdFraction=0.125,clean_eighths__clip_0.125,clean_eighths__baseline,acquisition.acquisitionBeats,float,5.9868375,4.99620625,0.99063125,measured,measured,,
aubio,clean_eighths,clipping,thresholdFraction=0.125,clean_eighths__clip_0.125,clean_eighths__baseline,bpm.hasBpmLock,bool,1.0,1.0,0.0,measured,measured,,
aubio,clean_eighths,clipping,thresholdFraction=0.125,clean_eighths__clip_0.125,clean_eighths__baseline,bpm.lockedBpm,float,127.707039,127.827675,-0.120636,measured,measured,,
aubio,clean_eighths,clipping,thresholdFraction=0.125,clean_eighths__clip_0.125,clean_eighths__baseline,bpm.bpmRelativeError,float,0.013547928,0.014505356,-0.000957428,measured,measured,,
aubio,clean_eighths,clipping,thresholdFraction=0.125,clean_eighths__clip_0.125,clean_eighths__baseline,bpm.spec2pctWithin,bool,1.0,1.0,0.0,measured,measured,,
aubio,clean_eighths,clipping,thresholdFraction=0.125,clean_eighths__clip_0.125,clean_eighths__baseline,bpm.spec2pctNormalized,float,0.6773964,0.7252678,-0.0478714,measured,measured,,
aubio,clean_eighths,clipping,thresholdFraction=0.125,clean_eighths__clip_0.125,clean_eighths__baseline,halfDouble.halfTimeLock,bool,0.0,0.0,0.0,measured,measured,,
aubio,clean_eighths,clipping,thresholdFraction=0.125,clean_eighths__clip_0.125,clean_eighths__baseline,halfDouble.doubleTimeLock,bool,0.0,0.0,0.0,measured,measured,,
aubio,clean_eighths,clipping,thresholdFraction=0.125,clean_eighths__clip_0.125,clean_eighths__baseline,halfDouble.halfDoubleTimeError,bool,0.0,0.0,0.0,measured,measured,,
aubio,clean_eighths,clipping,thresholdFraction=0.125,clean_eighths__clip_0.125,clean_eighths__baseline,silence.trueSilenceMeasured,bool,1.0,1.0,0.0,measured,measured,,
aubio,clean_eighths,clipping,thresholdFraction=0.125,clean_eighths__clip_0.125,clean_eighths__baseline,silence.falseBeatCoverage,str,Measured,Measured,,measured,measured,,
aubio,clean_eighths,clipping,thresholdFraction=0.125,clean_eighths__clip_0.125,clean_eighths__baseline,silence.falseBeatsInTrueSilence,int,0.0,0.0,0.0,measured,measured,,
aubio,clean_eighths,clipping,thresholdFraction=0.125,clean_eighths__clip_0.125,clean_eighths__baseline,silence.falseBeatsInTrueSilencePerSecond,float,0.0,0.0,0.0,measured,measured,,
aubio,clean_eighths,clipping,thresholdFraction=0.125,clean_eighths__clip_0.125,clean_eighths__baseline,silence.maxSilenceTempoIncreaseBpm,float,,,,missing,missing,requires silenceAccelerationMeasured,
aubio,clean_eighths,clipping,thresholdFraction=0.125,clean_eighths__clip_0.125,clean_eighths__baseline,silence.falseBeatsInUnplayedBeatWindowsPerSecond,float,0.0,0.0,0.0,measured,measured,,
aubio,clean_eighths,clipping,thresholdFraction=0.125,clean_eighths__clip_0.125,clean_eighths__baseline,silence.falseBeatsOffGridInUnplayedBeatWindowsPerSecond,float,0.0,0.0,0.0,measured,measured,,
aubio,clean_eighths,clipping,thresholdFraction=0.125,clean_eighths__clip_0.125,clean_eighths__baseline,timing.beatsReportedByBackend,int,5.0,5.0,0.0,measured,measured,,
aubio,clean_eighths,clipping,thresholdFraction=0.125,clean_eighths__clip_0.125,clean_eighths__baseline,timing.beatsStampAtBlockStart,int,0.0,0.0,0.0,measured,measured,,
aubio,clean_eighths,clipping,thresholdFraction=0.125,clean_eighths__clip_0.125,clean_eighths__baseline,timing.beatsRejectedNonCausal,int,0.0,0.0,0.0,measured,measured,,
aubio,clean_eighths,clipping,thresholdFraction=0.125,clean_eighths__clip_0.125,clean_eighths__baseline,timing.rateMismatchBlocks,int,0.0,0.0,0.0,measured,measured,,
aubio,clean_eighths,clipping,thresholdFraction=0.125,clean_eighths__clip_0.125,clean_eighths__baseline,timing.causalAvailabilityMeanSeconds,float,0.009308333,0.001425,0.007883333,measured,measured,,
aubio,clean_eighths,clipping,thresholdFraction=0.125,clean_eighths__clip_0.125,clean_eighths__baseline,timing.causalAvailabilityMaxSeconds,float,0.010291667,0.001520833,0.008770834,measured,measured,,
aubio,clean_eighths,clipping,thresholdFraction=0.125,clean_eighths__clip_0.125,clean_eighths__baseline,phase.phaseMeasured,bool,1.0,1.0,0.0,measured,measured,,
aubio,clean_eighths,clipping,thresholdFraction=0.125,clean_eighths__clip_0.125,clean_eighths__baseline,phase.phaseMeanMs,float,-12.6416667,-15.4250001,2.7833334,measured,measured,,
aubio,clean_eighths,clipping,thresholdFraction=0.125,clean_eighths__clip_0.125,clean_eighths__baseline,phase.phaseMeanAbsMs,float,12.677381,15.4250001,-2.7476191,measured,measured,,
aubio,clean_eighths,clipping,thresholdFraction=0.125,clean_eighths__clip_0.125,clean_eighths__baseline,phase.phaseP50AbsMs,float,12.645833,15.4166663,-2.7708333,measured,measured,,
aubio,clean_eighths,clipping,thresholdFraction=0.125,clean_eighths__clip_0.125,clean_eighths__baseline,phase.phaseP95AbsMs,float,25.3809527,29.0476193,-3.6666666,measured,measured,,
aubio,clean_eighths,clipping,thresholdFraction=0.125,clean_eighths__clip_0.125,clean_eighths__baseline,ramp.hasRamp,bool,0.0,0.0,0.0,measured,measured,,
aubio,clean_eighths,clipping,thresholdFraction=0.125,clean_eighths__clip_0.125,clean_eighths__baseline,ramp.rampLocalTempoRelErrorMean,float,,,,missing,missing,requires hasRamp,
aubio,clean_eighths,clipping,thresholdFraction=0.125,clean_eighths__clip_0.125,clean_eighths__baseline,ramp.rampLocalTempoRelErrorWorst,float,,,,missing,missing,requires hasRamp,
aubio,clean_eighths,clipping,thresholdFraction=0.125,clean_eighths__clip_0.125,clean_eighths__baseline,syncopation.hasSyncopation,bool,0.0,0.0,0.0,measured,measured,,
aubio,clean_eighths,clipping,thresholdFraction=0.125,clean_eighths__clip_0.125,clean_eighths__baseline,syncopation.syncopationMaxStepFraction,float,,,,missing,missing,requires hasSyncopation,
aubio,clean_eighths,clipping,thresholdFraction=0.125,clean_eighths__clip_0.125,clean_eighths__baseline,syncopation.syncopationMaxDeviationFraction,float,,,,missing,missing,requires hasSyncopation,
aubio,clean_eighths,clipping,thresholdFraction=0.125,clean_eighths__clip_0.125,clean_eighths__baseline,resources.cpuSeconds,float,0.01007,0.011012,-0.000942,measured,measured,,
aubio,clean_eighths,clipping,thresholdFraction=0.125,clean_eighths__clip_0.125,clean_eighths__baseline,resources.allocationCount,int,4.0,4.0,0.0,measured,measured,,
aubio,clean_eighths,clipping,thresholdFraction=0.25,clean_eighths__clip_0.25,clean_eighths__baseline,detection.predictedBeats,int,5.0,5.0,0.0,measured,measured,,
aubio,clean_eighths,clipping,thresholdFraction=0.25,clean_eighths__clip_0.25,clean_eighths__baseline,detection.truePositives,int,5.0,5.0,0.0,measured,measured,,
aubio,clean_eighths,clipping,thresholdFraction=0.25,clean_eighths__clip_0.25,clean_eighths__baseline,detection.falsePositives,int,0.0,0.0,0.0,measured,measured,,
aubio,clean_eighths,clipping,thresholdFraction=0.25,clean_eighths__clip_0.25,clean_eighths__baseline,detection.falseNegatives,int,5.0,5.0,0.0,measured,measured,,
aubio,clean_eighths,clipping,thresholdFraction=0.25,clean_eighths__clip_0.25,clean_eighths__baseline,detection.precision,float,1.0,1.0,0.0,measured,measured,,
aubio,clean_eighths,clipping,thresholdFraction=0.25,clean_eighths__clip_0.25,clean_eighths__baseline,detection.recall,float,0.5,0.5,0.0,measured,measured,,
aubio,clean_eighths,clipping,thresholdFraction=0.25,clean_eighths__clip_0.25,clean_eighths__baseline,detection.fMeasure,float,0.666666667,0.666666667,0.0,measured,measured,,
aubio,clean_eighths,clipping,thresholdFraction=0.25,clean_eighths__clip_0.25,clean_eighths__baseline,acquisition.acquired,bool,1.0,1.0,0.0,measured,measured,,
aubio,clean_eighths,clipping,thresholdFraction=0.25,clean_eighths__clip_0.25,clean_eighths__baseline,acquisition.acquisitionBars,float,1.24968594,1.24905156,0.00063438,measured,measured,,
aubio,clean_eighths,clipping,thresholdFraction=0.25,clean_eighths__clip_0.25,clean_eighths__baseline,acquisition.acquisitionSeconds,float,2.38035417,2.37914583,0.00120834,measured,measured,,
aubio,clean_eighths,clipping,thresholdFraction=0.25,clean_eighths__clip_0.25,clean_eighths__baseline,acquisition.acquisitionBeats,float,4.99874375,4.99620625,0.0025375,measured,measured,,
aubio,clean_eighths,clipping,thresholdFraction=0.25,clean_eighths__clip_0.25,clean_eighths__baseline,bpm.hasBpmLock,bool,1.0,1.0,0.0,measured,measured,,
aubio,clean_eighths,clipping,thresholdFraction=0.25,clean_eighths__clip_0.25,clean_eighths__baseline,bpm.lockedBpm,float,127.693649,127.827675,-0.134026,measured,measured,,
aubio,clean_eighths,clipping,thresholdFraction=0.25,clean_eighths__clip_0.25,clean_eighths__baseline,bpm.bpmRelativeError,float,0.013441661,0.014505356,-0.001063695,measured,measured,,
aubio,clean_eighths,clipping,thresholdFraction=0.25,clean_eighths__clip_0.25,clean_eighths__baseline,bpm.spec2pctWithin,bool,1.0,1.0,0.0,measured,measured,,
aubio,clean_eighths,clipping,thresholdFraction=0.25,clean_eighths__clip_0.25,clean_eighths__baseline,bpm.spec2pctNormalized,float,0.67208305,0.7252678,-0.05318475,measured,measured,,
aubio,clean_eighths,clipping,thresholdFraction=0.25,clean_eighths__clip_0.25,clean_eighths__baseline,halfDouble.halfTimeLock,bool,0.0,0.0,0.0,measured,measured,,
aubio,clean_eighths,clipping,thresholdFraction=0.25,clean_eighths__clip_0.25,clean_eighths__baseline,halfDouble.doubleTimeLock,bool,0.0,0.0,0.0,measured,measured,,
aubio,clean_eighths,clipping,thresholdFraction=0.25,clean_eighths__clip_0.25,clean_eighths__baseline,halfDouble.halfDoubleTimeError,bool,0.0,0.0,0.0,measured,measured,,
aubio,clean_eighths,clipping,thresholdFraction=0.25,clean_eighths__clip_0.25,clean_eighths__baseline,silence.trueSilenceMeasured,bool,1.0,1.0,0.0,measured,measured,,
aubio,clean_eighths,clipping,thresholdFraction=0.25,clean_eighths__clip_0.25,clean_eighths__baseline,silence.falseBeatCoverage,str,Measured,Measured,,measured,measured,,
aubio,clean_eighths,clipping,thresholdFraction=0.25,clean_eighths__clip_0.25,clean_eighths__baseline,silence.falseBeatsInTrueSilence,int,0.0,0.0,0.0,measured,measured,,
aubio,clean_eighths,clipping,thresholdFraction=0.25,clean_eighths__clip_0.25,clean_eighths__baseline,silence.falseBeatsInTrueSilencePerSecond,float,0.0,0.0,0.0,measured,measured,,
aubio,clean_eighths,clipping,thresholdFraction=0.25,clean_eighths__clip_0.25,clean_eighths__baseline,silence.maxSilenceTempoIncreaseBpm,float,,,,missing,missing,requires silenceAccelerationMeasured,
aubio,clean_eighths,clipping,thresholdFraction=0.25,clean_eighths__clip_0.25,clean_eighths__baseline,silence.falseBeatsInUnplayedBeatWindowsPerSecond,float,0.0,0.0,0.0,measured,measured,,
aubio,clean_eighths,clipping,thresholdFraction=0.25,clean_eighths__clip_0.25,clean_eighths__baseline,silence.falseBeatsOffGridInUnplayedBeatWindowsPerSecond,float,0.0,0.0,0.0,measured,measured,,
aubio,clean_eighths,clipping,thresholdFraction=0.25,clean_eighths__clip_0.25,clean_eighths__baseline,timing.beatsReportedByBackend,int,5.0,5.0,0.0,measured,measured,,
aubio,clean_eighths,clipping,thresholdFraction=0.25,clean_eighths__clip_0.25,clean_eighths__baseline,timing.beatsStampAtBlockStart,int,0.0,0.0,0.0,measured,measured,,
aubio,clean_eighths,clipping,thresholdFraction=0.25,clean_eighths__clip_0.25,clean_eighths__baseline,timing.beatsRejectedNonCausal,int,0.0,0.0,0.0,measured,measured,,
aubio,clean_eighths,clipping,thresholdFraction=0.25,clean_eighths__clip_0.25,clean_eighths__baseline,timing.rateMismatchBlocks,int,0.0,0.0,0.0,measured,measured,,
aubio,clean_eighths,clipping,thresholdFraction=0.25,clean_eighths__clip_0.25,clean_eighths__baseline,timing.causalAvailabilityMeanSeconds,float,0.0077625,0.001425,0.0063375,measured,measured,,
aubio,clean_eighths,clipping,thresholdFraction=0.25,clean_eighths__clip_0.25,clean_eighths__baseline,timing.causalAvailabilityMaxSeconds,float,0.0104375,0.001520833,0.008916667,measured,measured,,
aubio,clean_eighths,clipping,thresholdFraction=0.25,clean_eighths__clip_0.25,clean_eighths__baseline,phase.phaseMeasured,bool,1.0,1.0,0.0,measured,measured,,
aubio,clean_eighths,clipping,thresholdFraction=0.25,clean_eighths__clip_0.25,clean_eighths__baseline,phase.phaseMeanMs,float,-13.2291667,-15.4250001,2.1958334,measured,measured,,
aubio,clean_eighths,clipping,thresholdFraction=0.25,clean_eighths__clip_0.25,clean_eighths__baseline,phase.phaseMeanAbsMs,float,13.2291667,15.4250001,-2.1958334,measured,measured,,
aubio,clean_eighths,clipping,thresholdFraction=0.25,clean_eighths__clip_0.25,clean_eighths__baseline,phase.phaseP50AbsMs,float,13.2291663,15.4166663,-2.1875,measured,measured,,
aubio,clean_eighths,clipping,thresholdFraction=0.25,clean_eighths__clip_0.25,clean_eighths__baseline,phase.phaseP95AbsMs,float,25.8601193,29.0476193,-3.1875,measured,measured,,
aubio,clean_eighths,clipping,thresholdFraction=0.25,clean_eighths__clip_0.25,clean_eighths__baseline,ramp.hasRamp,bool,0.0,0.0,0.0,measured,measured,,
aubio,clean_eighths,clipping,thresholdFraction=0.25,clean_eighths__clip_0.25,clean_eighths__baseline,ramp.rampLocalTempoRelErrorMean,float,,,,missing,missing,requires hasRamp,
aubio,clean_eighths,clipping,thresholdFraction=0.25,clean_eighths__clip_0.25,clean_eighths__baseline,ramp.rampLocalTempoRelErrorWorst,float,,,,missing,missing,requires hasRamp,
aubio,clean_eighths,clipping,thresholdFraction=0.25,clean_eighths__clip_0.25,clean_eighths__baseline,syncopation.hasSyncopation,bool,0.0,0.0,0.0,measured,measured,,
aubio,clean_eighths,clipping,thresholdFraction=0.25,clean_eighths__clip_0.25,clean_eighths__baseline,syncopation.syncopationMaxStepFraction,float,,,,missing,missing,requires hasSyncopation,
aubio,clean_eighths,clipping,thresholdFraction=0.25,clean_eighths__clip_0.25,clean_eighths__baseline,syncopation.syncopationMaxDeviationFraction,float,,,,missing,missing,requires hasSyncopation,
aubio,clean_eighths,clipping,thresholdFraction=0.25,clean_eighths__clip_0.25,clean_eighths__baseline,resources.cpuSeconds,float,0.010066,0.011012,-0.000946,measured,measured,,
aubio,clean_eighths,clipping,thresholdFraction=0.25,clean_eighths__clip_0.25,clean_eighths__baseline,resources.allocationCount,int,4.0,4.0,0.0,measured,measured,,
aubio,clean_eighths,clipping,thresholdFraction=0.5,clean_eighths__clip_0.5,clean_eighths__baseline,detection.predictedBeats,int,5.0,5.0,0.0,measured,measured,,
aubio,clean_eighths,clipping,thresholdFraction=0.5,clean_eighths__clip_0.5,clean_eighths__baseline,detection.truePositives,int,5.0,5.0,0.0,measured,measured,,
aubio,clean_eighths,clipping,thresholdFraction=0.5,clean_eighths__clip_0.5,clean_eighths__baseline,detection.falsePositives,int,0.0,0.0,0.0,measured,measured,,
aubio,clean_eighths,clipping,thresholdFraction=0.5,clean_eighths__clip_0.5,clean_eighths__baseline,detection.falseNegatives,int,5.0,5.0,0.0,measured,measured,,
aubio,clean_eighths,clipping,thresholdFraction=0.5,clean_eighths__clip_0.5,clean_eighths__baseline,detection.precision,float,1.0,1.0,0.0,measured,measured,,
aubio,clean_eighths,clipping,thresholdFraction=0.5,clean_eighths__clip_0.5,clean_eighths__baseline,detection.recall,float,0.5,0.5,0.0,measured,measured,,
aubio,clean_eighths,clipping,thresholdFraction=0.5,clean_eighths__clip_0.5,clean_eighths__baseline,detection.fMeasure,float,0.666666667,0.666666667,0.0,measured,measured,,
aubio,clean_eighths,clipping,thresholdFraction=0.5,clean_eighths__clip_0.5,clean_eighths__baseline,acquisition.acquired,bool,1.0,1.0,0.0,measured,measured,,
aubio,clean_eighths,clipping,thresholdFraction=0.5,clean_eighths__clip_0.5,clean_eighths__baseline,acquisition.acquisitionBars,float,1.24921562,1.24905156,0.00016406,measured,measured,,
aubio,clean_eighths,clipping,thresholdFraction=0.5,clean_eighths__clip_0.5,clean_eighths__baseline,acquisition.acquisitionSeconds,float,2.37945833,2.37914583,0.0003125,measured,measured,,
aubio,clean_eighths,clipping,thresholdFraction=0.5,clean_eighths__clip_0.5,clean_eighths__baseline,acquisition.acquisitionBeats,float,4.9968625,4.99620625,0.00065625,measured,measured,,
aubio,clean_eighths,clipping,thresholdFraction=0.5,clean_eighths__clip_0.5,clean_eighths__baseline,bpm.hasBpmLock,bool,1.0,1.0,0.0,measured,measured,,
aubio,clean_eighths,clipping,thresholdFraction=0.5,clean_eighths__clip_0.5,clean_eighths__baseline,bpm.lockedBpm,float,127.774239,127.827675,-0.053436,measured,measured,,
aubio,clean_eighths,clipping,thresholdFraction=0.5,clean_eighths__clip_0.5,clean_eighths__baseline,bpm.bpmRelativeError,float,0.014081259,0.014505356,-0.000424097,measured,measured,,
aubio,clean_eighths,clipping,thresholdFraction=0.5,clean_eighths__clip_0.5,clean_eighths__baseline,bpm.spec2pctWithin,bool,1.0,1.0,0.0,measured,measured,,
aubio,clean_eighths,clipping,thresholdFraction=0.5,clean_eighths__clip_0.5,clean_eighths__baseline,bpm.spec2pctNormalized,float,0.70406295,0.7252678,-0.02120485,measured,measured,,
aubio,clean_eighths,clipping,thresholdFraction=0.5,clean_eighths__clip_0.5,clean_eighths__baseline,halfDouble.halfTimeLock,bool,0.0,0.0,0.0,measured,measured,,
aubio,clean_eighths,clipping,thresholdFraction=0.5,clean_eighths__clip_0.5,clean_eighths__baseline,halfDouble.doubleTimeLock,bool,0.0,0.0,0.0,measured,measured,,
aubio,clean_eighths,clipping,thresholdFraction=0.5,clean_eighths__clip_0.5,clean_eighths__baseline,halfDouble.halfDoubleTimeError,bool,0.0,0.0,0.0,measured,measured,,
aubio,clean_eighths,clipping,thresholdFraction=0.5,clean_eighths__clip_0.5,clean_eighths__baseline,silence.trueSilenceMeasured,bool,1.0,1.0,0.0,measured,measured,,
aubio,clean_eighths,clipping,thresholdFraction=0.5,clean_eighths__clip_0.5,clean_eighths__baseline,silence.falseBeatCoverage,str,Measured,Measured,,measured,measured,,
aubio,clean_eighths,clipping,thresholdFraction=0.5,clean_eighths__clip_0.5,clean_eighths__baseline,silence.falseBeatsInTrueSilence,int,0.0,0.0,0.0,measured,measured,,
aubio,clean_eighths,clipping,thresholdFraction=0.5,clean_eighths__clip_0.5,clean_eighths__baseline,silence.falseBeatsInTrueSilencePerSecond,float,0.0,0.0,0.0,measured,measured,,
aubio,clean_eighths,clipping,thresholdFraction=0.5,clean_eighths__clip_0.5,clean_eighths__baseline,silence.maxSilenceTempoIncreaseBpm,float,,,,missing,missing,requires silenceAccelerationMeasured,
aubio,clean_eighths,clipping,thresholdFraction=0.5,clean_eighths__clip_0.5,clean_eighths__baseline,silence.falseBeatsInUnplayedBeatWindowsPerSecond,float,0.0,0.0,0.0,measured,measured,,
aubio,clean_eighths,clipping,thresholdFraction=0.5,clean_eighths__clip_0.5,clean_eighths__baseline,silence.falseBeatsOffGridInUnplayedBeatWindowsPerSecond,float,0.0,0.0,0.0,measured,measured,,
aubio,clean_eighths,clipping,thresholdFraction=0.5,clean_eighths__clip_0.5,clean_eighths__baseline,timing.beatsReportedByBackend,int,5.0,5.0,0.0,measured,measured,,
aubio,clean_eighths,clipping,thresholdFraction=0.5,clean_eighths__clip_0.5,clean_eighths__baseline,timing.beatsStampAtBlockStart,int,0.0,0.0,0.0,measured,measured,,
aubio,clean_eighths,clipping,thresholdFraction=0.5,clean_eighths__clip_0.5,clean_eighths__baseline,timing.beatsRejectedNonCausal,int,0.0,0.0,0.0,measured,measured,,
aubio,clean_eighths,clipping,thresholdFraction=0.5,clean_eighths__clip_0.5,clean_eighths__baseline,timing.rateMismatchBlocks,int,0.0,0.0,0.0,measured,measured,,
aubio,clean_eighths,clipping,thresholdFraction=0.5,clean_eighths__clip_0.5,clean_eighths__baseline,timing.causalAvailabilityMeanSeconds,float,0.0007125,0.001425,-0.0007125,measured,measured,,
aubio,clean_eighths,clipping,thresholdFraction=0.5,clean_eighths__clip_0.5,clean_eighths__baseline,timing.causalAvailabilityMaxSeconds,float,0.001208333,0.001520833,-0.0003125,measured,measured,,
aubio,clean_eighths,clipping,thresholdFraction=0.5,clean_eighths__clip_0.5,clean_eighths__baseline,phase.phaseMeasured,bool,1.0,1.0,0.0,measured,measured,,
aubio,clean_eighths,clipping,thresholdFraction=0.5,clean_eighths__clip_0.5,clean_eighths__baseline,phase.phaseMeanMs,float,-14.7125001,-15.4250001,0.7125,measured,measured,,
aubio,clean_eighths,clipping,thresholdFraction=0.5,clean_eighths__clip_0.5,clean_eighths__baseline,phase.phaseMeanAbsMs,float,14.7125001,15.4250001,-0.7125,measured,measured,,
aubio,clean_eighths,clipping,thresholdFraction=0.5,clean_eighths__clip_0.5,clean_eighths__baseline,phase.phaseP50AbsMs,float,14.708333,15.4166663,-0.7083333,measured,measured,,
aubio,clean_eighths,clipping,thresholdFraction=0.5,clean_eighths__clip_0.5,clean_eighths__baseline,phase.phaseP95AbsMs,float,27.9434527,29.0476193,-1.1041666,measured,measured,,
aubio,clean_eighths,clipping,thresholdFraction=0.5,clean_eighths__clip_0.5,clean_eighths__baseline,ramp.hasRamp,bool,0.0,0.0,0.0,measured,measured,,
aubio,clean_eighths,clipping,thresholdFraction=0.5,clean_eighths__clip_0.5,clean_eighths__baseline,ramp.rampLocalTempoRelErrorMean,float,,,,missing,missing,requires hasRamp,
aubio,clean_eighths,clipping,thresholdFraction=0.5,clean_eighths__clip_0.5,clean_eighths__baseline,ramp.rampLocalTempoRelErrorWorst,float,,,,missing,missing,requires hasRamp,
aubio,clean_eighths,clipping,thresholdFraction=0.5,clean_eighths__clip_0.5,clean_eighths__baseline,syncopation.hasSyncopation,bool,0.0,0.0,0.0,measured,measured,,
aubio,clean_eighths,clipping,thresholdFraction=0.5,clean_eighths__clip_0.5,clean_eighths__baseline,syncopation.syncopationMaxStepFraction,float,,,,missing,missing,requires hasSyncopation,
aubio,clean_eighths,clipping,thresholdFraction=0.5,clean_eighths__clip_0.5,clean_eighths__baseline,syncopation.syncopationMaxDeviationFraction,float,,,,missing,missing,requires hasSyncopation,
aubio,clean_eighths,clipping,thresholdFraction=0.5,clean_eighths__clip_0.5,clean_eighths__baseline,resources.cpuSeconds,float,0.010031,0.011012,-0.000981,measured,measured,,
aubio,clean_eighths,clipping,thresholdFraction=0.5,clean_eighths__clip_0.5,clean_eighths__baseline,resources.allocationCount,int,4.0,4.0,0.0,measured,measured,,
aubio,clean_eighths,drop_onset,everyKth=2,clean_eighths__drop_every2,clean_eighths__baseline,detection.predictedBeats,int,5.0,5.0,0.0,measured,measured,,"Edit-onsets perturbation: the metric grid is unchanged but as-played onsets are removed, so recall/F degrade against an unchanged beat truth."
aubio,clean_eighths,drop_onset,everyKth=2,clean_eighths__drop_every2,clean_eighths__baseline,detection.truePositives,int,5.0,5.0,0.0,measured,measured,,"Edit-onsets perturbation: the metric grid is unchanged but as-played onsets are removed, so recall/F degrade against an unchanged beat truth."
aubio,clean_eighths,drop_onset,everyKth=2,clean_eighths__drop_every2,clean_eighths__baseline,detection.falsePositives,int,0.0,0.0,0.0,measured,measured,,"Edit-onsets perturbation: the metric grid is unchanged but as-played onsets are removed, so recall/F degrade against an unchanged beat truth."
aubio,clean_eighths,drop_onset,everyKth=2,clean_eighths__drop_every2,clean_eighths__baseline,detection.falseNegatives,int,5.0,5.0,0.0,measured,measured,,"Edit-onsets perturbation: the metric grid is unchanged but as-played onsets are removed, so recall/F degrade against an unchanged beat truth."
aubio,clean_eighths,drop_onset,everyKth=2,clean_eighths__drop_every2,clean_eighths__baseline,detection.precision,float,1.0,1.0,0.0,measured,measured,,"Edit-onsets perturbation: the metric grid is unchanged but as-played onsets are removed, so recall/F degrade against an unchanged beat truth."
aubio,clean_eighths,drop_onset,everyKth=2,clean_eighths__drop_every2,clean_eighths__baseline,detection.recall,float,0.5,0.5,0.0,measured,measured,,"Edit-onsets perturbation: the metric grid is unchanged but as-played onsets are removed, so recall/F degrade against an unchanged beat truth."
aubio,clean_eighths,drop_onset,everyKth=2,clean_eighths__drop_every2,clean_eighths__baseline,detection.fMeasure,float,0.666666667,0.666666667,0.0,measured,measured,,"Edit-onsets perturbation: the metric grid is unchanged but as-played onsets are removed, so recall/F degrade against an unchanged beat truth."
aubio,clean_eighths,drop_onset,everyKth=2,clean_eighths__drop_every2,clean_eighths__baseline,acquisition.acquired,bool,1.0,1.0,0.0,measured,measured,,"Edit-onsets perturbation: the metric grid is unchanged but as-played onsets are removed, so recall/F degrade against an unchanged beat truth."
aubio,clean_eighths,drop_onset,everyKth=2,clean_eighths__drop_every2,clean_eighths__baseline,acquisition.acquisitionBars,float,1.49650156,1.24905156,0.24745,measured,measured,,"Edit-onsets perturbation: the metric grid is unchanged but as-played onsets are removed, so recall/F degrade against an unchanged beat truth."
aubio,clean_eighths,drop_onset,everyKth=2,clean_eighths__drop_every2,clean_eighths__baseline,acquisition.acquisitionSeconds,float,2.85047917,2.37914583,0.47133334,measured,measured,,"Edit-onsets perturbation: the metric grid is unchanged but as-played onsets are removed, so recall/F degrade against an unchanged beat truth."
aubio,clean_eighths,drop_onset,everyKth=2,clean_eighths__drop_every2,clean_eighths__baseline,acquisition.acquisitionBeats,float,5.98600625,4.99620625,0.9898,measured,measured,,"Edit-onsets perturbation: the metric grid is unchanged but as-played onsets are removed, so recall/F degrade against an unchanged beat truth."
aubio,clean_eighths,drop_onset,everyKth=2,clean_eighths__drop_every2,clean_eighths__baseline,bpm.hasBpmLock,bool,1.0,1.0,0.0,measured,measured,,"Edit-onsets perturbation: the metric grid is unchanged but as-played onsets are removed, so recall/F degrade against an unchanged beat truth."
aubio,clean_eighths,drop_onset,everyKth=2,clean_eighths__drop_every2,clean_eighths__baseline,bpm.lockedBpm,float,127.933098,127.827675,0.105423,measured,measured,,"Edit-onsets perturbation: the metric grid is unchanged but as-played onsets are removed, so recall/F degrade against an unchanged beat truth."
aubio,clean_eighths,drop_onset,everyKth=2,clean_eighths__drop_every2,clean_eighths__baseline,bpm.bpmRelativeError,float,0.015342046,0.014505356,0.00083669,measured,measured,,"Edit-onsets perturbation: the metric grid is unchanged but as-played onsets are removed, so recall/F degrade against an unchanged beat truth."
aubio,clean_eighths,drop_onset,everyKth=2,clean_eighths__drop_every2,clean_eighths__baseline,bpm.spec2pctWithin,bool,1.0,1.0,0.0,measured,measured,,"Edit-onsets perturbation: the metric grid is unchanged but as-played onsets are removed, so recall/F degrade against an unchanged beat truth."
aubio,clean_eighths,drop_onset,everyKth=2,clean_eighths__drop_every2,clean_eighths__baseline,bpm.spec2pctNormalized,float,0.7671023,0.7252678,0.0418345,measured,measured,,"Edit-onsets perturbation: the metric grid is unchanged but as-played onsets are removed, so recall/F degrade against an unchanged beat truth."
aubio,clean_eighths,drop_onset,everyKth=2,clean_eighths__drop_every2,clean_eighths__baseline,halfDouble.halfTimeLock,bool,0.0,0.0,0.0,measured,measured,,"Edit-onsets perturbation: the metric grid is unchanged but as-played onsets are removed, so recall/F degrade against an unchanged beat truth."
aubio,clean_eighths,drop_onset,everyKth=2,clean_eighths__drop_every2,clean_eighths__baseline,halfDouble.doubleTimeLock,bool,0.0,0.0,0.0,measured,measured,,"Edit-onsets perturbation: the metric grid is unchanged but as-played onsets are removed, so recall/F degrade against an unchanged beat truth."
aubio,clean_eighths,drop_onset,everyKth=2,clean_eighths__drop_every2,clean_eighths__baseline,halfDouble.halfDoubleTimeError,bool,0.0,0.0,0.0,measured,measured,,"Edit-onsets perturbation: the metric grid is unchanged but as-played onsets are removed, so recall/F degrade against an unchanged beat truth."
aubio,clean_eighths,drop_onset,everyKth=2,clean_eighths__drop_every2,clean_eighths__baseline,silence.trueSilenceMeasured,bool,1.0,1.0,0.0,measured,measured,,"Edit-onsets perturbation: the metric grid is unchanged but as-played onsets are removed, so recall/F degrade against an unchanged beat truth."
aubio,clean_eighths,drop_onset,everyKth=2,clean_eighths__drop_every2,clean_eighths__baseline,silence.falseBeatCoverage,str,Measured,Measured,,measured,measured,,"Edit-onsets perturbation: the metric grid is unchanged but as-played onsets are removed, so recall/F degrade against an unchanged beat truth."
aubio,clean_eighths,drop_onset,everyKth=2,clean_eighths__drop_every2,clean_eighths__baseline,silence.falseBeatsInTrueSilence,int,0.0,0.0,0.0,measured,measured,,"Edit-onsets perturbation: the metric grid is unchanged but as-played onsets are removed, so recall/F degrade against an unchanged beat truth."
aubio,clean_eighths,drop_onset,everyKth=2,clean_eighths__drop_every2,clean_eighths__baseline,silence.falseBeatsInTrueSilencePerSecond,float,0.0,0.0,0.0,measured,measured,,"Edit-onsets perturbation: the metric grid is unchanged but as-played onsets are removed, so recall/F degrade against an unchanged beat truth."
aubio,clean_eighths,drop_onset,everyKth=2,clean_eighths__drop_every2,clean_eighths__baseline,silence.maxSilenceTempoIncreaseBpm,float,,,,missing,missing,requires silenceAccelerationMeasured,"Edit-onsets perturbation: the metric grid is unchanged but as-played onsets are removed, so recall/F degrade against an unchanged beat truth."
aubio,clean_eighths,drop_onset,everyKth=2,clean_eighths__drop_every2,clean_eighths__baseline,silence.falseBeatsInUnplayedBeatWindowsPerSecond,float,10.0,0.0,10.0,measured,measured,,"Edit-onsets perturbation: the metric grid is unchanged but as-played onsets are removed, so recall/F degrade against an unchanged beat truth."
aubio,clean_eighths,drop_onset,everyKth=2,clean_eighths__drop_every2,clean_eighths__baseline,silence.falseBeatsOffGridInUnplayedBeatWindowsPerSecond,float,0.0,0.0,0.0,measured,measured,,"Edit-onsets perturbation: the metric grid is unchanged but as-played onsets are removed, so recall/F degrade against an unchanged beat truth."
aubio,clean_eighths,drop_onset,everyKth=2,clean_eighths__drop_every2,clean_eighths__baseline,timing.beatsReportedByBackend,int,5.0,5.0,0.0,measured,measured,,"Edit-onsets perturbation: the metric grid is unchanged but as-played onsets are removed, so recall/F degrade against an unchanged beat truth."
aubio,clean_eighths,drop_onset,everyKth=2,clean_eighths__drop_every2,clean_eighths__baseline,timing.beatsStampAtBlockStart,int,0.0,0.0,0.0,measured,measured,,"Edit-onsets perturbation: the metric grid is unchanged but as-played onsets are removed, so recall/F degrade against an unchanged beat truth."
aubio,clean_eighths,drop_onset,everyKth=2,clean_eighths__drop_every2,clean_eighths__baseline,timing.beatsRejectedNonCausal,int,0.0,0.0,0.0,measured,measured,,"Edit-onsets perturbation: the metric grid is unchanged but as-played onsets are removed, so recall/F degrade against an unchanged beat truth."
aubio,clean_eighths,drop_onset,everyKth=2,clean_eighths__drop_every2,clean_eighths__baseline,timing.rateMismatchBlocks,int,0.0,0.0,0.0,measured,measured,,"Edit-onsets perturbation: the metric grid is unchanged but as-played onsets are removed, so recall/F degrade against an unchanged beat truth."
aubio,clean_eighths,drop_onset,everyKth=2,clean_eighths__drop_every2,clean_eighths__baseline,timing.causalAvailabilityMeanSeconds,float,0.006258333,0.001425,0.004833333,measured,measured,,"Edit-onsets perturbation: the metric grid is unchanged but as-played onsets are removed, so recall/F degrade against an unchanged beat truth."
aubio,clean_eighths,drop_onset,everyKth=2,clean_eighths__drop_every2,clean_eighths__baseline,timing.causalAvailabilityMaxSeconds,float,0.010520833,0.001520833,0.009,measured,measured,,"Edit-onsets perturbation: the metric grid is unchanged but as-played onsets are removed, so recall/F degrade against an unchanged beat truth."
aubio,clean_eighths,drop_onset,everyKth=2,clean_eighths__drop_every2,clean_eighths__baseline,phase.phaseMeasured,bool,1.0,1.0,0.0,measured,measured,,"Edit-onsets perturbation: the metric grid is unchanged but as-played onsets are removed, so recall/F degrade against an unchanged beat truth."
aubio,clean_eighths,drop_onset,everyKth=2,clean_eighths__drop_every2,clean_eighths__baseline,phase.phaseMeanMs,float,-13.8583334,-15.4250001,1.5666667,measured,measured,,"Edit-onsets perturbation: the metric grid is unchanged but as-played onsets are removed, so recall/F degrade against an unchanged beat truth."
aubio,clean_eighths,drop_onset,everyKth=2,clean_eighths__drop_every2,clean_eighths__baseline,phase.phaseMeanAbsMs,float,14.0690477,15.4250001,-1.3559524,measured,measured,,"Edit-onsets perturbation: the metric grid is unchanged but as-played onsets are removed, so recall/F degrade against an unchanged beat truth."
aubio,clean_eighths,drop_onset,everyKth=2,clean_eighths__drop_every2,clean_eighths__baseline,phase.phaseP50AbsMs,float,13.8541663,15.4166663,-1.5625,measured,measured,,"Edit-onsets perturbation: the metric grid is unchanged but as-played onsets are removed, so recall/F degrade against an unchanged beat truth."
aubio,clean_eighths,drop_onset,everyKth=2,clean_eighths__drop_every2,clean_eighths__baseline,phase.phaseP95AbsMs,float,28.2559527,29.0476193,-0.7916666,measured,measured,,"Edit-onsets perturbation: the metric grid is unchanged but as-played onsets are removed, so recall/F degrade against an unchanged beat truth."
aubio,clean_eighths,drop_onset,everyKth=2,clean_eighths__drop_every2,clean_eighths__baseline,ramp.hasRamp,bool,0.0,0.0,0.0,measured,measured,,"Edit-onsets perturbation: the metric grid is unchanged but as-played onsets are removed, so recall/F degrade against an unchanged beat truth."
aubio,clean_eighths,drop_onset,everyKth=2,clean_eighths__drop_every2,clean_eighths__baseline,ramp.rampLocalTempoRelErrorMean,float,,,,missing,missing,requires hasRamp,"Edit-onsets perturbation: the metric grid is unchanged but as-played onsets are removed, so recall/F degrade against an unchanged beat truth."
aubio,clean_eighths,drop_onset,everyKth=2,clean_eighths__drop_every2,clean_eighths__baseline,ramp.rampLocalTempoRelErrorWorst,float,,,,missing,missing,requires hasRamp,"Edit-onsets perturbation: the metric grid is unchanged but as-played onsets are removed, so recall/F degrade against an unchanged beat truth."
aubio,clean_eighths,drop_onset,everyKth=2,clean_eighths__drop_every2,clean_eighths__baseline,syncopation.hasSyncopation,bool,0.0,0.0,0.0,measured,measured,,"Edit-onsets perturbation: the metric grid is unchanged but as-played onsets are removed, so recall/F degrade against an unchanged beat truth."
aubio,clean_eighths,drop_onset,everyKth=2,clean_eighths__drop_every2,clean_eighths__baseline,syncopation.syncopationMaxStepFraction,float,,,,missing,missing,requires hasSyncopation,"Edit-onsets perturbation: the metric grid is unchanged but as-played onsets are removed, so recall/F degrade against an unchanged beat truth."
aubio,clean_eighths,drop_onset,everyKth=2,clean_eighths__drop_every2,clean_eighths__baseline,syncopation.syncopationMaxDeviationFraction,float,,,,missing,missing,requires hasSyncopation,"Edit-onsets perturbation: the metric grid is unchanged but as-played onsets are removed, so recall/F degrade against an unchanged beat truth."
aubio,clean_eighths,drop_onset,everyKth=2,clean_eighths__drop_every2,clean_eighths__baseline,resources.cpuSeconds,float,0.009997,0.011012,-0.001015,measured,measured,,"Edit-onsets perturbation: the metric grid is unchanged but as-played onsets are removed, so recall/F degrade against an unchanged beat truth."
aubio,clean_eighths,drop_onset,everyKth=2,clean_eighths__drop_every2,clean_eighths__baseline,resources.allocationCount,int,4.0,4.0,0.0,measured,measured,,"Edit-onsets perturbation: the metric grid is unchanged but as-played onsets are removed, so recall/F degrade against an unchanged beat truth."
aubio,clean_eighths,drop_onset,everyKth=4,clean_eighths__drop_every4,clean_eighths__baseline,detection.predictedBeats,int,5.0,5.0,0.0,measured,measured,,"Edit-onsets perturbation: the metric grid is unchanged but as-played onsets are removed, so recall/F degrade against an unchanged beat truth."
aubio,clean_eighths,drop_onset,everyKth=4,clean_eighths__drop_every4,clean_eighths__baseline,detection.truePositives,int,5.0,5.0,0.0,measured,measured,,"Edit-onsets perturbation: the metric grid is unchanged but as-played onsets are removed, so recall/F degrade against an unchanged beat truth."
aubio,clean_eighths,drop_onset,everyKth=4,clean_eighths__drop_every4,clean_eighths__baseline,detection.falsePositives,int,0.0,0.0,0.0,measured,measured,,"Edit-onsets perturbation: the metric grid is unchanged but as-played onsets are removed, so recall/F degrade against an unchanged beat truth."
aubio,clean_eighths,drop_onset,everyKth=4,clean_eighths__drop_every4,clean_eighths__baseline,detection.falseNegatives,int,5.0,5.0,0.0,measured,measured,,"Edit-onsets perturbation: the metric grid is unchanged but as-played onsets are removed, so recall/F degrade against an unchanged beat truth."
aubio,clean_eighths,drop_onset,everyKth=4,clean_eighths__drop_every4,clean_eighths__baseline,detection.precision,float,1.0,1.0,0.0,measured,measured,,"Edit-onsets perturbation: the metric grid is unchanged but as-played onsets are removed, so recall/F degrade against an unchanged beat truth."
aubio,clean_eighths,drop_onset,everyKth=4,clean_eighths__drop_every4,clean_eighths__baseline,detection.recall,float,0.5,0.5,0.0,measured,measured,,"Edit-onsets perturbation: the metric grid is unchanged but as-played onsets are removed, so recall/F degrade against an unchanged beat truth."
aubio,clean_eighths,drop_onset,everyKth=4,clean_eighths__drop_every4,clean_eighths__baseline,detection.fMeasure,float,0.666666667,0.666666667,0.0,measured,measured,,"Edit-onsets perturbation: the metric grid is unchanged but as-played onsets are removed, so recall/F degrade against an unchanged beat truth."
aubio,clean_eighths,drop_onset,everyKth=4,clean_eighths__drop_every4,clean_eighths__baseline,acquisition.acquired,bool,1.0,1.0,0.0,measured,measured,,"Edit-onsets perturbation: the metric grid is unchanged but as-played onsets are removed, so recall/F degrade against an unchanged beat truth."
aubio,clean_eighths,drop_onset,everyKth=4,clean_eighths__drop_every4,clean_eighths__baseline,acquisition.acquisitionBars,float,1.49801094,1.24905156,0.24895938,measured,measured,,"Edit-onsets perturbation: the metric grid is unchanged but as-played onsets are removed, so recall/F degrade against an unchanged beat truth."
aubio,clean_eighths,drop_onset,everyKth=4,clean_eighths__drop_every4,clean_eighths__baseline,acquisition.acquisitionSeconds,float,2.85335417,2.37914583,0.47420834,measured,measured,,"Edit-onsets perturbation: the metric grid is unchanged but as-played onsets are removed, so recall/F degrade against an unchanged beat truth."
aubio,clean_eighths,drop_onset,everyKth=4,clean_eighths__drop_every4,clean_eighths__baseline,acquisition.acquisitionBeats,float,5.99204375,4.99620625,0.9958375,measured,measured,,"Edit-onsets perturbation: the metric grid is unchanged but as-played onsets are removed, so recall/F degrade against an unchanged beat truth."
aubio,clean_eighths,drop_onset,everyKth=4,clean_eighths__drop_every4,clean_eighths__baseline,bpm.hasBpmLock,bool,1.0,1.0,0.0,measured,measured,,"Edit-onsets perturbation: the metric grid is unchanged but as-played onsets are removed, so recall/F degrade against an unchanged beat truth."
aubio,clean_eighths,drop_onset,everyKth=4,clean_eighths__drop_every4,clean_eighths__baseline,bpm.lockedBpm,float,127.445511,127.827675,-0.382164,measured,measured,,"Edit-onsets perturbation: the metric grid is unchanged but as-played onsets are removed, so recall/F degrade against an unchanged beat truth."
aubio,clean_eighths,drop_onset,everyKth=4,clean_eighths__drop_every4,clean_eighths__baseline,bpm.bpmRelativeError,float,0.011472308,0.014505356,-0.003033048,measured,measured,,"Edit-onsets perturbation: the metric grid is unchanged but as-played onsets are removed, so recall/F degrade against an unchanged beat truth."
aubio,clean_eighths,drop_onset,everyKth=4,clean_eighths__drop_every4,clean_eighths__baseline,bpm.spec2pctWithin,bool,1.0,1.0,0.0,measured,measured,,"Edit-onsets perturbation: the metric grid is unchanged but as-played onsets are removed, so recall/F degrade against an unchanged beat truth."
aubio,clean_eighths,drop_onset,everyKth=4,clean_eighths__drop_every4,clean_eighths__baseline,bpm.spec2pctNormalized,float,0.5736154,0.7252678,-0.1516524,measured,measured,,"Edit-onsets perturbation: the metric grid is unchanged but as-played onsets are removed, so recall/F degrade against an unchanged beat truth."
aubio,clean_eighths,drop_onset,everyKth=4,clean_eighths__drop_every4,clean_eighths__baseline,halfDouble.halfTimeLock,bool,0.0,0.0,0.0,measured,measured,,"Edit-onsets perturbation: the metric grid is unchanged but as-played onsets are removed, so recall/F degrade against an unchanged beat truth."
aubio,clean_eighths,drop_onset,everyKth=4,clean_eighths__drop_every4,clean_eighths__baseline,halfDouble.doubleTimeLock,bool,0.0,0.0,0.0,measured,measured,,"Edit-onsets perturbation: the metric grid is unchanged but as-played onsets are removed, so recall/F degrade against an unchanged beat truth."
aubio,clean_eighths,drop_onset,everyKth=4,clean_eighths__drop_every4,clean_eighths__baseline,halfDouble.halfDoubleTimeError,bool,0.0,0.0,0.0,measured,measured,,"Edit-onsets perturbation: the metric grid is unchanged but as-played onsets are removed, so recall/F degrade against an unchanged beat truth."
aubio,clean_eighths,drop_onset,everyKth=4,clean_eighths__drop_every4,clean_eighths__baseline,silence.trueSilenceMeasured,bool,1.0,1.0,0.0,measured,measured,,"Edit-onsets perturbation: the metric grid is unchanged but as-played onsets are removed, so recall/F degrade against an unchanged beat truth."
aubio,clean_eighths,drop_onset,everyKth=4,clean_eighths__drop_every4,clean_eighths__baseline,silence.falseBeatCoverage,str,Measured,Measured,,measured,measured,,"Edit-onsets perturbation: the metric grid is unchanged but as-played onsets are removed, so recall/F degrade against an unchanged beat truth."
aubio,clean_eighths,drop_onset,everyKth=4,clean_eighths__drop_every4,clean_eighths__baseline,silence.falseBeatsInTrueSilence,int,0.0,0.0,0.0,measured,measured,,"Edit-onsets perturbation: the metric grid is unchanged but as-played onsets are removed, so recall/F degrade against an unchanged beat truth."
aubio,clean_eighths,drop_onset,everyKth=4,clean_eighths__drop_every4,clean_eighths__baseline,silence.falseBeatsInTrueSilencePerSecond,float,0.0,0.0,0.0,measured,measured,,"Edit-onsets perturbation: the metric grid is unchanged but as-played onsets are removed, so recall/F degrade against an unchanged beat truth."
aubio,clean_eighths,drop_onset,everyKth=4,clean_eighths__drop_every4,clean_eighths__baseline,silence.maxSilenceTempoIncreaseBpm,float,,,,missing,missing,requires silenceAccelerationMeasured,"Edit-onsets perturbation: the metric grid is unchanged but as-played onsets are removed, so recall/F degrade against an unchanged beat truth."
aubio,clean_eighths,drop_onset,everyKth=4,clean_eighths__drop_every4,clean_eighths__baseline,silence.falseBeatsInUnplayedBeatWindowsPerSecond,float,8.33333333,0.0,8.33333333,measured,measured,,"Edit-onsets perturbation: the metric grid is unchanged but as-played onsets are removed, so recall/F degrade against an unchanged beat truth."
aubio,clean_eighths,drop_onset,everyKth=4,clean_eighths__drop_every4,clean_eighths__baseline,silence.falseBeatsOffGridInUnplayedBeatWindowsPerSecond,float,0.0,0.0,0.0,measured,measured,,"Edit-onsets perturbation: the metric grid is unchanged but as-played onsets are removed, so recall/F degrade against an unchanged beat truth."
aubio,clean_eighths,drop_onset,everyKth=4,clean_eighths__drop_every4,clean_eighths__baseline,timing.beatsReportedByBackend,int,5.0,5.0,0.0,measured,measured,,"Edit-onsets perturbation: the metric grid is unchanged but as-played onsets are removed, so recall/F degrade against an unchanged beat truth."
aubio,clean_eighths,drop_onset,everyKth=4,clean_eighths__drop_every4,clean_eighths__baseline,timing.beatsStampAtBlockStart,int,0.0,0.0,0.0,measured,measured,,"Edit-onsets perturbation: the metric grid is unchanged but as-played onsets are removed, so recall/F degrade against an unchanged beat truth."
aubio,clean_eighths,drop_onset,everyKth=4,clean_eighths__drop_every4,clean_eighths__baseline,timing.beatsRejectedNonCausal,int,0.0,0.0,0.0,measured,measured,,"Edit-onsets perturbation: the metric grid is unchanged but as-played onsets are removed, so recall/F degrade against an unchanged beat truth."
aubio,clean_eighths,drop_onset,everyKth=4,clean_eighths__drop_every4,clean_eighths__baseline,timing.rateMismatchBlocks,int,0.0,0.0,0.0,measured,measured,,"Edit-onsets perturbation: the metric grid is unchanged but as-played onsets are removed, so recall/F degrade against an unchanged beat truth."
aubio,clean_eighths,drop_onset,everyKth=4,clean_eighths__drop_every4,clean_eighths__baseline,timing.causalAvailabilityMeanSeconds,float,0.005854167,0.001425,0.004429167,measured,measured,,"Edit-onsets perturbation: the metric grid is unchanged but as-played onsets are removed, so recall/F degrade against an unchanged beat truth."
aubio,clean_eighths,drop_onset,everyKth=4,clean_eighths__drop_every4,clean_eighths__baseline,timing.causalAvailabilityMaxSeconds,float,0.008770833,0.001520833,0.00725,measured,measured,,"Edit-onsets perturbation: the metric grid is unchanged but as-played onsets are removed, so recall/F degrade against an unchanged beat truth."
aubio,clean_eighths,drop_onset,everyKth=4,clean_eighths__drop_every4,clean_eighths__baseline,phase.phaseMeasured,bool,1.0,1.0,0.0,measured,measured,,"Edit-onsets perturbation: the metric grid is unchanged but as-played onsets are removed, so recall/F degrade against an unchanged beat truth."
aubio,clean_eighths,drop_onset,everyKth=4,clean_eighths__drop_every4,clean_eighths__baseline,phase.phaseMeanMs,float,-9.18750007,-15.4250001,6.23750003,measured,measured,,"Edit-onsets perturbation: the metric grid is unchanged but as-played onsets are removed, so recall/F degrade against an unchanged beat truth."
aubio,clean_eighths,drop_onset,everyKth=4,clean_eighths__drop_every4,clean_eighths__baseline,phase.phaseMeanAbsMs,float,9.83154767,15.4250001,-5.59345243,measured,measured,,"Edit-onsets perturbation: the metric grid is unchanged but as-played onsets are removed, so recall/F degrade against an unchanged beat truth."
aubio,clean_eighths,drop_onset,everyKth=4,clean_eighths__drop_every4,clean_eighths__baseline,phase.phaseP50AbsMs,float,9.18749967,15.4166663,-6.22916663,measured,measured,,"Edit-onsets perturbation: the metric grid is unchanged but as-played onsets are removed, so recall/F degrade against an unchanged beat truth."
aubio,clean_eighths,drop_onset,everyKth=4,clean_eighths__drop_every4,clean_eighths__baseline,phase.phaseP95AbsMs,float,19.9851193,29.0476193,-9.0625,measured,measured,,"Edit-onsets perturbation: the metric grid is unchanged but as-played onsets are removed, so recall/F degrade against an unchanged beat truth."
aubio,clean_eighths,drop_onset,everyKth=4,clean_eighths__drop_every4,clean_eighths__baseline,ramp.hasRamp,bool,0.0,0.0,0.0,measured,measured,,"Edit-onsets perturbation: the metric grid is unchanged but as-played onsets are removed, so recall/F degrade against an unchanged beat truth."
aubio,clean_eighths,drop_onset,everyKth=4,clean_eighths__drop_every4,clean_eighths__baseline,ramp.rampLocalTempoRelErrorMean,float,,,,missing,missing,requires hasRamp,"Edit-onsets perturbation: the metric grid is unchanged but as-played onsets are removed, so recall/F degrade against an unchanged beat truth."
aubio,clean_eighths,drop_onset,everyKth=4,clean_eighths__drop_every4,clean_eighths__baseline,ramp.rampLocalTempoRelErrorWorst,float,,,,missing,missing,requires hasRamp,"Edit-onsets perturbation: the metric grid is unchanged but as-played onsets are removed, so recall/F degrade against an unchanged beat truth."
aubio,clean_eighths,drop_onset,everyKth=4,clean_eighths__drop_every4,clean_eighths__baseline,syncopation.hasSyncopation,bool,0.0,0.0,0.0,measured,measured,,"Edit-onsets perturbation: the metric grid is unchanged but as-played onsets are removed, so recall/F degrade against an unchanged beat truth."
aubio,clean_eighths,drop_onset,everyKth=4,clean_eighths__drop_every4,clean_eighths__baseline,syncopation.syncopationMaxStepFraction,float,,,,missing,missing,requires hasSyncopation,"Edit-onsets perturbation: the metric grid is unchanged but as-played onsets are removed, so recall/F degrade against an unchanged beat truth."
aubio,clean_eighths,drop_onset,everyKth=4,clean_eighths__drop_every4,clean_eighths__baseline,syncopation.syncopationMaxDeviationFraction,float,,,,missing,missing,requires hasSyncopation,"Edit-onsets perturbation: the metric grid is unchanged but as-played onsets are removed, so recall/F degrade against an unchanged beat truth."
aubio,clean_eighths,drop_onset,everyKth=4,clean_eighths__drop_every4,clean_eighths__baseline,resources.cpuSeconds,float,0.010155,0.011012,-0.000857,measured,measured,,"Edit-onsets perturbation: the metric grid is unchanged but as-played onsets are removed, so recall/F degrade against an unchanged beat truth."
aubio,clean_eighths,drop_onset,everyKth=4,clean_eighths__drop_every4,clean_eighths__baseline,resources.allocationCount,int,4.0,4.0,0.0,measured,measured,,"Edit-onsets perturbation: the metric grid is unchanged but as-played onsets are removed, so recall/F degrade against an unchanged beat truth."
aubio,clean_eighths,leading_silence,silenceSeconds=0.5,clean_eighths__lead_silence_0.5s,clean_eighths__baseline,detection.predictedBeats,int,6.0,5.0,1.0,measured,measured,,Content window is prepended with silence (length +0.5 s). Absolute detection counts and acquisition time are not commensurable with the baseline.
aubio,clean_eighths,leading_silence,silenceSeconds=0.5,clean_eighths__lead_silence_0.5s,clean_eighths__baseline,detection.truePositives,int,6.0,5.0,1.0,measured,measured,,Content window is prepended with silence (length +0.5 s). Absolute detection counts and acquisition time are not commensurable with the baseline.
aubio,clean_eighths,leading_silence,silenceSeconds=0.5,clean_eighths__lead_silence_0.5s,clean_eighths__baseline,detection.falsePositives,int,0.0,0.0,0.0,measured,measured,,Content window is prepended with silence (length +0.5 s). Absolute detection counts and acquisition time are not commensurable with the baseline.
aubio,clean_eighths,leading_silence,silenceSeconds=0.5,clean_eighths__lead_silence_0.5s,clean_eighths__baseline,detection.falseNegatives,int,4.0,5.0,-1.0,measured,measured,,Content window is prepended with silence (length +0.5 s). Absolute detection counts and acquisition time are not commensurable with the baseline.
aubio,clean_eighths,leading_silence,silenceSeconds=0.5,clean_eighths__lead_silence_0.5s,clean_eighths__baseline,detection.precision,float,1.0,1.0,0.0,measured,measured,,Content window is prepended with silence (length +0.5 s). Absolute detection counts and acquisition time are not commensurable with the baseline.
aubio,clean_eighths,leading_silence,silenceSeconds=0.5,clean_eighths__lead_silence_0.5s,clean_eighths__baseline,detection.recall,float,0.6,0.5,0.1,measured,measured,,Content window is prepended with silence (length +0.5 s). Absolute detection counts and acquisition time are not commensurable with the baseline.
aubio,clean_eighths,leading_silence,silenceSeconds=0.5,clean_eighths__lead_silence_0.5s,clean_eighths__baseline,detection.fMeasure,float,0.75,0.666666667,0.083333333,measured,measured,,Content window is prepended with silence (length +0.5 s). Absolute detection counts and acquisition time are not commensurable with the baseline.
aubio,clean_eighths,leading_silence,silenceSeconds=0.5,clean_eighths__lead_silence_0.5s,clean_eighths__baseline,acquisition.acquired,bool,1.0,1.0,0.0,measured,measured,,Content window is prepended with silence (length +0.5 s). Absolute detection counts and acquisition time are not commensurable with the baseline.
aubio,clean_eighths,leading_silence,silenceSeconds=0.5,clean_eighths__lead_silence_0.5s,clean_eighths__baseline,acquisition.acquisitionBars,float,1.24550781,1.24905156,-0.00354375,measured,measured,,Content window is prepended with silence (length +0.5 s). Absolute detection counts and acquisition time are not commensurable with the baseline.
aubio,clean_eighths,leading_silence,silenceSeconds=0.5,clean_eighths__lead_silence_0.5s,clean_eighths__baseline,acquisition.acquisitionSeconds,float,2.37239583,2.37914583,-0.00675,measured,measured,,Content window is prepended with silence (length +0.5 s). Absolute detection counts and acquisition time are not commensurable with the baseline.
aubio,clean_eighths,leading_silence,silenceSeconds=0.5,clean_eighths__lead_silence_0.5s,clean_eighths__baseline,acquisition.acquisitionBeats,float,4.98203125,4.99620625,-0.014175,measured,measured,,Content window is prepended with silence (length +0.5 s). Absolute detection counts and acquisition time are not commensurable with the baseline.
aubio,clean_eighths,leading_silence,silenceSeconds=0.5,clean_eighths__lead_silence_0.5s,clean_eighths__baseline,bpm.hasBpmLock,bool,1.0,1.0,0.0,measured,measured,,Content window is prepended with silence (length +0.5 s). Absolute detection counts and acquisition time are not commensurable with the baseline.
aubio,clean_eighths,leading_silence,silenceSeconds=0.5,clean_eighths__lead_silence_0.5s,clean_eighths__baseline,bpm.lockedBpm,float,127.738998,127.827675,-0.088677,measured,measured,,Content window is prepended with silence (length +0.5 s). Absolute detection counts and acquisition time are not commensurable with the baseline.
aubio,clean_eighths,leading_silence,silenceSeconds=0.5,clean_eighths__lead_silence_0.5s,clean_eighths__baseline,bpm.bpmRelativeError,float,0.013801575,0.014505356,-0.000703781,measured,measured,,Content window is prepended with silence (length +0.5 s). Absolute detection counts and acquisition time are not commensurable with the baseline.
aubio,clean_eighths,leading_silence,silenceSeconds=0.5,clean_eighths__lead_silence_0.5s,clean_eighths__baseline,bpm.spec2pctWithin,bool,1.0,1.0,0.0,measured,measured,,Content window is prepended with silence (length +0.5 s). Absolute detection counts and acquisition time are not commensurable with the baseline.
aubio,clean_eighths,leading_silence,silenceSeconds=0.5,clean_eighths__lead_silence_0.5s,clean_eighths__baseline,bpm.spec2pctNormalized,float,0.69007875,0.7252678,-0.03518905,measured,measured,,Content window is prepended with silence (length +0.5 s). Absolute detection counts and acquisition time are not commensurable with the baseline.
aubio,clean_eighths,leading_silence,silenceSeconds=0.5,clean_eighths__lead_silence_0.5s,clean_eighths__baseline,halfDouble.halfTimeLock,bool,0.0,0.0,0.0,measured,measured,,Content window is prepended with silence (length +0.5 s). Absolute detection counts and acquisition time are not commensurable with the baseline.
aubio,clean_eighths,leading_silence,silenceSeconds=0.5,clean_eighths__lead_silence_0.5s,clean_eighths__baseline,halfDouble.doubleTimeLock,bool,0.0,0.0,0.0,measured,measured,,Content window is prepended with silence (length +0.5 s). Absolute detection counts and acquisition time are not commensurable with the baseline.
aubio,clean_eighths,leading_silence,silenceSeconds=0.5,clean_eighths__lead_silence_0.5s,clean_eighths__baseline,halfDouble.halfDoubleTimeError,bool,0.0,0.0,0.0,measured,measured,,Content window is prepended with silence (length +0.5 s). Absolute detection counts and acquisition time are not commensurable with the baseline.
aubio,clean_eighths,leading_silence,silenceSeconds=0.5,clean_eighths__lead_silence_0.5s,clean_eighths__baseline,silence.trueSilenceMeasured,bool,1.0,1.0,0.0,measured,measured,,Content window is prepended with silence (length +0.5 s). Absolute detection counts and acquisition time are not commensurable with the baseline.
aubio,clean_eighths,leading_silence,silenceSeconds=0.5,clean_eighths__lead_silence_0.5s,clean_eighths__baseline,silence.falseBeatCoverage,str,Measured,Measured,,measured,measured,,Content window is prepended with silence (length +0.5 s). Absolute detection counts and acquisition time are not commensurable with the baseline.
aubio,clean_eighths,leading_silence,silenceSeconds=0.5,clean_eighths__lead_silence_0.5s,clean_eighths__baseline,silence.falseBeatsInTrueSilence,int,0.0,0.0,0.0,measured,measured,,Content window is prepended with silence (length +0.5 s). Absolute detection counts and acquisition time are not commensurable with the baseline.
aubio,clean_eighths,leading_silence,silenceSeconds=0.5,clean_eighths__lead_silence_0.5s,clean_eighths__baseline,silence.falseBeatsInTrueSilencePerSecond,float,0.0,0.0,0.0,measured,measured,,Content window is prepended with silence (length +0.5 s). Absolute detection counts and acquisition time are not commensurable with the baseline.
aubio,clean_eighths,leading_silence,silenceSeconds=0.5,clean_eighths__lead_silence_0.5s,clean_eighths__baseline,silence.maxSilenceTempoIncreaseBpm,float,,,,missing,missing,requires silenceAccelerationMeasured,Content window is prepended with silence (length +0.5 s). Absolute detection counts and acquisition time are not commensurable with the baseline.
aubio,clean_eighths,leading_silence,silenceSeconds=0.5,clean_eighths__lead_silence_0.5s,clean_eighths__baseline,silence.falseBeatsInUnplayedBeatWindowsPerSecond,float,0.0,0.0,0.0,measured,measured,,Content window is prepended with silence (length +0.5 s). Absolute detection counts and acquisition time are not commensurable with the baseline.
aubio,clean_eighths,leading_silence,silenceSeconds=0.5,clean_eighths__lead_silence_0.5s,clean_eighths__baseline,silence.falseBeatsOffGridInUnplayedBeatWindowsPerSecond,float,0.0,0.0,0.0,measured,measured,,Content window is prepended with silence (length +0.5 s). Absolute detection counts and acquisition time are not commensurable with the baseline.
aubio,clean_eighths,leading_silence,silenceSeconds=0.5,clean_eighths__lead_silence_0.5s,clean_eighths__baseline,timing.beatsReportedByBackend,int,6.0,5.0,1.0,measured,measured,,Content window is prepended with silence (length +0.5 s). Absolute detection counts and acquisition time are not commensurable with the baseline.
aubio,clean_eighths,leading_silence,silenceSeconds=0.5,clean_eighths__lead_silence_0.5s,clean_eighths__baseline,timing.beatsStampAtBlockStart,int,0.0,0.0,0.0,measured,measured,,Content window is prepended with silence (length +0.5 s). Absolute detection counts and acquisition time are not commensurable with the baseline.
aubio,clean_eighths,leading_silence,silenceSeconds=0.5,clean_eighths__lead_silence_0.5s,clean_eighths__baseline,timing.beatsRejectedNonCausal,int,0.0,0.0,0.0,measured,measured,,Content window is prepended with silence (length +0.5 s). Absolute detection counts and acquisition time are not commensurable with the baseline.
aubio,clean_eighths,leading_silence,silenceSeconds=0.5,clean_eighths__lead_silence_0.5s,clean_eighths__baseline,timing.rateMismatchBlocks,int,0.0,0.0,0.0,measured,measured,,Content window is prepended with silence (length +0.5 s). Absolute detection counts and acquisition time are not commensurable with the baseline.
aubio,clean_eighths,leading_silence,silenceSeconds=0.5,clean_eighths__lead_silence_0.5s,clean_eighths__baseline,timing.causalAvailabilityMeanSeconds,float,0.009041667,0.001425,0.007616667,measured,measured,,Content window is prepended with silence (length +0.5 s). Absolute detection counts and acquisition time are not commensurable with the baseline.
aubio,clean_eighths,leading_silence,silenceSeconds=0.5,clean_eighths__lead_silence_0.5s,clean_eighths__baseline,timing.causalAvailabilityMaxSeconds,float,0.009979167,0.001520833,0.008458334,measured,measured,,Content window is prepended with silence (length +0.5 s). Absolute detection counts and acquisition time are not commensurable with the baseline.
aubio,clean_eighths,leading_silence,silenceSeconds=0.5,clean_eighths__lead_silence_0.5s,clean_eighths__baseline,phase.phaseMeasured,bool,1.0,1.0,0.0,measured,measured,,Content window is prepended with silence (length +0.5 s). Absolute detection counts and acquisition time are not commensurable with the baseline.
aubio,clean_eighths,leading_silence,silenceSeconds=0.5,clean_eighths__lead_silence_0.5s,clean_eighths__baseline,phase.phaseMeanMs,float,-18.279762,-15.4250001,-2.8547619,measured,measured,,Content window is prepended with silence (length +0.5 s). Absolute detection counts and acquisition time are not commensurable with the baseline.
aubio,clean_eighths,leading_silence,silenceSeconds=0.5,clean_eighths__lead_silence_0.5s,clean_eighths__baseline,phase.phaseMeanAbsMs,float,18.279762,15.4250001,2.8547619,measured,measured,,Content window is prepended with silence (length +0.5 s). Absolute detection counts and acquisition time are not commensurable with the baseline.
aubio,clean_eighths,leading_silence,silenceSeconds=0.5,clean_eighths__lead_silence_0.5s,clean_eighths__baseline,phase.phaseP50AbsMs,float,21.520833,15.4166663,6.1041667,measured,measured,,Content window is prepended with silence (length +0.5 s). Absolute detection counts and acquisition time are not commensurable with the baseline.
aubio,clean_eighths,leading_silence,silenceSeconds=0.5,clean_eighths__lead_silence_0.5s,clean_eighths__baseline,phase.phaseP95AbsMs,float,34.4851193,29.0476193,5.4375,measured,measured,,Content window is prepended with silence (length +0.5 s). Absolute detection counts and acquisition time are not commensurable with the baseline.
aubio,clean_eighths,leading_silence,silenceSeconds=0.5,clean_eighths__lead_silence_0.5s,clean_eighths__baseline,ramp.hasRamp,bool,0.0,0.0,0.0,measured,measured,,Content window is prepended with silence (length +0.5 s). Absolute detection counts and acquisition time are not commensurable with the baseline.
aubio,clean_eighths,leading_silence,silenceSeconds=0.5,clean_eighths__lead_silence_0.5s,clean_eighths__baseline,ramp.rampLocalTempoRelErrorMean,float,,,,missing,missing,requires hasRamp,Content window is prepended with silence (length +0.5 s). Absolute detection counts and acquisition time are not commensurable with the baseline.
aubio,clean_eighths,leading_silence,silenceSeconds=0.5,clean_eighths__lead_silence_0.5s,clean_eighths__baseline,ramp.rampLocalTempoRelErrorWorst,float,,,,missing,missing,requires hasRamp,Content window is prepended with silence (length +0.5 s). Absolute detection counts and acquisition time are not commensurable with the baseline.
aubio,clean_eighths,leading_silence,silenceSeconds=0.5,clean_eighths__lead_silence_0.5s,clean_eighths__baseline,syncopation.hasSyncopation,bool,0.0,0.0,0.0,measured,measured,,Content window is prepended with silence (length +0.5 s). Absolute detection counts and acquisition time are not commensurable with the baseline.
aubio,clean_eighths,leading_silence,silenceSeconds=0.5,clean_eighths__lead_silence_0.5s,clean_eighths__baseline,syncopation.syncopationMaxStepFraction,float,,,,missing,missing,requires hasSyncopation,Content window is prepended with silence (length +0.5 s). Absolute detection counts and acquisition time are not commensurable with the baseline.
aubio,clean_eighths,leading_silence,silenceSeconds=0.5,clean_eighths__lead_silence_0.5s,clean_eighths__baseline,syncopation.syncopationMaxDeviationFraction,float,,,,missing,missing,requires hasSyncopation,Content window is prepended with silence (length +0.5 s). Absolute detection counts and acquisition time are not commensurable with the baseline.
aubio,clean_eighths,leading_silence,silenceSeconds=0.5,clean_eighths__lead_silence_0.5s,clean_eighths__baseline,resources.cpuSeconds,float,0.011062,0.011012,5e-05,measured,measured,,Content window is prepended with silence (length +0.5 s). Absolute detection counts and acquisition time are not commensurable with the baseline.
aubio,clean_eighths,leading_silence,silenceSeconds=0.5,clean_eighths__lead_silence_0.5s,clean_eighths__baseline,resources.allocationCount,int,4.0,4.0,0.0,measured,measured,,Content window is prepended with silence (length +0.5 s). Absolute detection counts and acquisition time are not commensurable with the baseline.
aubio,clean_eighths,level,gainDb=-20,clean_eighths__level_-20db,clean_eighths__baseline,detection.predictedBeats,int,5.0,5.0,0.0,measured,measured,,
aubio,clean_eighths,level,gainDb=-20,clean_eighths__level_-20db,clean_eighths__baseline,detection.truePositives,int,5.0,5.0,0.0,measured,measured,,
aubio,clean_eighths,level,gainDb=-20,clean_eighths__level_-20db,clean_eighths__baseline,detection.falsePositives,int,0.0,0.0,0.0,measured,measured,,
aubio,clean_eighths,level,gainDb=-20,clean_eighths__level_-20db,clean_eighths__baseline,detection.falseNegatives,int,5.0,5.0,0.0,measured,measured,,
aubio,clean_eighths,level,gainDb=-20,clean_eighths__level_-20db,clean_eighths__baseline,detection.precision,float,1.0,1.0,0.0,measured,measured,,
aubio,clean_eighths,level,gainDb=-20,clean_eighths__level_-20db,clean_eighths__baseline,detection.recall,float,0.5,0.5,0.0,measured,measured,,
aubio,clean_eighths,level,gainDb=-20,clean_eighths__level_-20db,clean_eighths__baseline,detection.fMeasure,float,0.666666667,0.666666667,0.0,measured,measured,,
aubio,clean_eighths,level,gainDb=-20,clean_eighths__level_-20db,clean_eighths__baseline,acquisition.acquired,bool,1.0,1.0,0.0,measured,measured,,
aubio,clean_eighths,level,gainDb=-20,clean_eighths__level_-20db,clean_eighths__baseline,acquisition.acquisitionBars,float,1.24905156,1.24905156,0.0,measured,measured,,
aubio,clean_eighths,level,gainDb=-20,clean_eighths__level_-20db,clean_eighths__baseline,acquisition.acquisitionSeconds,float,2.37914583,2.37914583,0.0,measured,measured,,
aubio,clean_eighths,level,gainDb=-20,clean_eighths__level_-20db,clean_eighths__baseline,acquisition.acquisitionBeats,float,4.99620625,4.99620625,0.0,measured,measured,,
aubio,clean_eighths,level,gainDb=-20,clean_eighths__level_-20db,clean_eighths__baseline,bpm.hasBpmLock,bool,1.0,1.0,0.0,measured,measured,,
aubio,clean_eighths,level,gainDb=-20,clean_eighths__level_-20db,clean_eighths__baseline,bpm.lockedBpm,float,127.827721,127.827675,4.6e-05,measured,measured,,
aubio,clean_eighths,level,gainDb=-20,clean_eighths__level_-20db,clean_eighths__baseline,bpm.bpmRelativeError,float,0.014505719,0.014505356,3.63e-07,measured,measured,,
aubio,clean_eighths,level,gainDb=-20,clean_eighths__level_-20db,clean_eighths__baseline,bpm.spec2pctWithin,bool,1.0,1.0,0.0,measured,measured,,
aubio,clean_eighths,level,gainDb=-20,clean_eighths__level_-20db,clean_eighths__baseline,bpm.spec2pctNormalized,float,0.72528595,0.7252678,1.815e-05,measured,measured,,
aubio,clean_eighths,level,gainDb=-20,clean_eighths__level_-20db,clean_eighths__baseline,halfDouble.halfTimeLock,bool,0.0,0.0,0.0,measured,measured,,
aubio,clean_eighths,level,gainDb=-20,clean_eighths__level_-20db,clean_eighths__baseline,halfDouble.doubleTimeLock,bool,0.0,0.0,0.0,measured,measured,,
aubio,clean_eighths,level,gainDb=-20,clean_eighths__level_-20db,clean_eighths__baseline,halfDouble.halfDoubleTimeError,bool,0.0,0.0,0.0,measured,measured,,
aubio,clean_eighths,level,gainDb=-20,clean_eighths__level_-20db,clean_eighths__baseline,silence.trueSilenceMeasured,bool,1.0,1.0,0.0,measured,measured,,
aubio,clean_eighths,level,gainDb=-20,clean_eighths__level_-20db,clean_eighths__baseline,silence.falseBeatCoverage,str,Measured,Measured,,measured,measured,,
aubio,clean_eighths,level,gainDb=-20,clean_eighths__level_-20db,clean_eighths__baseline,silence.falseBeatsInTrueSilence,int,0.0,0.0,0.0,measured,measured,,
aubio,clean_eighths,level,gainDb=-20,clean_eighths__level_-20db,clean_eighths__baseline,silence.falseBeatsInTrueSilencePerSecond,float,0.0,0.0,0.0,measured,measured,,
aubio,clean_eighths,level,gainDb=-20,clean_eighths__level_-20db,clean_eighths__baseline,silence.maxSilenceTempoIncreaseBpm,float,,,,missing,missing,requires silenceAccelerationMeasured,
aubio,clean_eighths,level,gainDb=-20,clean_eighths__level_-20db,clean_eighths__baseline,silence.falseBeatsInUnplayedBeatWindowsPerSecond,float,0.0,0.0,0.0,measured,measured,,
aubio,clean_eighths,level,gainDb=-20,clean_eighths__level_-20db,clean_eighths__baseline,silence.falseBeatsOffGridInUnplayedBeatWindowsPerSecond,float,0.0,0.0,0.0,measured,measured,,
aubio,clean_eighths,level,gainDb=-20,clean_eighths__level_-20db,clean_eighths__baseline,timing.beatsReportedByBackend,int,5.0,5.0,0.0,measured,measured,,
aubio,clean_eighths,level,gainDb=-20,clean_eighths__level_-20db,clean_eighths__baseline,timing.beatsStampAtBlockStart,int,0.0,0.0,0.0,measured,measured,,
aubio,clean_eighths,level,gainDb=-20,clean_eighths__level_-20db,clean_eighths__baseline,timing.beatsRejectedNonCausal,int,0.0,0.0,0.0,measured,measured,,
aubio,clean_eighths,level,gainDb=-20,clean_eighths__level_-20db,clean_eighths__baseline,timing.rateMismatchBlocks,int,0.0,0.0,0.0,measured,measured,,
aubio,clean_eighths,level,gainDb=-20,clean_eighths__level_-20db,clean_eighths__baseline,timing.causalAvailabilityMeanSeconds,float,0.001425,0.001425,0.0,measured,measured,,
aubio,clean_eighths,level,gainDb=-20,clean_eighths__level_-20db,clean_eighths__baseline,timing.causalAvailabilityMaxSeconds,float,0.001520833,0.001520833,0.0,measured,measured,,
aubio,clean_eighths,level,gainDb=-20,clean_eighths__level_-20db,clean_eighths__baseline,phase.phaseMeasured,bool,1.0,1.0,0.0,measured,measured,,
aubio,clean_eighths,level,gainDb=-20,clean_eighths__level_-20db,clean_eighths__baseline,phase.phaseMeanMs,float,-15.4250001,-15.4250001,0.0,measured,measured,,
aubio,clean_eighths,level,gainDb=-20,clean_eighths__level_-20db,clean_eighths__baseline,phase.phaseMeanAbsMs,float,15.4250001,15.4250001,0.0,measured,measured,,
aubio,clean_eighths,level,gainDb=-20,clean_eighths__level_-20db,clean_eighths__baseline,phase.phaseP50AbsMs,float,15.4166663,15.4166663,0.0,measured,measured,,
aubio,clean_eighths,level,gainDb=-20,clean_eighths__level_-20db,clean_eighths__baseline,phase.phaseP95AbsMs,float,29.0476193,29.0476193,0.0,measured,measured,,
aubio,clean_eighths,level,gainDb=-20,clean_eighths__level_-20db,clean_eighths__baseline,ramp.hasRamp,bool,0.0,0.0,0.0,measured,measured,,
aubio,clean_eighths,level,gainDb=-20,clean_eighths__level_-20db,clean_eighths__baseline,ramp.rampLocalTempoRelErrorMean,float,,,,missing,missing,requires hasRamp,
aubio,clean_eighths,level,gainDb=-20,clean_eighths__level_-20db,clean_eighths__baseline,ramp.rampLocalTempoRelErrorWorst,float,,,,missing,missing,requires hasRamp,
aubio,clean_eighths,level,gainDb=-20,clean_eighths__level_-20db,clean_eighths__baseline,syncopation.hasSyncopation,bool,0.0,0.0,0.0,measured,measured,,
aubio,clean_eighths,level,gainDb=-20,clean_eighths__level_-20db,clean_eighths__baseline,syncopation.syncopationMaxStepFraction,float,,,,missing,missing,requires hasSyncopation,
aubio,clean_eighths,level,gainDb=-20,clean_eighths__level_-20db,clean_eighths__baseline,syncopation.syncopationMaxDeviationFraction,float,,,,missing,missing,requires hasSyncopation,
aubio,clean_eighths,level,gainDb=-20,clean_eighths__level_-20db,clean_eighths__baseline,resources.cpuSeconds,float,0.010275,0.011012,-0.000737,measured,measured,,
aubio,clean_eighths,level,gainDb=-20,clean_eighths__level_-20db,clean_eighths__baseline,resources.allocationCount,int,4.0,4.0,0.0,measured,measured,,
aubio,clean_eighths,level,gainDb=-40,clean_eighths__level_-40db,clean_eighths__baseline,detection.predictedBeats,int,1.0,5.0,-4.0,measured,measured,,
aubio,clean_eighths,level,gainDb=-40,clean_eighths__level_-40db,clean_eighths__baseline,detection.truePositives,int,1.0,5.0,-4.0,measured,measured,,
aubio,clean_eighths,level,gainDb=-40,clean_eighths__level_-40db,clean_eighths__baseline,detection.falsePositives,int,0.0,0.0,0.0,measured,measured,,
aubio,clean_eighths,level,gainDb=-40,clean_eighths__level_-40db,clean_eighths__baseline,detection.falseNegatives,int,9.0,5.0,4.0,measured,measured,,
aubio,clean_eighths,level,gainDb=-40,clean_eighths__level_-40db,clean_eighths__baseline,detection.precision,float,1.0,1.0,0.0,measured,measured,,
aubio,clean_eighths,level,gainDb=-40,clean_eighths__level_-40db,clean_eighths__baseline,detection.recall,float,0.1,0.5,-0.4,measured,measured,,
aubio,clean_eighths,level,gainDb=-40,clean_eighths__level_-40db,clean_eighths__baseline,detection.fMeasure,float,0.181818182,0.666666667,-0.484848485,measured,measured,,
aubio,clean_eighths,level,gainDb=-40,clean_eighths__level_-40db,clean_eighths__baseline,acquisition.acquired,bool,0.0,1.0,-1.0,measured,measured,,
aubio,clean_eighths,level,gainDb=-40,clean_eighths__level_-40db,clean_eighths__baseline,acquisition.acquisitionBars,float,,1.24905156,,missing,measured,requires acquired,
aubio,clean_eighths,level,gainDb=-40,clean_eighths__level_-40db,clean_eighths__baseline,acquisition.acquisitionSeconds,float,,2.37914583,,missing,measured,requires acquired,
aubio,clean_eighths,level,gainDb=-40,clean_eighths__level_-40db,clean_eighths__baseline,acquisition.acquisitionBeats,float,,4.99620625,,missing,measured,requires acquired,
aubio,clean_eighths,level,gainDb=-40,clean_eighths__level_-40db,clean_eighths__baseline,bpm.hasBpmLock,bool,1.0,1.0,0.0,measured,measured,,
aubio,clean_eighths,level,gainDb=-40,clean_eighths__level_-40db,clean_eighths__baseline,bpm.lockedBpm,float,127.82502,127.827675,-0.002655,measured,measured,,
aubio,clean_eighths,level,gainDb=-40,clean_eighths__level_-40db,clean_eighths__baseline,bpm.bpmRelativeError,float,0.014484284,0.014505356,-2.1072e-05,measured,measured,,
aubio,clean_eighths,level,gainDb=-40,clean_eighths__level_-40db,clean_eighths__baseline,bpm.spec2pctWithin,bool,1.0,1.0,0.0,measured,measured,,
aubio,clean_eighths,level,gainDb=-40,clean_eighths__level_-40db,clean_eighths__baseline,bpm.spec2pctNormalized,float,0.7242142,0.7252678,-0.0010536,measured,measured,,
aubio,clean_eighths,level,gainDb=-40,clean_eighths__level_-40db,clean_eighths__baseline,halfDouble.halfTimeLock,bool,0.0,0.0,0.0,measured,measured,,
aubio,clean_eighths,level,gainDb=-40,clean_eighths__level_-40db,clean_eighths__baseline,halfDouble.doubleTimeLock,bool,0.0,0.0,0.0,measured,measured,,
aubio,clean_eighths,level,gainDb=-40,clean_eighths__level_-40db,clean_eighths__baseline,halfDouble.halfDoubleTimeError,bool,0.0,0.0,0.0,measured,measured,,
aubio,clean_eighths,level,gainDb=-40,clean_eighths__level_-40db,clean_eighths__baseline,silence.trueSilenceMeasured,bool,1.0,1.0,0.0,measured,measured,,
aubio,clean_eighths,level,gainDb=-40,clean_eighths__level_-40db,clean_eighths__baseline,silence.falseBeatCoverage,str,Measured,Measured,,measured,measured,,
aubio,clean_eighths,level,gainDb=-40,clean_eighths__level_-40db,clean_eighths__baseline,silence.falseBeatsInTrueSilence,int,0.0,0.0,0.0,measured,measured,,
aubio,clean_eighths,level,gainDb=-40,clean_eighths__level_-40db,clean_eighths__baseline,silence.falseBeatsInTrueSilencePerSecond,float,0.0,0.0,0.0,measured,measured,,
aubio,clean_eighths,level,gainDb=-40,clean_eighths__level_-40db,clean_eighths__baseline,silence.maxSilenceTempoIncreaseBpm,float,,,,missing,missing,requires silenceAccelerationMeasured,
aubio,clean_eighths,level,gainDb=-40,clean_eighths__level_-40db,clean_eighths__baseline,silence.falseBeatsInUnplayedBeatWindowsPerSecond,float,0.0,0.0,0.0,measured,measured,,
aubio,clean_eighths,level,gainDb=-40,clean_eighths__level_-40db,clean_eighths__baseline,silence.falseBeatsOffGridInUnplayedBeatWindowsPerSecond,float,0.0,0.0,0.0,measured,measured,,
aubio,clean_eighths,level,gainDb=-40,clean_eighths__level_-40db,clean_eighths__baseline,timing.beatsReportedByBackend,int,1.0,5.0,-4.0,measured,measured,,
aubio,clean_eighths,level,gainDb=-40,clean_eighths__level_-40db,clean_eighths__baseline,timing.beatsStampAtBlockStart,int,0.0,0.0,0.0,measured,measured,,
aubio,clean_eighths,level,gainDb=-40,clean_eighths__level_-40db,clean_eighths__baseline,timing.beatsRejectedNonCausal,int,0.0,0.0,0.0,measured,measured,,
aubio,clean_eighths,level,gainDb=-40,clean_eighths__level_-40db,clean_eighths__baseline,timing.rateMismatchBlocks,int,0.0,0.0,0.0,measured,measured,,
aubio,clean_eighths,level,gainDb=-40,clean_eighths__level_-40db,clean_eighths__baseline,timing.causalAvailabilityMeanSeconds,float,0.001479167,0.001425,5.4167e-05,measured,measured,,
aubio,clean_eighths,level,gainDb=-40,clean_eighths__level_-40db,clean_eighths__baseline,timing.causalAvailabilityMaxSeconds,float,0.001479167,0.001520833,-4.1666e-05,measured,measured,,
aubio,clean_eighths,level,gainDb=-40,clean_eighths__level_-40db,clean_eighths__baseline,phase.phaseMeasured,bool,1.0,1.0,0.0,measured,measured,,
aubio,clean_eighths,level,gainDb=-40,clean_eighths__level_-40db,clean_eighths__baseline,phase.phaseMeanMs,float,-1.764881,-15.4250001,13.6601191,measured,measured,,
aubio,clean_eighths,level,gainDb=-40,clean_eighths__level_-40db,clean_eighths__baseline,phase.phaseMeanAbsMs,float,1.764881,15.4250001,-13.6601191,measured,measured,,
aubio,clean_eighths,level,gainDb=-40,clean_eighths__level_-40db,clean_eighths__baseline,phase.phaseP50AbsMs,float,1.764881,15.4166663,-13.6517853,measured,measured,,
aubio,clean_eighths,level,gainDb=-40,clean_eighths__level_-40db,clean_eighths__baseline,phase.phaseP95AbsMs,float,1.764881,29.0476193,-27.2827383,measured,measured,,
aubio,clean_eighths,level,gainDb=-40,clean_eighths__level_-40db,clean_eighths__baseline,ramp.hasRamp,bool,0.0,0.0,0.0,measured,measured,,
aubio,clean_eighths,level,gainDb=-40,clean_eighths__level_-40db,clean_eighths__baseline,ramp.rampLocalTempoRelErrorMean,float,,,,missing,missing,requires hasRamp,
aubio,clean_eighths,level,gainDb=-40,clean_eighths__level_-40db,clean_eighths__baseline,ramp.rampLocalTempoRelErrorWorst,float,,,,missing,missing,requires hasRamp,
aubio,clean_eighths,level,gainDb=-40,clean_eighths__level_-40db,clean_eighths__baseline,syncopation.hasSyncopation,bool,0.0,0.0,0.0,measured,measured,,
aubio,clean_eighths,level,gainDb=-40,clean_eighths__level_-40db,clean_eighths__baseline,syncopation.syncopationMaxStepFraction,float,,,,missing,missing,requires hasSyncopation,
aubio,clean_eighths,level,gainDb=-40,clean_eighths__level_-40db,clean_eighths__baseline,syncopation.syncopationMaxDeviationFraction,float,,,,missing,missing,requires hasSyncopation,
aubio,clean_eighths,level,gainDb=-40,clean_eighths__level_-40db,clean_eighths__baseline,resources.cpuSeconds,float,0.009908,0.011012,-0.001104,measured,measured,,
aubio,clean_eighths,level,gainDb=-40,clean_eighths__level_-40db,clean_eighths__baseline,resources.allocationCount,int,4.0,4.0,0.0,measured,measured,,
aubio,clean_eighths,level,gainDb=-60,clean_eighths__level_-60db,clean_eighths__baseline,detection.predictedBeats,int,0.0,5.0,-5.0,measured,measured,,
aubio,clean_eighths,level,gainDb=-60,clean_eighths__level_-60db,clean_eighths__baseline,detection.truePositives,int,0.0,5.0,-5.0,measured,measured,,
aubio,clean_eighths,level,gainDb=-60,clean_eighths__level_-60db,clean_eighths__baseline,detection.falsePositives,int,0.0,0.0,0.0,measured,measured,,
aubio,clean_eighths,level,gainDb=-60,clean_eighths__level_-60db,clean_eighths__baseline,detection.falseNegatives,int,10.0,5.0,5.0,measured,measured,,
aubio,clean_eighths,level,gainDb=-60,clean_eighths__level_-60db,clean_eighths__baseline,detection.precision,float,1.0,1.0,0.0,measured,measured,,
aubio,clean_eighths,level,gainDb=-60,clean_eighths__level_-60db,clean_eighths__baseline,detection.recall,float,0.0,0.5,-0.5,measured,measured,,
aubio,clean_eighths,level,gainDb=-60,clean_eighths__level_-60db,clean_eighths__baseline,detection.fMeasure,float,0.0,0.666666667,-0.666666667,measured,measured,,
aubio,clean_eighths,level,gainDb=-60,clean_eighths__level_-60db,clean_eighths__baseline,acquisition.acquired,bool,0.0,1.0,-1.0,measured,measured,,
aubio,clean_eighths,level,gainDb=-60,clean_eighths__level_-60db,clean_eighths__baseline,acquisition.acquisitionBars,float,,1.24905156,,missing,measured,requires acquired,
aubio,clean_eighths,level,gainDb=-60,clean_eighths__level_-60db,clean_eighths__baseline,acquisition.acquisitionSeconds,float,,2.37914583,,missing,measured,requires acquired,
aubio,clean_eighths,level,gainDb=-60,clean_eighths__level_-60db,clean_eighths__baseline,acquisition.acquisitionBeats,float,,4.99620625,,missing,measured,requires acquired,
aubio,clean_eighths,level,gainDb=-60,clean_eighths__level_-60db,clean_eighths__baseline,bpm.hasBpmLock,bool,0.0,1.0,-1.0,measured,measured,,
aubio,clean_eighths,level,gainDb=-60,clean_eighths__level_-60db,clean_eighths__baseline,bpm.lockedBpm,float,,127.827675,,missing,measured,requires hasBpmLock,
aubio,clean_eighths,level,gainDb=-60,clean_eighths__level_-60db,clean_eighths__baseline,bpm.bpmRelativeError,float,,0.014505356,,missing,measured,requires hasBpmLock,
aubio,clean_eighths,level,gainDb=-60,clean_eighths__level_-60db,clean_eighths__baseline,bpm.spec2pctWithin,bool,,1.0,,missing,measured,requires hasBpmLock,
aubio,clean_eighths,level,gainDb=-60,clean_eighths__level_-60db,clean_eighths__baseline,bpm.spec2pctNormalized,float,,0.7252678,,missing,measured,requires hasBpmLock,
aubio,clean_eighths,level,gainDb=-60,clean_eighths__level_-60db,clean_eighths__baseline,halfDouble.halfTimeLock,bool,,0.0,,missing,measured,requires hasBpmLock,
aubio,clean_eighths,level,gainDb=-60,clean_eighths__level_-60db,clean_eighths__baseline,halfDouble.doubleTimeLock,bool,,0.0,,missing,measured,requires hasBpmLock,
aubio,clean_eighths,level,gainDb=-60,clean_eighths__level_-60db,clean_eighths__baseline,halfDouble.halfDoubleTimeError,bool,,0.0,,missing,measured,requires hasBpmLock,
aubio,clean_eighths,level,gainDb=-60,clean_eighths__level_-60db,clean_eighths__baseline,silence.trueSilenceMeasured,bool,1.0,1.0,0.0,measured,measured,,
aubio,clean_eighths,level,gainDb=-60,clean_eighths__level_-60db,clean_eighths__baseline,silence.falseBeatCoverage,str,Measured,Measured,,measured,measured,,
aubio,clean_eighths,level,gainDb=-60,clean_eighths__level_-60db,clean_eighths__baseline,silence.falseBeatsInTrueSilence,int,0.0,0.0,0.0,measured,measured,,
aubio,clean_eighths,level,gainDb=-60,clean_eighths__level_-60db,clean_eighths__baseline,silence.falseBeatsInTrueSilencePerSecond,float,0.0,0.0,0.0,measured,measured,,
aubio,clean_eighths,level,gainDb=-60,clean_eighths__level_-60db,clean_eighths__baseline,silence.maxSilenceTempoIncreaseBpm,float,,,,missing,missing,requires silenceAccelerationMeasured,
aubio,clean_eighths,level,gainDb=-60,clean_eighths__level_-60db,clean_eighths__baseline,silence.falseBeatsInUnplayedBeatWindowsPerSecond,float,0.0,0.0,0.0,measured,measured,,
aubio,clean_eighths,level,gainDb=-60,clean_eighths__level_-60db,clean_eighths__baseline,silence.falseBeatsOffGridInUnplayedBeatWindowsPerSecond,float,0.0,0.0,0.0,measured,measured,,
aubio,clean_eighths,level,gainDb=-60,clean_eighths__level_-60db,clean_eighths__baseline,timing.beatsReportedByBackend,int,,5.0,,missing,measured,requires timingDiagnosticsMeasured,
aubio,clean_eighths,level,gainDb=-60,clean_eighths__level_-60db,clean_eighths__baseline,timing.beatsStampAtBlockStart,int,,0.0,,missing,measured,requires timingDiagnosticsMeasured,
aubio,clean_eighths,level,gainDb=-60,clean_eighths__level_-60db,clean_eighths__baseline,timing.beatsRejectedNonCausal,int,,0.0,,missing,measured,requires timingDiagnosticsMeasured,
aubio,clean_eighths,level,gainDb=-60,clean_eighths__level_-60db,clean_eighths__baseline,timing.rateMismatchBlocks,int,,0.0,,missing,measured,requires timingDiagnosticsMeasured,
aubio,clean_eighths,level,gainDb=-60,clean_eighths__level_-60db,clean_eighths__baseline,timing.causalAvailabilityMeanSeconds,float,,0.001425,,missing,measured,requires timingDiagnosticsMeasured,
aubio,clean_eighths,level,gainDb=-60,clean_eighths__level_-60db,clean_eighths__baseline,timing.causalAvailabilityMaxSeconds,float,,0.001520833,,missing,measured,requires timingDiagnosticsMeasured,
aubio,clean_eighths,level,gainDb=-60,clean_eighths__level_-60db,clean_eighths__baseline,phase.phaseMeasured,bool,0.0,1.0,-1.0,measured,measured,,
aubio,clean_eighths,level,gainDb=-60,clean_eighths__level_-60db,clean_eighths__baseline,phase.phaseMeanMs,float,,-15.4250001,,missing,measured,requires phaseMeasured,
aubio,clean_eighths,level,gainDb=-60,clean_eighths__level_-60db,clean_eighths__baseline,phase.phaseMeanAbsMs,float,,15.4250001,,missing,measured,requires phaseMeasured,
aubio,clean_eighths,level,gainDb=-60,clean_eighths__level_-60db,clean_eighths__baseline,phase.phaseP50AbsMs,float,,15.4166663,,missing,measured,requires phaseMeasured,
aubio,clean_eighths,level,gainDb=-60,clean_eighths__level_-60db,clean_eighths__baseline,phase.phaseP95AbsMs,float,,29.0476193,,missing,measured,requires phaseMeasured,
aubio,clean_eighths,level,gainDb=-60,clean_eighths__level_-60db,clean_eighths__baseline,ramp.hasRamp,bool,0.0,0.0,0.0,measured,measured,,
aubio,clean_eighths,level,gainDb=-60,clean_eighths__level_-60db,clean_eighths__baseline,ramp.rampLocalTempoRelErrorMean,float,,,,missing,missing,requires hasRamp,
aubio,clean_eighths,level,gainDb=-60,clean_eighths__level_-60db,clean_eighths__baseline,ramp.rampLocalTempoRelErrorWorst,float,,,,missing,missing,requires hasRamp,
aubio,clean_eighths,level,gainDb=-60,clean_eighths__level_-60db,clean_eighths__baseline,syncopation.hasSyncopation,bool,0.0,0.0,0.0,measured,measured,,
aubio,clean_eighths,level,gainDb=-60,clean_eighths__level_-60db,clean_eighths__baseline,syncopation.syncopationMaxStepFraction,float,,,,missing,missing,requires hasSyncopation,
aubio,clean_eighths,level,gainDb=-60,clean_eighths__level_-60db,clean_eighths__baseline,syncopation.syncopationMaxDeviationFraction,float,,,,missing,missing,requires hasSyncopation,
aubio,clean_eighths,level,gainDb=-60,clean_eighths__level_-60db,clean_eighths__baseline,resources.cpuSeconds,float,0.009873,0.011012,-0.001139,measured,measured,,
aubio,clean_eighths,level,gainDb=-60,clean_eighths__level_-60db,clean_eighths__baseline,resources.allocationCount,int,4.0,4.0,0.0,measured,measured,,
aubio,clean_eighths,noise,snrDb=0,clean_eighths__noise_snr0db,clean_eighths__baseline,detection.predictedBeats,int,7.0,5.0,2.0,measured,measured,,trueSilenceSpans is STRUCTURAL only: an added noise floor fills what was near-silent. Silence metrics are NOT assessed from this clip; raw counts are shown uncaveated only as counts.
aubio,clean_eighths,noise,snrDb=0,clean_eighths__noise_snr0db,clean_eighths__baseline,detection.truePositives,int,2.0,5.0,-3.0,measured,measured,,trueSilenceSpans is STRUCTURAL only: an added noise floor fills what was near-silent. Silence metrics are NOT assessed from this clip; raw counts are shown uncaveated only as counts.
aubio,clean_eighths,noise,snrDb=0,clean_eighths__noise_snr0db,clean_eighths__baseline,detection.falsePositives,int,5.0,0.0,5.0,measured,measured,,trueSilenceSpans is STRUCTURAL only: an added noise floor fills what was near-silent. Silence metrics are NOT assessed from this clip; raw counts are shown uncaveated only as counts.
aubio,clean_eighths,noise,snrDb=0,clean_eighths__noise_snr0db,clean_eighths__baseline,detection.falseNegatives,int,8.0,5.0,3.0,measured,measured,,trueSilenceSpans is STRUCTURAL only: an added noise floor fills what was near-silent. Silence metrics are NOT assessed from this clip; raw counts are shown uncaveated only as counts.
aubio,clean_eighths,noise,snrDb=0,clean_eighths__noise_snr0db,clean_eighths__baseline,detection.precision,float,0.285714286,1.0,-0.714285714,measured,measured,,trueSilenceSpans is STRUCTURAL only: an added noise floor fills what was near-silent. Silence metrics are NOT assessed from this clip; raw counts are shown uncaveated only as counts.
aubio,clean_eighths,noise,snrDb=0,clean_eighths__noise_snr0db,clean_eighths__baseline,detection.recall,float,0.2,0.5,-0.3,measured,measured,,trueSilenceSpans is STRUCTURAL only: an added noise floor fills what was near-silent. Silence metrics are NOT assessed from this clip; raw counts are shown uncaveated only as counts.
aubio,clean_eighths,noise,snrDb=0,clean_eighths__noise_snr0db,clean_eighths__baseline,detection.fMeasure,float,0.235294118,0.666666667,-0.431372549,measured,measured,,trueSilenceSpans is STRUCTURAL only: an added noise floor fills what was near-silent. Silence metrics are NOT assessed from this clip; raw counts are shown uncaveated only as counts.
aubio,clean_eighths,noise,snrDb=0,clean_eighths__noise_snr0db,clean_eighths__baseline,acquisition.acquired,bool,0.0,1.0,-1.0,measured,measured,,trueSilenceSpans is STRUCTURAL only: an added noise floor fills what was near-silent. Silence metrics are NOT assessed from this clip; raw counts are shown uncaveated only as counts.
aubio,clean_eighths,noise,snrDb=0,clean_eighths__noise_snr0db,clean_eighths__baseline,acquisition.acquisitionBars,float,,1.24905156,,missing,measured,requires acquired,trueSilenceSpans is STRUCTURAL only: an added noise floor fills what was near-silent. Silence metrics are NOT assessed from this clip; raw counts are shown uncaveated only as counts.
aubio,clean_eighths,noise,snrDb=0,clean_eighths__noise_snr0db,clean_eighths__baseline,acquisition.acquisitionSeconds,float,,2.37914583,,missing,measured,requires acquired,trueSilenceSpans is STRUCTURAL only: an added noise floor fills what was near-silent. Silence metrics are NOT assessed from this clip; raw counts are shown uncaveated only as counts.
aubio,clean_eighths,noise,snrDb=0,clean_eighths__noise_snr0db,clean_eighths__baseline,acquisition.acquisitionBeats,float,,4.99620625,,missing,measured,requires acquired,trueSilenceSpans is STRUCTURAL only: an added noise floor fills what was near-silent. Silence metrics are NOT assessed from this clip; raw counts are shown uncaveated only as counts.
aubio,clean_eighths,noise,snrDb=0,clean_eighths__noise_snr0db,clean_eighths__baseline,bpm.hasBpmLock,bool,1.0,1.0,0.0,measured,measured,,trueSilenceSpans is STRUCTURAL only: an added noise floor fills what was near-silent. Silence metrics are NOT assessed from this clip; raw counts are shown uncaveated only as counts.
aubio,clean_eighths,noise,snrDb=0,clean_eighths__noise_snr0db,clean_eighths__baseline,bpm.lockedBpm,float,172.337601,127.827675,44.509926,measured,measured,,trueSilenceSpans is STRUCTURAL only: an added noise floor fills what was near-silent. Silence metrics are NOT assessed from this clip; raw counts are shown uncaveated only as counts.
aubio,clean_eighths,noise,snrDb=0,clean_eighths__noise_snr0db,clean_eighths__baseline,bpm.bpmRelativeError,float,0.367758736,0.014505356,0.35325338,measured,measured,,trueSilenceSpans is STRUCTURAL only: an added noise floor fills what was near-silent. Silence metrics are NOT assessed from this clip; raw counts are shown uncaveated only as counts.
aubio,clean_eighths,noise,snrDb=0,clean_eighths__noise_snr0db,clean_eighths__baseline,bpm.spec2pctWithin,bool,0.0,1.0,-1.0,measured,measured,,trueSilenceSpans is STRUCTURAL only: an added noise floor fills what was near-silent. Silence metrics are NOT assessed from this clip; raw counts are shown uncaveated only as counts.
aubio,clean_eighths,noise,snrDb=0,clean_eighths__noise_snr0db,clean_eighths__baseline,bpm.spec2pctNormalized,float,18.3879368,0.7252678,17.662669,measured,measured,,trueSilenceSpans is STRUCTURAL only: an added noise floor fills what was near-silent. Silence metrics are NOT assessed from this clip; raw counts are shown uncaveated only as counts.
aubio,clean_eighths,noise,snrDb=0,clean_eighths__noise_snr0db,clean_eighths__baseline,halfDouble.halfTimeLock,bool,0.0,0.0,0.0,measured,measured,,trueSilenceSpans is STRUCTURAL only: an added noise floor fills what was near-silent. Silence metrics are NOT assessed from this clip; raw counts are shown uncaveated only as counts.
aubio,clean_eighths,noise,snrDb=0,clean_eighths__noise_snr0db,clean_eighths__baseline,halfDouble.doubleTimeLock,bool,0.0,0.0,0.0,measured,measured,,trueSilenceSpans is STRUCTURAL only: an added noise floor fills what was near-silent. Silence metrics are NOT assessed from this clip; raw counts are shown uncaveated only as counts.
aubio,clean_eighths,noise,snrDb=0,clean_eighths__noise_snr0db,clean_eighths__baseline,halfDouble.halfDoubleTimeError,bool,0.0,0.0,0.0,measured,measured,,trueSilenceSpans is STRUCTURAL only: an added noise floor fills what was near-silent. Silence metrics are NOT assessed from this clip; raw counts are shown uncaveated only as counts.
aubio,clean_eighths,noise,snrDb=0,clean_eighths__noise_snr0db,clean_eighths__baseline,silence.trueSilenceMeasured,bool,1.0,1.0,0.0,measured,measured,,trueSilenceSpans is STRUCTURAL only: an added noise floor fills what was near-silent. Silence metrics are NOT assessed from this clip; raw counts are shown uncaveated only as counts.
aubio,clean_eighths,noise,snrDb=0,clean_eighths__noise_snr0db,clean_eighths__baseline,silence.falseBeatCoverage,str,Measured,Measured,,measured,measured,,trueSilenceSpans is STRUCTURAL only: an added noise floor fills what was near-silent. Silence metrics are NOT assessed from this clip; raw counts are shown uncaveated only as counts.
aubio,clean_eighths,noise,snrDb=0,clean_eighths__noise_snr0db,clean_eighths__baseline,silence.falseBeatsInTrueSilence,int,0.0,0.0,,not_assessed_noise,measured,noise floor makes structural trueSilenceSpans unusable for a silence assessment,trueSilenceSpans is STRUCTURAL only: an added noise floor fills what was near-silent. Silence metrics are NOT assessed from this clip; raw counts are shown uncaveated only as counts.
aubio,clean_eighths,noise,snrDb=0,clean_eighths__noise_snr0db,clean_eighths__baseline,silence.falseBeatsInTrueSilencePerSecond,float,0.0,0.0,,not_assessed_noise,measured,noise floor makes structural trueSilenceSpans unusable for a silence assessment,trueSilenceSpans is STRUCTURAL only: an added noise floor fills what was near-silent. Silence metrics are NOT assessed from this clip; raw counts are shown uncaveated only as counts.
aubio,clean_eighths,noise,snrDb=0,clean_eighths__noise_snr0db,clean_eighths__baseline,silence.maxSilenceTempoIncreaseBpm,float,,,,missing,missing,requires silenceAccelerationMeasured,trueSilenceSpans is STRUCTURAL only: an added noise floor fills what was near-silent. Silence metrics are NOT assessed from this clip; raw counts are shown uncaveated only as counts.
aubio,clean_eighths,noise,snrDb=0,clean_eighths__noise_snr0db,clean_eighths__baseline,silence.falseBeatsInUnplayedBeatWindowsPerSecond,float,0.0,0.0,0.0,measured,measured,,trueSilenceSpans is STRUCTURAL only: an added noise floor fills what was near-silent. Silence metrics are NOT assessed from this clip; raw counts are shown uncaveated only as counts.
aubio,clean_eighths,noise,snrDb=0,clean_eighths__noise_snr0db,clean_eighths__baseline,silence.falseBeatsOffGridInUnplayedBeatWindowsPerSecond,float,0.0,0.0,0.0,measured,measured,,trueSilenceSpans is STRUCTURAL only: an added noise floor fills what was near-silent. Silence metrics are NOT assessed from this clip; raw counts are shown uncaveated only as counts.
aubio,clean_eighths,noise,snrDb=0,clean_eighths__noise_snr0db,clean_eighths__baseline,timing.beatsReportedByBackend,int,7.0,5.0,2.0,measured,measured,,trueSilenceSpans is STRUCTURAL only: an added noise floor fills what was near-silent. Silence metrics are NOT assessed from this clip; raw counts are shown uncaveated only as counts.
aubio,clean_eighths,noise,snrDb=0,clean_eighths__noise_snr0db,clean_eighths__baseline,timing.beatsStampAtBlockStart,int,0.0,0.0,0.0,measured,measured,,trueSilenceSpans is STRUCTURAL only: an added noise floor fills what was near-silent. Silence metrics are NOT assessed from this clip; raw counts are shown uncaveated only as counts.
aubio,clean_eighths,noise,snrDb=0,clean_eighths__noise_snr0db,clean_eighths__baseline,timing.beatsRejectedNonCausal,int,0.0,0.0,0.0,measured,measured,,trueSilenceSpans is STRUCTURAL only: an added noise floor fills what was near-silent. Silence metrics are NOT assessed from this clip; raw counts are shown uncaveated only as counts.
aubio,clean_eighths,noise,snrDb=0,clean_eighths__noise_snr0db,clean_eighths__baseline,timing.rateMismatchBlocks,int,0.0,0.0,0.0,measured,measured,,trueSilenceSpans is STRUCTURAL only: an added noise floor fills what was near-silent. Silence metrics are NOT assessed from this clip; raw counts are shown uncaveated only as counts.
aubio,clean_eighths,noise,snrDb=0,clean_eighths__noise_snr0db,clean_eighths__baseline,timing.causalAvailabilityMeanSeconds,float,0.005738095,0.001425,0.004313095,measured,measured,,trueSilenceSpans is STRUCTURAL only: an added noise floor fills what was near-silent. Silence metrics are NOT assessed from this clip; raw counts are shown uncaveated only as counts.
aubio,clean_eighths,noise,snrDb=0,clean_eighths__noise_snr0db,clean_eighths__baseline,timing.causalAvailabilityMaxSeconds,float,0.0103125,0.001520833,0.008791667,measured,measured,,trueSilenceSpans is STRUCTURAL only: an added noise floor fills what was near-silent. Silence metrics are NOT assessed from this clip; raw counts are shown uncaveated only as counts.
aubio,clean_eighths,noise,snrDb=0,clean_eighths__noise_snr0db,clean_eighths__baseline,phase.phaseMeasured,bool,1.0,1.0,0.0,measured,measured,,trueSilenceSpans is STRUCTURAL only: an added noise floor fills what was near-silent. Silence metrics are NOT assessed from this clip; raw counts are shown uncaveated only as counts.
aubio,clean_eighths,noise,snrDb=0,clean_eighths__noise_snr0db,clean_eighths__baseline,phase.phaseMeanMs,float,14.9702378,-15.4250001,30.3952379,measured,measured,,trueSilenceSpans is STRUCTURAL only: an added noise floor fills what was near-silent. Silence metrics are NOT assessed from this clip; raw counts are shown uncaveated only as counts.
aubio,clean_eighths,noise,snrDb=0,clean_eighths__noise_snr0db,clean_eighths__baseline,phase.phaseMeanAbsMs,float,17.9732145,15.4250001,2.5482144,measured,measured,,trueSilenceSpans is STRUCTURAL only: an added noise floor fills what was near-silent. Silence metrics are NOT assessed from this clip; raw counts are shown uncaveated only as counts.
aubio,clean_eighths,noise,snrDb=0,clean_eighths__noise_snr0db,clean_eighths__baseline,phase.phaseP50AbsMs,float,32.9434523,15.4166663,17.526786,measured,measured,,trueSilenceSpans is STRUCTURAL only: an added noise floor fills what was near-silent. Silence metrics are NOT assessed from this clip; raw counts are shown uncaveated only as counts.
aubio,clean_eighths,noise,snrDb=0,clean_eighths__noise_snr0db,clean_eighths__baseline,phase.phaseP95AbsMs,float,32.9434523,29.0476193,3.895833,measured,measured,,trueSilenceSpans is STRUCTURAL only: an added noise floor fills what was near-silent. Silence metrics are NOT assessed from this clip; raw counts are shown uncaveated only as counts.
aubio,clean_eighths,noise,snrDb=0,clean_eighths__noise_snr0db,clean_eighths__baseline,ramp.hasRamp,bool,0.0,0.0,0.0,measured,measured,,trueSilenceSpans is STRUCTURAL only: an added noise floor fills what was near-silent. Silence metrics are NOT assessed from this clip; raw counts are shown uncaveated only as counts.
aubio,clean_eighths,noise,snrDb=0,clean_eighths__noise_snr0db,clean_eighths__baseline,ramp.rampLocalTempoRelErrorMean,float,,,,missing,missing,requires hasRamp,trueSilenceSpans is STRUCTURAL only: an added noise floor fills what was near-silent. Silence metrics are NOT assessed from this clip; raw counts are shown uncaveated only as counts.
aubio,clean_eighths,noise,snrDb=0,clean_eighths__noise_snr0db,clean_eighths__baseline,ramp.rampLocalTempoRelErrorWorst,float,,,,missing,missing,requires hasRamp,trueSilenceSpans is STRUCTURAL only: an added noise floor fills what was near-silent. Silence metrics are NOT assessed from this clip; raw counts are shown uncaveated only as counts.
aubio,clean_eighths,noise,snrDb=0,clean_eighths__noise_snr0db,clean_eighths__baseline,syncopation.hasSyncopation,bool,0.0,0.0,0.0,measured,measured,,trueSilenceSpans is STRUCTURAL only: an added noise floor fills what was near-silent. Silence metrics are NOT assessed from this clip; raw counts are shown uncaveated only as counts.
aubio,clean_eighths,noise,snrDb=0,clean_eighths__noise_snr0db,clean_eighths__baseline,syncopation.syncopationMaxStepFraction,float,,,,missing,missing,requires hasSyncopation,trueSilenceSpans is STRUCTURAL only: an added noise floor fills what was near-silent. Silence metrics are NOT assessed from this clip; raw counts are shown uncaveated only as counts.
aubio,clean_eighths,noise,snrDb=0,clean_eighths__noise_snr0db,clean_eighths__baseline,syncopation.syncopationMaxDeviationFraction,float,,,,missing,missing,requires hasSyncopation,trueSilenceSpans is STRUCTURAL only: an added noise floor fills what was near-silent. Silence metrics are NOT assessed from this clip; raw counts are shown uncaveated only as counts.
aubio,clean_eighths,noise,snrDb=0,clean_eighths__noise_snr0db,clean_eighths__baseline,resources.cpuSeconds,float,0.010255,0.011012,-0.000757,measured,measured,,trueSilenceSpans is STRUCTURAL only: an added noise floor fills what was near-silent. Silence metrics are NOT assessed from this clip; raw counts are shown uncaveated only as counts.
aubio,clean_eighths,noise,snrDb=0,clean_eighths__noise_snr0db,clean_eighths__baseline,resources.allocationCount,int,4.0,4.0,0.0,measured,measured,,trueSilenceSpans is STRUCTURAL only: an added noise floor fills what was near-silent. Silence metrics are NOT assessed from this clip; raw counts are shown uncaveated only as counts.
aubio,clean_eighths,noise,snrDb=10,clean_eighths__noise_snr10db,clean_eighths__baseline,detection.predictedBeats,int,5.0,5.0,0.0,measured,measured,,trueSilenceSpans is STRUCTURAL only: an added noise floor fills what was near-silent. Silence metrics are NOT assessed from this clip; raw counts are shown uncaveated only as counts.
aubio,clean_eighths,noise,snrDb=10,clean_eighths__noise_snr10db,clean_eighths__baseline,detection.truePositives,int,5.0,5.0,0.0,measured,measured,,trueSilenceSpans is STRUCTURAL only: an added noise floor fills what was near-silent. Silence metrics are NOT assessed from this clip; raw counts are shown uncaveated only as counts.
aubio,clean_eighths,noise,snrDb=10,clean_eighths__noise_snr10db,clean_eighths__baseline,detection.falsePositives,int,0.0,0.0,0.0,measured,measured,,trueSilenceSpans is STRUCTURAL only: an added noise floor fills what was near-silent. Silence metrics are NOT assessed from this clip; raw counts are shown uncaveated only as counts.
aubio,clean_eighths,noise,snrDb=10,clean_eighths__noise_snr10db,clean_eighths__baseline,detection.falseNegatives,int,5.0,5.0,0.0,measured,measured,,trueSilenceSpans is STRUCTURAL only: an added noise floor fills what was near-silent. Silence metrics are NOT assessed from this clip; raw counts are shown uncaveated only as counts.
aubio,clean_eighths,noise,snrDb=10,clean_eighths__noise_snr10db,clean_eighths__baseline,detection.precision,float,1.0,1.0,0.0,measured,measured,,trueSilenceSpans is STRUCTURAL only: an added noise floor fills what was near-silent. Silence metrics are NOT assessed from this clip; raw counts are shown uncaveated only as counts.
aubio,clean_eighths,noise,snrDb=10,clean_eighths__noise_snr10db,clean_eighths__baseline,detection.recall,float,0.5,0.5,0.0,measured,measured,,trueSilenceSpans is STRUCTURAL only: an added noise floor fills what was near-silent. Silence metrics are NOT assessed from this clip; raw counts are shown uncaveated only as counts.
aubio,clean_eighths,noise,snrDb=10,clean_eighths__noise_snr10db,clean_eighths__baseline,detection.fMeasure,float,0.666666667,0.666666667,0.0,measured,measured,,trueSilenceSpans is STRUCTURAL only: an added noise floor fills what was near-silent. Silence metrics are NOT assessed from this clip; raw counts are shown uncaveated only as counts.
aubio,clean_eighths,noise,snrDb=10,clean_eighths__noise_snr10db,clean_eighths__baseline,acquisition.acquired,bool,1.0,1.0,0.0,measured,measured,,trueSilenceSpans is STRUCTURAL only: an added noise floor fills what was near-silent. Silence metrics are NOT assessed from this clip; raw counts are shown uncaveated only as counts.
aubio,clean_eighths,noise,snrDb=10,clean_eighths__noise_snr10db,clean_eighths__baseline,acquisition.acquisitionBars,float,1.24964219,1.24905156,0.00059063,measured,measured,,trueSilenceSpans is STRUCTURAL only: an added noise floor fills what was near-silent. Silence metrics are NOT assessed from this clip; raw counts are shown uncaveated only as counts.
aubio,clean_eighths,noise,snrDb=10,clean_eighths__noise_snr10db,clean_eighths__baseline,acquisition.acquisitionSeconds,float,2.38027083,2.37914583,0.001125,measured,measured,,trueSilenceSpans is STRUCTURAL only: an added noise floor fills what was near-silent. Silence metrics are NOT assessed from this clip; raw counts are shown uncaveated only as counts.
aubio,clean_eighths,noise,snrDb=10,clean_eighths__noise_snr10db,clean_eighths__baseline,acquisition.acquisitionBeats,float,4.99856875,4.99620625,0.0023625,measured,measured,,trueSilenceSpans is STRUCTURAL only: an added noise floor fills what was near-silent. Silence metrics are NOT assessed from this clip; raw counts are shown uncaveated only as counts.
aubio,clean_eighths,noise,snrDb=10,clean_eighths__noise_snr10db,clean_eighths__baseline,bpm.hasBpmLock,bool,1.0,1.0,0.0,measured,measured,,trueSilenceSpans is STRUCTURAL only: an added noise floor fills what was near-silent. Silence metrics are NOT assessed from this clip; raw counts are shown uncaveated only as counts.
aubio,clean_eighths,noise,snrDb=10,clean_eighths__noise_snr10db,clean_eighths__baseline,bpm.lockedBpm,float,127.821945,127.827675,-0.00573,measured,measured,,trueSilenceSpans is STRUCTURAL only: an added noise floor fills what was near-silent. Silence metrics are NOT assessed from this clip; raw counts are shown uncaveated only as counts.
aubio,clean_eighths,noise,snrDb=10,clean_eighths__noise_snr10db,clean_eighths__baseline,bpm.bpmRelativeError,float,0.014459883,0.014505356,-4.5473e-05,measured,measured,,trueSilenceSpans is STRUCTURAL only: an added noise floor fills what was near-silent. Silence metrics are NOT assessed from this clip; raw counts are shown uncaveated only as counts.
aubio,clean_eighths,noise,snrDb=10,clean_eighths__noise_snr10db,clean_eighths__baseline,bpm.spec2pctWithin,bool,1.0,1.0,0.0,measured,measured,,trueSilenceSpans is STRUCTURAL only: an added noise floor fills what was near-silent. Silence metrics are NOT assessed from this clip; raw counts are shown uncaveated only as counts.
aubio,clean_eighths,noise,snrDb=10,clean_eighths__noise_snr10db,clean_eighths__baseline,bpm.spec2pctNormalized,float,0.72299415,0.7252678,-0.00227365,measured,measured,,trueSilenceSpans is STRUCTURAL only: an added noise floor fills what was near-silent. Silence metrics are NOT assessed from this clip; raw counts are shown uncaveated only as counts.
aubio,clean_eighths,noise,snrDb=10,clean_eighths__noise_snr10db,clean_eighths__baseline,halfDouble.halfTimeLock,bool,0.0,0.0,0.0,measured,measured,,trueSilenceSpans is STRUCTURAL only: an added noise floor fills what was near-silent. Silence metrics are NOT assessed from this clip; raw counts are shown uncaveated only as counts.
aubio,clean_eighths,noise,snrDb=10,clean_eighths__noise_snr10db,clean_eighths__baseline,halfDouble.doubleTimeLock,bool,0.0,0.0,0.0,measured,measured,,trueSilenceSpans is STRUCTURAL only: an added noise floor fills what was near-silent. Silence metrics are NOT assessed from this clip; raw counts are shown uncaveated only as counts.
aubio,clean_eighths,noise,snrDb=10,clean_eighths__noise_snr10db,clean_eighths__baseline,halfDouble.halfDoubleTimeError,bool,0.0,0.0,0.0,measured,measured,,trueSilenceSpans is STRUCTURAL only: an added noise floor fills what was near-silent. Silence metrics are NOT assessed from this clip; raw counts are shown uncaveated only as counts.
aubio,clean_eighths,noise,snrDb=10,clean_eighths__noise_snr10db,clean_eighths__baseline,silence.trueSilenceMeasured,bool,1.0,1.0,0.0,measured,measured,,trueSilenceSpans is STRUCTURAL only: an added noise floor fills what was near-silent. Silence metrics are NOT assessed from this clip; raw counts are shown uncaveated only as counts.
aubio,clean_eighths,noise,snrDb=10,clean_eighths__noise_snr10db,clean_eighths__baseline,silence.falseBeatCoverage,str,Measured,Measured,,measured,measured,,trueSilenceSpans is STRUCTURAL only: an added noise floor fills what was near-silent. Silence metrics are NOT assessed from this clip; raw counts are shown uncaveated only as counts.
aubio,clean_eighths,noise,snrDb=10,clean_eighths__noise_snr10db,clean_eighths__baseline,silence.falseBeatsInTrueSilence,int,0.0,0.0,,not_assessed_noise,measured,noise floor makes structural trueSilenceSpans unusable for a silence assessment,trueSilenceSpans is STRUCTURAL only: an added noise floor fills what was near-silent. Silence metrics are NOT assessed from this clip; raw counts are shown uncaveated only as counts.
aubio,clean_eighths,noise,snrDb=10,clean_eighths__noise_snr10db,clean_eighths__baseline,silence.falseBeatsInTrueSilencePerSecond,float,0.0,0.0,,not_assessed_noise,measured,noise floor makes structural trueSilenceSpans unusable for a silence assessment,trueSilenceSpans is STRUCTURAL only: an added noise floor fills what was near-silent. Silence metrics are NOT assessed from this clip; raw counts are shown uncaveated only as counts.
aubio,clean_eighths,noise,snrDb=10,clean_eighths__noise_snr10db,clean_eighths__baseline,silence.maxSilenceTempoIncreaseBpm,float,,,,missing,missing,requires silenceAccelerationMeasured,trueSilenceSpans is STRUCTURAL only: an added noise floor fills what was near-silent. Silence metrics are NOT assessed from this clip; raw counts are shown uncaveated only as counts.
aubio,clean_eighths,noise,snrDb=10,clean_eighths__noise_snr10db,clean_eighths__baseline,silence.falseBeatsInUnplayedBeatWindowsPerSecond,float,0.0,0.0,0.0,measured,measured,,trueSilenceSpans is STRUCTURAL only: an added noise floor fills what was near-silent. Silence metrics are NOT assessed from this clip; raw counts are shown uncaveated only as counts.
aubio,clean_eighths,noise,snrDb=10,clean_eighths__noise_snr10db,clean_eighths__baseline,silence.falseBeatsOffGridInUnplayedBeatWindowsPerSecond,float,0.0,0.0,0.0,measured,measured,,trueSilenceSpans is STRUCTURAL only: an added noise floor fills what was near-silent. Silence metrics are NOT assessed from this clip; raw counts are shown uncaveated only as counts.
aubio,clean_eighths,noise,snrDb=10,clean_eighths__noise_snr10db,clean_eighths__baseline,timing.beatsReportedByBackend,int,5.0,5.0,0.0,measured,measured,,trueSilenceSpans is STRUCTURAL only: an added noise floor fills what was near-silent. Silence metrics are NOT assessed from this clip; raw counts are shown uncaveated only as counts.
aubio,clean_eighths,noise,snrDb=10,clean_eighths__noise_snr10db,clean_eighths__baseline,timing.beatsStampAtBlockStart,int,0.0,0.0,0.0,measured,measured,,trueSilenceSpans is STRUCTURAL only: an added noise floor fills what was near-silent. Silence metrics are NOT assessed from this clip; raw counts are shown uncaveated only as counts.
aubio,clean_eighths,noise,snrDb=10,clean_eighths__noise_snr10db,clean_eighths__baseline,timing.beatsRejectedNonCausal,int,0.0,0.0,0.0,measured,measured,,trueSilenceSpans is STRUCTURAL only: an added noise floor fills what was near-silent. Silence metrics are NOT assessed from this clip; raw counts are shown uncaveated only as counts.
aubio,clean_eighths,noise,snrDb=10,clean_eighths__noise_snr10db,clean_eighths__baseline,timing.rateMismatchBlocks,int,0.0,0.0,0.0,measured,measured,,trueSilenceSpans is STRUCTURAL only: an added noise floor fills what was near-silent. Silence metrics are NOT assessed from this clip; raw counts are shown uncaveated only as counts.
aubio,clean_eighths,noise,snrDb=10,clean_eighths__noise_snr10db,clean_eighths__baseline,timing.causalAvailabilityMeanSeconds,float,0.000258333,0.001425,-0.001166667,measured,measured,,trueSilenceSpans is STRUCTURAL only: an added noise floor fills what was near-silent. Silence metrics are NOT assessed from this clip; raw counts are shown uncaveated only as counts.
aubio,clean_eighths,noise,snrDb=10,clean_eighths__noise_snr10db,clean_eighths__baseline,timing.causalAvailabilityMaxSeconds,float,0.000395833,0.001520833,-0.001125,measured,measured,,trueSilenceSpans is STRUCTURAL only: an added noise floor fills what was near-silent. Silence metrics are NOT assessed from this clip; raw counts are shown uncaveated only as counts.
aubio,clean_eighths,noise,snrDb=10,clean_eighths__noise_snr10db,clean_eighths__baseline,phase.phaseMeasured,bool,1.0,1.0,0.0,measured,measured,,trueSilenceSpans is STRUCTURAL only: an added noise floor fills what was near-silent. Silence metrics are NOT assessed from this clip; raw counts are shown uncaveated only as counts.
aubio,clean_eighths,noise,snrDb=10,clean_eighths__noise_snr10db,clean_eighths__baseline,phase.phaseMeanMs,float,-14.2583334,-15.4250001,1.1666667,measured,measured,,trueSilenceSpans is STRUCTURAL only: an added noise floor fills what was near-silent. Silence metrics are NOT assessed from this clip; raw counts are shown uncaveated only as counts.
aubio,clean_eighths,noise,snrDb=10,clean_eighths__noise_snr10db,clean_eighths__baseline,phase.phaseMeanAbsMs,float,14.2583334,15.4250001,-1.1666667,measured,measured,,trueSilenceSpans is STRUCTURAL only: an added noise floor fills what was near-silent. Silence metrics are NOT assessed from this clip; raw counts are shown uncaveated only as counts.
aubio,clean_eighths,noise,snrDb=10,clean_eighths__noise_snr10db,clean_eighths__baseline,phase.phaseP50AbsMs,float,14.2499997,15.4166663,-1.1666666,measured,measured,,trueSilenceSpans is STRUCTURAL only: an added noise floor fills what was near-silent. Silence metrics are NOT assessed from this clip; raw counts are shown uncaveated only as counts.
aubio,clean_eighths,noise,snrDb=10,clean_eighths__noise_snr10db,clean_eighths__baseline,phase.phaseP95AbsMs,float,27.839286,29.0476193,-1.2083333,measured,measured,,trueSilenceSpans is STRUCTURAL only: an added noise floor fills what was near-silent. Silence metrics are NOT assessed from this clip; raw counts are shown uncaveated only as counts.
aubio,clean_eighths,noise,snrDb=10,clean_eighths__noise_snr10db,clean_eighths__baseline,ramp.hasRamp,bool,0.0,0.0,0.0,measured,measured,,trueSilenceSpans is STRUCTURAL only: an added noise floor fills what was near-silent. Silence metrics are NOT assessed from this clip; raw counts are shown uncaveated only as counts.
aubio,clean_eighths,noise,snrDb=10,clean_eighths__noise_snr10db,clean_eighths__baseline,ramp.rampLocalTempoRelErrorMean,float,,,,missing,missing,requires hasRamp,trueSilenceSpans is STRUCTURAL only: an added noise floor fills what was near-silent. Silence metrics are NOT assessed from this clip; raw counts are shown uncaveated only as counts.
aubio,clean_eighths,noise,snrDb=10,clean_eighths__noise_snr10db,clean_eighths__baseline,ramp.rampLocalTempoRelErrorWorst,float,,,,missing,missing,requires hasRamp,trueSilenceSpans is STRUCTURAL only: an added noise floor fills what was near-silent. Silence metrics are NOT assessed from this clip; raw counts are shown uncaveated only as counts.
aubio,clean_eighths,noise,snrDb=10,clean_eighths__noise_snr10db,clean_eighths__baseline,syncopation.hasSyncopation,bool,0.0,0.0,0.0,measured,measured,,trueSilenceSpans is STRUCTURAL only: an added noise floor fills what was near-silent. Silence metrics are NOT assessed from this clip; raw counts are shown uncaveated only as counts.
aubio,clean_eighths,noise,snrDb=10,clean_eighths__noise_snr10db,clean_eighths__baseline,syncopation.syncopationMaxStepFraction,float,,,,missing,missing,requires hasSyncopation,trueSilenceSpans is STRUCTURAL only: an added noise floor fills what was near-silent. Silence metrics are NOT assessed from this clip; raw counts are shown uncaveated only as counts.
aubio,clean_eighths,noise,snrDb=10,clean_eighths__noise_snr10db,clean_eighths__baseline,syncopation.syncopationMaxDeviationFraction,float,,,,missing,missing,requires hasSyncopation,trueSilenceSpans is STRUCTURAL only: an added noise floor fills what was near-silent. Silence metrics are NOT assessed from this clip; raw counts are shown uncaveated only as counts.
aubio,clean_eighths,noise,snrDb=10,clean_eighths__noise_snr10db,clean_eighths__baseline,resources.cpuSeconds,float,0.010377,0.011012,-0.000635,measured,measured,,trueSilenceSpans is STRUCTURAL only: an added noise floor fills what was near-silent. Silence metrics are NOT assessed from this clip; raw counts are shown uncaveated only as counts.
aubio,clean_eighths,noise,snrDb=10,clean_eighths__noise_snr10db,clean_eighths__baseline,resources.allocationCount,int,4.0,4.0,0.0,measured,measured,,trueSilenceSpans is STRUCTURAL only: an added noise floor fills what was near-silent. Silence metrics are NOT assessed from this clip; raw counts are shown uncaveated only as counts.
aubio,clean_eighths,noise,snrDb=20,clean_eighths__noise_snr20db,clean_eighths__baseline,detection.predictedBeats,int,5.0,5.0,0.0,measured,measured,,trueSilenceSpans is STRUCTURAL only: an added noise floor fills what was near-silent. Silence metrics are NOT assessed from this clip; raw counts are shown uncaveated only as counts.
aubio,clean_eighths,noise,snrDb=20,clean_eighths__noise_snr20db,clean_eighths__baseline,detection.truePositives,int,5.0,5.0,0.0,measured,measured,,trueSilenceSpans is STRUCTURAL only: an added noise floor fills what was near-silent. Silence metrics are NOT assessed from this clip; raw counts are shown uncaveated only as counts.
aubio,clean_eighths,noise,snrDb=20,clean_eighths__noise_snr20db,clean_eighths__baseline,detection.falsePositives,int,0.0,0.0,0.0,measured,measured,,trueSilenceSpans is STRUCTURAL only: an added noise floor fills what was near-silent. Silence metrics are NOT assessed from this clip; raw counts are shown uncaveated only as counts.
aubio,clean_eighths,noise,snrDb=20,clean_eighths__noise_snr20db,clean_eighths__baseline,detection.falseNegatives,int,5.0,5.0,0.0,measured,measured,,trueSilenceSpans is STRUCTURAL only: an added noise floor fills what was near-silent. Silence metrics are NOT assessed from this clip; raw counts are shown uncaveated only as counts.
aubio,clean_eighths,noise,snrDb=20,clean_eighths__noise_snr20db,clean_eighths__baseline,detection.precision,float,1.0,1.0,0.0,measured,measured,,trueSilenceSpans is STRUCTURAL only: an added noise floor fills what was near-silent. Silence metrics are NOT assessed from this clip; raw counts are shown uncaveated only as counts.
aubio,clean_eighths,noise,snrDb=20,clean_eighths__noise_snr20db,clean_eighths__baseline,detection.recall,float,0.5,0.5,0.0,measured,measured,,trueSilenceSpans is STRUCTURAL only: an added noise floor fills what was near-silent. Silence metrics are NOT assessed from this clip; raw counts are shown uncaveated only as counts.
aubio,clean_eighths,noise,snrDb=20,clean_eighths__noise_snr20db,clean_eighths__baseline,detection.fMeasure,float,0.666666667,0.666666667,0.0,measured,measured,,trueSilenceSpans is STRUCTURAL only: an added noise floor fills what was near-silent. Silence metrics are NOT assessed from this clip; raw counts are shown uncaveated only as counts.
aubio,clean_eighths,noise,snrDb=20,clean_eighths__noise_snr20db,clean_eighths__baseline,acquisition.acquired,bool,1.0,1.0,0.0,measured,measured,,trueSilenceSpans is STRUCTURAL only: an added noise floor fills what was near-silent. Silence metrics are NOT assessed from this clip; raw counts are shown uncaveated only as counts.
aubio,clean_eighths,noise,snrDb=20,clean_eighths__noise_snr20db,clean_eighths__baseline,acquisition.acquisitionBars,float,1.24922656,1.24905156,0.000175,measured,measured,,trueSilenceSpans is STRUCTURAL only: an added noise floor fills what was near-silent. Silence metrics are NOT assessed from this clip; raw counts are shown uncaveated only as counts.
aubio,clean_eighths,noise,snrDb=20,clean_eighths__noise_snr20db,clean_eighths__baseline,acquisition.acquisitionSeconds,float,2.37947917,2.37914583,0.00033334,measured,measured,,trueSilenceSpans is STRUCTURAL only: an added noise floor fills what was near-silent. Silence metrics are NOT assessed from this clip; raw counts are shown uncaveated only as counts.
aubio,clean_eighths,noise,snrDb=20,clean_eighths__noise_snr20db,clean_eighths__baseline,acquisition.acquisitionBeats,float,4.99690625,4.99620625,0.0007,measured,measured,,trueSilenceSpans is STRUCTURAL only: an added noise floor fills what was near-silent. Silence metrics are NOT assessed from this clip; raw counts are shown uncaveated only as counts.
aubio,clean_eighths,noise,snrDb=20,clean_eighths__noise_snr20db,clean_eighths__baseline,bpm.hasBpmLock,bool,1.0,1.0,0.0,measured,measured,,trueSilenceSpans is STRUCTURAL only: an added noise floor fills what was near-silent. Silence metrics are NOT assessed from this clip; raw counts are shown uncaveated only as counts.
aubio,clean_eighths,noise,snrDb=20,clean_eighths__noise_snr20db,clean_eighths__baseline,bpm.lockedBpm,float,127.83651,127.827675,0.008835,measured,measured,,trueSilenceSpans is STRUCTURAL only: an added noise floor fills what was near-silent. Silence metrics are NOT assessed from this clip; raw counts are shown uncaveated only as counts.
aubio,clean_eighths,noise,snrDb=20,clean_eighths__noise_snr20db,clean_eighths__baseline,bpm.bpmRelativeError,float,0.014575474,0.014505356,7.0118e-05,measured,measured,,trueSilenceSpans is STRUCTURAL only: an added noise floor fills what was near-silent. Silence metrics are NOT assessed from this clip; raw counts are shown uncaveated only as counts.
aubio,clean_eighths,noise,snrDb=20,clean_eighths__noise_snr20db,clean_eighths__baseline,bpm.spec2pctWithin,bool,1.0,1.0,0.0,measured,measured,,trueSilenceSpans is STRUCTURAL only: an added noise floor fills what was near-silent. Silence metrics are NOT assessed from this clip; raw counts are shown uncaveated only as counts.
aubio,clean_eighths,noise,snrDb=20,clean_eighths__noise_snr20db,clean_eighths__baseline,bpm.spec2pctNormalized,float,0.7287737,0.7252678,0.0035059,measured,measured,,trueSilenceSpans is STRUCTURAL only: an added noise floor fills what was near-silent. Silence metrics are NOT assessed from this clip; raw counts are shown uncaveated only as counts.
aubio,clean_eighths,noise,snrDb=20,clean_eighths__noise_snr20db,clean_eighths__baseline,halfDouble.halfTimeLock,bool,0.0,0.0,0.0,measured,measured,,trueSilenceSpans is STRUCTURAL only: an added noise floor fills what was near-silent. Silence metrics are NOT assessed from this clip; raw counts are shown uncaveated only as counts.
aubio,clean_eighths,noise,snrDb=20,clean_eighths__noise_snr20db,clean_eighths__baseline,halfDouble.doubleTimeLock,bool,0.0,0.0,0.0,measured,measured,,trueSilenceSpans is STRUCTURAL only: an added noise floor fills what was near-silent. Silence metrics are NOT assessed from this clip; raw counts are shown uncaveated only as counts.
aubio,clean_eighths,noise,snrDb=20,clean_eighths__noise_snr20db,clean_eighths__baseline,halfDouble.halfDoubleTimeError,bool,0.0,0.0,0.0,measured,measured,,trueSilenceSpans is STRUCTURAL only: an added noise floor fills what was near-silent. Silence metrics are NOT assessed from this clip; raw counts are shown uncaveated only as counts.
aubio,clean_eighths,noise,snrDb=20,clean_eighths__noise_snr20db,clean_eighths__baseline,silence.trueSilenceMeasured,bool,1.0,1.0,0.0,measured,measured,,trueSilenceSpans is STRUCTURAL only: an added noise floor fills what was near-silent. Silence metrics are NOT assessed from this clip; raw counts are shown uncaveated only as counts.
aubio,clean_eighths,noise,snrDb=20,clean_eighths__noise_snr20db,clean_eighths__baseline,silence.falseBeatCoverage,str,Measured,Measured,,measured,measured,,trueSilenceSpans is STRUCTURAL only: an added noise floor fills what was near-silent. Silence metrics are NOT assessed from this clip; raw counts are shown uncaveated only as counts.
aubio,clean_eighths,noise,snrDb=20,clean_eighths__noise_snr20db,clean_eighths__baseline,silence.falseBeatsInTrueSilence,int,0.0,0.0,,not_assessed_noise,measured,noise floor makes structural trueSilenceSpans unusable for a silence assessment,trueSilenceSpans is STRUCTURAL only: an added noise floor fills what was near-silent. Silence metrics are NOT assessed from this clip; raw counts are shown uncaveated only as counts.
aubio,clean_eighths,noise,snrDb=20,clean_eighths__noise_snr20db,clean_eighths__baseline,silence.falseBeatsInTrueSilencePerSecond,float,0.0,0.0,,not_assessed_noise,measured,noise floor makes structural trueSilenceSpans unusable for a silence assessment,trueSilenceSpans is STRUCTURAL only: an added noise floor fills what was near-silent. Silence metrics are NOT assessed from this clip; raw counts are shown uncaveated only as counts.
aubio,clean_eighths,noise,snrDb=20,clean_eighths__noise_snr20db,clean_eighths__baseline,silence.maxSilenceTempoIncreaseBpm,float,,,,missing,missing,requires silenceAccelerationMeasured,trueSilenceSpans is STRUCTURAL only: an added noise floor fills what was near-silent. Silence metrics are NOT assessed from this clip; raw counts are shown uncaveated only as counts.
aubio,clean_eighths,noise,snrDb=20,clean_eighths__noise_snr20db,clean_eighths__baseline,silence.falseBeatsInUnplayedBeatWindowsPerSecond,float,0.0,0.0,0.0,measured,measured,,trueSilenceSpans is STRUCTURAL only: an added noise floor fills what was near-silent. Silence metrics are NOT assessed from this clip; raw counts are shown uncaveated only as counts.
aubio,clean_eighths,noise,snrDb=20,clean_eighths__noise_snr20db,clean_eighths__baseline,silence.falseBeatsOffGridInUnplayedBeatWindowsPerSecond,float,0.0,0.0,0.0,measured,measured,,trueSilenceSpans is STRUCTURAL only: an added noise floor fills what was near-silent. Silence metrics are NOT assessed from this clip; raw counts are shown uncaveated only as counts.
aubio,clean_eighths,noise,snrDb=20,clean_eighths__noise_snr20db,clean_eighths__baseline,timing.beatsReportedByBackend,int,5.0,5.0,0.0,measured,measured,,trueSilenceSpans is STRUCTURAL only: an added noise floor fills what was near-silent. Silence metrics are NOT assessed from this clip; raw counts are shown uncaveated only as counts.
aubio,clean_eighths,noise,snrDb=20,clean_eighths__noise_snr20db,clean_eighths__baseline,timing.beatsStampAtBlockStart,int,0.0,0.0,0.0,measured,measured,,trueSilenceSpans is STRUCTURAL only: an added noise floor fills what was near-silent. Silence metrics are NOT assessed from this clip; raw counts are shown uncaveated only as counts.
aubio,clean_eighths,noise,snrDb=20,clean_eighths__noise_snr20db,clean_eighths__baseline,timing.beatsRejectedNonCausal,int,0.0,0.0,0.0,measured,measured,,trueSilenceSpans is STRUCTURAL only: an added noise floor fills what was near-silent. Silence metrics are NOT assessed from this clip; raw counts are shown uncaveated only as counts.
aubio,clean_eighths,noise,snrDb=20,clean_eighths__noise_snr20db,clean_eighths__baseline,timing.rateMismatchBlocks,int,0.0,0.0,0.0,measured,measured,,trueSilenceSpans is STRUCTURAL only: an added noise floor fills what was near-silent. Silence metrics are NOT assessed from this clip; raw counts are shown uncaveated only as counts.
aubio,clean_eighths,noise,snrDb=20,clean_eighths__noise_snr20db,clean_eighths__baseline,timing.causalAvailabilityMeanSeconds,float,0.001158333,0.001425,-0.000266667,measured,measured,,trueSilenceSpans is STRUCTURAL only: an added noise floor fills what was near-silent. Silence metrics are NOT assessed from this clip; raw counts are shown uncaveated only as counts.
aubio,clean_eighths,noise,snrDb=20,clean_eighths__noise_snr20db,clean_eighths__baseline,timing.causalAvailabilityMaxSeconds,float,0.0011875,0.001520833,-0.000333333,measured,measured,,trueSilenceSpans is STRUCTURAL only: an added noise floor fills what was near-silent. Silence metrics are NOT assessed from this clip; raw counts are shown uncaveated only as counts.
aubio,clean_eighths,noise,snrDb=20,clean_eighths__noise_snr20db,clean_eighths__baseline,phase.phaseMeasured,bool,1.0,1.0,0.0,measured,measured,,trueSilenceSpans is STRUCTURAL only: an added noise floor fills what was near-silent. Silence metrics are NOT assessed from this clip; raw counts are shown uncaveated only as counts.
aubio,clean_eighths,noise,snrDb=20,clean_eighths__noise_snr20db,clean_eighths__baseline,phase.phaseMeanMs,float,-15.1583334,-15.4250001,0.2666667,measured,measured,,trueSilenceSpans is STRUCTURAL only: an added noise floor fills what was near-silent. Silence metrics are NOT assessed from this clip; raw counts are shown uncaveated only as counts.
aubio,clean_eighths,noise,snrDb=20,clean_eighths__noise_snr20db,clean_eighths__baseline,phase.phaseMeanAbsMs,float,15.1583334,15.4250001,-0.2666667,measured,measured,,trueSilenceSpans is STRUCTURAL only: an added noise floor fills what was near-silent. Silence metrics are NOT assessed from this clip; raw counts are shown uncaveated only as counts.
aubio,clean_eighths,noise,snrDb=20,clean_eighths__noise_snr20db,clean_eighths__baseline,phase.phaseP50AbsMs,float,15.1666663,15.4166663,-0.25,measured,measured,,trueSilenceSpans is STRUCTURAL only: an added noise floor fills what was near-silent. Silence metrics are NOT assessed from this clip; raw counts are shown uncaveated only as counts.
aubio,clean_eighths,noise,snrDb=20,clean_eighths__noise_snr20db,clean_eighths__baseline,phase.phaseP95AbsMs,float,28.839286,29.0476193,-0.2083333,measured,measured,,trueSilenceSpans is STRUCTURAL only: an added noise floor fills what was near-silent. Silence metrics are NOT assessed from this clip; raw counts are shown uncaveated only as counts.
aubio,clean_eighths,noise,snrDb=20,clean_eighths__noise_snr20db,clean_eighths__baseline,ramp.hasRamp,bool,0.0,0.0,0.0,measured,measured,,trueSilenceSpans is STRUCTURAL only: an added noise floor fills what was near-silent. Silence metrics are NOT assessed from this clip; raw counts are shown uncaveated only as counts.
aubio,clean_eighths,noise,snrDb=20,clean_eighths__noise_snr20db,clean_eighths__baseline,ramp.rampLocalTempoRelErrorMean,float,,,,missing,missing,requires hasRamp,trueSilenceSpans is STRUCTURAL only: an added noise floor fills what was near-silent. Silence metrics are NOT assessed from this clip; raw counts are shown uncaveated only as counts.
aubio,clean_eighths,noise,snrDb=20,clean_eighths__noise_snr20db,clean_eighths__baseline,ramp.rampLocalTempoRelErrorWorst,float,,,,missing,missing,requires hasRamp,trueSilenceSpans is STRUCTURAL only: an added noise floor fills what was near-silent. Silence metrics are NOT assessed from this clip; raw counts are shown uncaveated only as counts.
aubio,clean_eighths,noise,snrDb=20,clean_eighths__noise_snr20db,clean_eighths__baseline,syncopation.hasSyncopation,bool,0.0,0.0,0.0,measured,measured,,trueSilenceSpans is STRUCTURAL only: an added noise floor fills what was near-silent. Silence metrics are NOT assessed from this clip; raw counts are shown uncaveated only as counts.
aubio,clean_eighths,noise,snrDb=20,clean_eighths__noise_snr20db,clean_eighths__baseline,syncopation.syncopationMaxStepFraction,float,,,,missing,missing,requires hasSyncopation,trueSilenceSpans is STRUCTURAL only: an added noise floor fills what was near-silent. Silence metrics are NOT assessed from this clip; raw counts are shown uncaveated only as counts.
aubio,clean_eighths,noise,snrDb=20,clean_eighths__noise_snr20db,clean_eighths__baseline,syncopation.syncopationMaxDeviationFraction,float,,,,missing,missing,requires hasSyncopation,trueSilenceSpans is STRUCTURAL only: an added noise floor fills what was near-silent. Silence metrics are NOT assessed from this clip; raw counts are shown uncaveated only as counts.
aubio,clean_eighths,noise,snrDb=20,clean_eighths__noise_snr20db,clean_eighths__baseline,resources.cpuSeconds,float,0.011082,0.011012,7e-05,measured,measured,,trueSilenceSpans is STRUCTURAL only: an added noise floor fills what was near-silent. Silence metrics are NOT assessed from this clip; raw counts are shown uncaveated only as counts.
aubio,clean_eighths,noise,snrDb=20,clean_eighths__noise_snr20db,clean_eighths__baseline,resources.allocationCount,int,4.0,4.0,0.0,measured,measured,,trueSilenceSpans is STRUCTURAL only: an added noise floor fills what was near-silent. Silence metrics are NOT assessed from this clip; raw counts are shown uncaveated only as counts.
aubio,clean_eighths,onset_offset,offsetMs=40,clean_eighths__offset_40ms,clean_eighths__baseline,detection.predictedBeats,int,5.0,5.0,0.0,measured,measured,,Content window is shifted by a real sample delay (length preserved). Absolute detection counts are not commensurable in the same sample window.
aubio,clean_eighths,onset_offset,offsetMs=40,clean_eighths__offset_40ms,clean_eighths__baseline,detection.truePositives,int,5.0,5.0,0.0,measured,measured,,Content window is shifted by a real sample delay (length preserved). Absolute detection counts are not commensurable in the same sample window.
aubio,clean_eighths,onset_offset,offsetMs=40,clean_eighths__offset_40ms,clean_eighths__baseline,detection.falsePositives,int,0.0,0.0,0.0,measured,measured,,Content window is shifted by a real sample delay (length preserved). Absolute detection counts are not commensurable in the same sample window.
aubio,clean_eighths,onset_offset,offsetMs=40,clean_eighths__offset_40ms,clean_eighths__baseline,detection.falseNegatives,int,5.0,5.0,0.0,measured,measured,,Content window is shifted by a real sample delay (length preserved). Absolute detection counts are not commensurable in the same sample window.
aubio,clean_eighths,onset_offset,offsetMs=40,clean_eighths__offset_40ms,clean_eighths__baseline,detection.precision,float,1.0,1.0,0.0,measured,measured,,Content window is shifted by a real sample delay (length preserved). Absolute detection counts are not commensurable in the same sample window.
aubio,clean_eighths,onset_offset,offsetMs=40,clean_eighths__offset_40ms,clean_eighths__baseline,detection.recall,float,0.5,0.5,0.0,measured,measured,,Content window is shifted by a real sample delay (length preserved). Absolute detection counts are not commensurable in the same sample window.
aubio,clean_eighths,onset_offset,offsetMs=40,clean_eighths__offset_40ms,clean_eighths__baseline,detection.fMeasure,float,0.666666667,0.666666667,0.0,measured,measured,,Content window is shifted by a real sample delay (length preserved). Absolute detection counts are not commensurable in the same sample window.
aubio,clean_eighths,onset_offset,offsetMs=40,clean_eighths__offset_40ms,clean_eighths__baseline,acquisition.acquired,bool,1.0,1.0,0.0,measured,measured,,Content window is shifted by a real sample delay (length preserved). Absolute detection counts are not commensurable in the same sample window.
aubio,clean_eighths,onset_offset,offsetMs=40,clean_eighths__offset_40ms,clean_eighths__baseline,acquisition.acquisitionBars,float,1.25001406,1.24905156,0.0009625,measured,measured,,Content window is shifted by a real sample delay (length preserved). Absolute detection counts are not commensurable in the same sample window.
aubio,clean_eighths,onset_offset,offsetMs=40,clean_eighths__offset_40ms,clean_eighths__baseline,acquisition.acquisitionSeconds,float,2.38097917,2.37914583,0.00183334,measured,measured,,Content window is shifted by a real sample delay (length preserved). Absolute detection counts are not commensurable in the same sample window.
aubio,clean_eighths,onset_offset,offsetMs=40,clean_eighths__offset_40ms,clean_eighths__baseline,acquisition.acquisitionBeats,float,5.00005625,4.99620625,0.00385,measured,measured,,Content window is shifted by a real sample delay (length preserved). Absolute detection counts are not commensurable in the same sample window.
aubio,clean_eighths,onset_offset,offsetMs=40,clean_eighths__offset_40ms,clean_eighths__baseline,bpm.hasBpmLock,bool,1.0,1.0,0.0,measured,measured,,Content window is shifted by a real sample delay (length preserved). Absolute detection counts are not commensurable in the same sample window.
aubio,clean_eighths,onset_offset,offsetMs=40,clean_eighths__offset_40ms,clean_eighths__baseline,bpm.lockedBpm,float,127.746063,127.827675,-0.081612,measured,measured,,Content window is shifted by a real sample delay (length preserved). Absolute detection counts are not commensurable in the same sample window.
aubio,clean_eighths,onset_offset,offsetMs=40,clean_eighths__offset_40ms,clean_eighths__baseline,bpm.bpmRelativeError,float,0.013857645,0.014505356,-0.000647711,measured,measured,,Content window is shifted by a real sample delay (length preserved). Absolute detection counts are not commensurable in the same sample window.
aubio,clean_eighths,onset_offset,offsetMs=40,clean_eighths__offset_40ms,clean_eighths__baseline,bpm.spec2pctWithin,bool,1.0,1.0,0.0,measured,measured,,Content window is shifted by a real sample delay (length preserved). Absolute detection counts are not commensurable in the same sample window.
aubio,clean_eighths,onset_offset,offsetMs=40,clean_eighths__offset_40ms,clean_eighths__baseline,bpm.spec2pctNormalized,float,0.69288225,0.7252678,-0.03238555,measured,measured,,Content window is shifted by a real sample delay (length preserved). Absolute detection counts are not commensurable in the same sample window.
aubio,clean_eighths,onset_offset,offsetMs=40,clean_eighths__offset_40ms,clean_eighths__baseline,halfDouble.halfTimeLock,bool,0.0,0.0,0.0,measured,measured,,Content window is shifted by a real sample delay (length preserved). Absolute detection counts are not commensurable in the same sample window.
aubio,clean_eighths,onset_offset,offsetMs=40,clean_eighths__offset_40ms,clean_eighths__baseline,halfDouble.doubleTimeLock,bool,0.0,0.0,0.0,measured,measured,,Content window is shifted by a real sample delay (length preserved). Absolute detection counts are not commensurable in the same sample window.
aubio,clean_eighths,onset_offset,offsetMs=40,clean_eighths__offset_40ms,clean_eighths__baseline,halfDouble.halfDoubleTimeError,bool,0.0,0.0,0.0,measured,measured,,Content window is shifted by a real sample delay (length preserved). Absolute detection counts are not commensurable in the same sample window.
aubio,clean_eighths,onset_offset,offsetMs=40,clean_eighths__offset_40ms,clean_eighths__baseline,silence.trueSilenceMeasured,bool,1.0,1.0,0.0,measured,measured,,Content window is shifted by a real sample delay (length preserved). Absolute detection counts are not commensurable in the same sample window.
aubio,clean_eighths,onset_offset,offsetMs=40,clean_eighths__offset_40ms,clean_eighths__baseline,silence.falseBeatCoverage,str,Measured,Measured,,measured,measured,,Content window is shifted by a real sample delay (length preserved). Absolute detection counts are not commensurable in the same sample window.
aubio,clean_eighths,onset_offset,offsetMs=40,clean_eighths__offset_40ms,clean_eighths__baseline,silence.falseBeatsInTrueSilence,int,0.0,0.0,0.0,measured,measured,,Content window is shifted by a real sample delay (length preserved). Absolute detection counts are not commensurable in the same sample window.
aubio,clean_eighths,onset_offset,offsetMs=40,clean_eighths__offset_40ms,clean_eighths__baseline,silence.falseBeatsInTrueSilencePerSecond,float,0.0,0.0,0.0,measured,measured,,Content window is shifted by a real sample delay (length preserved). Absolute detection counts are not commensurable in the same sample window.
aubio,clean_eighths,onset_offset,offsetMs=40,clean_eighths__offset_40ms,clean_eighths__baseline,silence.maxSilenceTempoIncreaseBpm,float,,,,missing,missing,requires silenceAccelerationMeasured,Content window is shifted by a real sample delay (length preserved). Absolute detection counts are not commensurable in the same sample window.
aubio,clean_eighths,onset_offset,offsetMs=40,clean_eighths__offset_40ms,clean_eighths__baseline,silence.falseBeatsInUnplayedBeatWindowsPerSecond,float,0.0,0.0,0.0,measured,measured,,Content window is shifted by a real sample delay (length preserved). Absolute detection counts are not commensurable in the same sample window.
aubio,clean_eighths,onset_offset,offsetMs=40,clean_eighths__offset_40ms,clean_eighths__baseline,silence.falseBeatsOffGridInUnplayedBeatWindowsPerSecond,float,0.0,0.0,0.0,measured,measured,,Content window is shifted by a real sample delay (length preserved). Absolute detection counts are not commensurable in the same sample window.
aubio,clean_eighths,onset_offset,offsetMs=40,clean_eighths__offset_40ms,clean_eighths__baseline,timing.beatsReportedByBackend,int,5.0,5.0,0.0,measured,measured,,Content window is shifted by a real sample delay (length preserved). Absolute detection counts are not commensurable in the same sample window.
aubio,clean_eighths,onset_offset,offsetMs=40,clean_eighths__offset_40ms,clean_eighths__baseline,timing.beatsStampAtBlockStart,int,0.0,0.0,0.0,measured,measured,,Content window is shifted by a real sample delay (length preserved). Absolute detection counts are not commensurable in the same sample window.
aubio,clean_eighths,onset_offset,offsetMs=40,clean_eighths__offset_40ms,clean_eighths__baseline,timing.beatsRejectedNonCausal,int,0.0,0.0,0.0,measured,measured,,Content window is shifted by a real sample delay (length preserved). Absolute detection counts are not commensurable in the same sample window.
aubio,clean_eighths,onset_offset,offsetMs=40,clean_eighths__offset_40ms,clean_eighths__baseline,timing.rateMismatchBlocks,int,0.0,0.0,0.0,measured,measured,,Content window is shifted by a real sample delay (length preserved). Absolute detection counts are not commensurable in the same sample window.
aubio,clean_eighths,onset_offset,offsetMs=40,clean_eighths__offset_40ms,clean_eighths__baseline,timing.causalAvailabilityMeanSeconds,float,0.001658333,0.001425,0.000233333,measured,measured,,Content window is shifted by a real sample delay (length preserved). Absolute detection counts are not commensurable in the same sample window.
aubio,clean_eighths,onset_offset,offsetMs=40,clean_eighths__offset_40ms,clean_eighths__baseline,timing.causalAvailabilityMaxSeconds,float,0.002354167,0.001520833,0.000833334,measured,measured,,Content window is shifted by a real sample delay (length preserved). Absolute detection counts are not commensurable in the same sample window.
aubio,clean_eighths,onset_offset,offsetMs=40,clean_eighths__offset_40ms,clean_eighths__baseline,phase.phaseMeasured,bool,1.0,1.0,0.0,measured,measured,,Content window is shifted by a real sample delay (length preserved). Absolute detection counts are not commensurable in the same sample window.
aubio,clean_eighths,onset_offset,offsetMs=40,clean_eighths__offset_40ms,clean_eighths__baseline,phase.phaseMeanMs,float,-12.9916667,-15.4250001,2.4333334,measured,measured,,Content window is shifted by a real sample delay (length preserved). Absolute detection counts are not commensurable in the same sample window.
aubio,clean_eighths,onset_offset,offsetMs=40,clean_eighths__offset_40ms,clean_eighths__baseline,phase.phaseMeanAbsMs,float,13.002381,15.4250001,-2.4226191,measured,measured,,Content window is shifted by a real sample delay (length preserved). Absolute detection counts are not commensurable in the same sample window.
aubio,clean_eighths,onset_offset,offsetMs=40,clean_eighths__offset_40ms,clean_eighths__baseline,phase.phaseP50AbsMs,float,12.9999997,15.4166663,-2.4166666,measured,measured,,Content window is shifted by a real sample delay (length preserved). Absolute detection counts are not commensurable in the same sample window.
aubio,clean_eighths,onset_offset,offsetMs=40,clean_eighths__offset_40ms,clean_eighths__baseline,phase.phaseP95AbsMs,float,26.0059527,29.0476193,-3.0416666,measured,measured,,Content window is shifted by a real sample delay (length preserved). Absolute detection counts are not commensurable in the same sample window.
aubio,clean_eighths,onset_offset,offsetMs=40,clean_eighths__offset_40ms,clean_eighths__baseline,ramp.hasRamp,bool,0.0,0.0,0.0,measured,measured,,Content window is shifted by a real sample delay (length preserved). Absolute detection counts are not commensurable in the same sample window.
aubio,clean_eighths,onset_offset,offsetMs=40,clean_eighths__offset_40ms,clean_eighths__baseline,ramp.rampLocalTempoRelErrorMean,float,,,,missing,missing,requires hasRamp,Content window is shifted by a real sample delay (length preserved). Absolute detection counts are not commensurable in the same sample window.
aubio,clean_eighths,onset_offset,offsetMs=40,clean_eighths__offset_40ms,clean_eighths__baseline,ramp.rampLocalTempoRelErrorWorst,float,,,,missing,missing,requires hasRamp,Content window is shifted by a real sample delay (length preserved). Absolute detection counts are not commensurable in the same sample window.
aubio,clean_eighths,onset_offset,offsetMs=40,clean_eighths__offset_40ms,clean_eighths__baseline,syncopation.hasSyncopation,bool,0.0,0.0,0.0,measured,measured,,Content window is shifted by a real sample delay (length preserved). Absolute detection counts are not commensurable in the same sample window.
aubio,clean_eighths,onset_offset,offsetMs=40,clean_eighths__offset_40ms,clean_eighths__baseline,syncopation.syncopationMaxStepFraction,float,,,,missing,missing,requires hasSyncopation,Content window is shifted by a real sample delay (length preserved). Absolute detection counts are not commensurable in the same sample window.
aubio,clean_eighths,onset_offset,offsetMs=40,clean_eighths__offset_40ms,clean_eighths__baseline,syncopation.syncopationMaxDeviationFraction,float,,,,missing,missing,requires hasSyncopation,Content window is shifted by a real sample delay (length preserved). Absolute detection counts are not commensurable in the same sample window.
aubio,clean_eighths,onset_offset,offsetMs=40,clean_eighths__offset_40ms,clean_eighths__baseline,resources.cpuSeconds,float,0.010081,0.011012,-0.000931,measured,measured,,Content window is shifted by a real sample delay (length preserved). Absolute detection counts are not commensurable in the same sample window.
aubio,clean_eighths,onset_offset,offsetMs=40,clean_eighths__offset_40ms,clean_eighths__baseline,resources.allocationCount,int,4.0,4.0,0.0,measured,measured,,Content window is shifted by a real sample delay (length preserved). Absolute detection counts are not commensurable in the same sample window.
aubio,clean_eighths,onset_offset,offsetMs=80,clean_eighths__offset_80ms,clean_eighths__baseline,detection.predictedBeats,int,5.0,5.0,0.0,measured,measured,,Content window is shifted by a real sample delay (length preserved). Absolute detection counts are not commensurable in the same sample window.
aubio,clean_eighths,onset_offset,offsetMs=80,clean_eighths__offset_80ms,clean_eighths__baseline,detection.truePositives,int,5.0,5.0,0.0,measured,measured,,Content window is shifted by a real sample delay (length preserved). Absolute detection counts are not commensurable in the same sample window.
aubio,clean_eighths,onset_offset,offsetMs=80,clean_eighths__offset_80ms,clean_eighths__baseline,detection.falsePositives,int,0.0,0.0,0.0,measured,measured,,Content window is shifted by a real sample delay (length preserved). Absolute detection counts are not commensurable in the same sample window.
aubio,clean_eighths,onset_offset,offsetMs=80,clean_eighths__offset_80ms,clean_eighths__baseline,detection.falseNegatives,int,5.0,5.0,0.0,measured,measured,,Content window is shifted by a real sample delay (length preserved). Absolute detection counts are not commensurable in the same sample window.
aubio,clean_eighths,onset_offset,offsetMs=80,clean_eighths__offset_80ms,clean_eighths__baseline,detection.precision,float,1.0,1.0,0.0,measured,measured,,Content window is shifted by a real sample delay (length preserved). Absolute detection counts are not commensurable in the same sample window.
aubio,clean_eighths,onset_offset,offsetMs=80,clean_eighths__offset_80ms,clean_eighths__baseline,detection.recall,float,0.5,0.5,0.0,measured,measured,,Content window is shifted by a real sample delay (length preserved). Absolute detection counts are not commensurable in the same sample window.
aubio,clean_eighths,onset_offset,offsetMs=80,clean_eighths__offset_80ms,clean_eighths__baseline,detection.fMeasure,float,0.666666667,0.666666667,0.0,measured,measured,,Content window is shifted by a real sample delay (length preserved). Absolute detection counts are not commensurable in the same sample window.
aubio,clean_eighths,onset_offset,offsetMs=80,clean_eighths__offset_80ms,clean_eighths__baseline,acquisition.acquired,bool,1.0,1.0,0.0,measured,measured,,Content window is shifted by a real sample delay (length preserved). Absolute detection counts are not commensurable in the same sample window.
aubio,clean_eighths,onset_offset,offsetMs=80,clean_eighths__offset_80ms,clean_eighths__baseline,acquisition.acquisitionBars,float,1.25106406,1.24905156,0.0020125,measured,measured,,Content window is shifted by a real sample delay (length preserved). Absolute detection counts are not commensurable in the same sample window.
aubio,clean_eighths,onset_offset,offsetMs=80,clean_eighths__offset_80ms,clean_eighths__baseline,acquisition.acquisitionSeconds,float,2.38297917,2.37914583,0.00383334,measured,measured,,Content window is shifted by a real sample delay (length preserved). Absolute detection counts are not commensurable in the same sample window.
aubio,clean_eighths,onset_offset,offsetMs=80,clean_eighths__offset_80ms,clean_eighths__baseline,acquisition.acquisitionBeats,float,5.00425625,4.99620625,0.00805,measured,measured,,Content window is shifted by a real sample delay (length preserved). Absolute detection counts are not commensurable in the same sample window.
aubio,clean_eighths,onset_offset,offsetMs=80,clean_eighths__offset_80ms,clean_eighths__baseline,bpm.hasBpmLock,bool,1.0,1.0,0.0,measured,measured,,Content window is shifted by a real sample delay (length preserved). Absolute detection counts are not commensurable in the same sample window.
aubio,clean_eighths,onset_offset,offsetMs=80,clean_eighths__offset_80ms,clean_eighths__baseline,bpm.lockedBpm,float,127.644638,127.827675,-0.183037,measured,measured,,Content window is shifted by a real sample delay (length preserved). Absolute detection counts are not commensurable in the same sample window.
aubio,clean_eighths,onset_offset,offsetMs=80,clean_eighths__offset_80ms,clean_eighths__baseline,bpm.bpmRelativeError,float,0.013052683,0.014505356,-0.001452673,measured,measured,,Content window is shifted by a real sample delay (length preserved). Absolute detection counts are not commensurable in the same sample window.
aubio,clean_eighths,onset_offset,offsetMs=80,clean_eighths__offset_80ms,clean_eighths__baseline,bpm.spec2pctWithin,bool,1.0,1.0,0.0,measured,measured,,Content window is shifted by a real sample delay (length preserved). Absolute detection counts are not commensurable in the same sample window.
aubio,clean_eighths,onset_offset,offsetMs=80,clean_eighths__offset_80ms,clean_eighths__baseline,bpm.spec2pctNormalized,float,0.65263415,0.7252678,-0.07263365,measured,measured,,Content window is shifted by a real sample delay (length preserved). Absolute detection counts are not commensurable in the same sample window.
aubio,clean_eighths,onset_offset,offsetMs=80,clean_eighths__offset_80ms,clean_eighths__baseline,halfDouble.halfTimeLock,bool,0.0,0.0,0.0,measured,measured,,Content window is shifted by a real sample delay (length preserved). Absolute detection counts are not commensurable in the same sample window.
aubio,clean_eighths,onset_offset,offsetMs=80,clean_eighths__offset_80ms,clean_eighths__baseline,halfDouble.doubleTimeLock,bool,0.0,0.0,0.0,measured,measured,,Content window is shifted by a real sample delay (length preserved). Absolute detection counts are not commensurable in the same sample window.
aubio,clean_eighths,onset_offset,offsetMs=80,clean_eighths__offset_80ms,clean_eighths__baseline,halfDouble.halfDoubleTimeError,bool,0.0,0.0,0.0,measured,measured,,Content window is shifted by a real sample delay (length preserved). Absolute detection counts are not commensurable in the same sample window.
aubio,clean_eighths,onset_offset,offsetMs=80,clean_eighths__offset_80ms,clean_eighths__baseline,silence.trueSilenceMeasured,bool,1.0,1.0,0.0,measured,measured,,Content window is shifted by a real sample delay (length preserved). Absolute detection counts are not commensurable in the same sample window.
aubio,clean_eighths,onset_offset,offsetMs=80,clean_eighths__offset_80ms,clean_eighths__baseline,silence.falseBeatCoverage,str,Measured,Measured,,measured,measured,,Content window is shifted by a real sample delay (length preserved). Absolute detection counts are not commensurable in the same sample window.
aubio,clean_eighths,onset_offset,offsetMs=80,clean_eighths__offset_80ms,clean_eighths__baseline,silence.falseBeatsInTrueSilence,int,0.0,0.0,0.0,measured,measured,,Content window is shifted by a real sample delay (length preserved). Absolute detection counts are not commensurable in the same sample window.
aubio,clean_eighths,onset_offset,offsetMs=80,clean_eighths__offset_80ms,clean_eighths__baseline,silence.falseBeatsInTrueSilencePerSecond,float,0.0,0.0,0.0,measured,measured,,Content window is shifted by a real sample delay (length preserved). Absolute detection counts are not commensurable in the same sample window.
aubio,clean_eighths,onset_offset,offsetMs=80,clean_eighths__offset_80ms,clean_eighths__baseline,silence.maxSilenceTempoIncreaseBpm,float,,,,missing,missing,requires silenceAccelerationMeasured,Content window is shifted by a real sample delay (length preserved). Absolute detection counts are not commensurable in the same sample window.
aubio,clean_eighths,onset_offset,offsetMs=80,clean_eighths__offset_80ms,clean_eighths__baseline,silence.falseBeatsInUnplayedBeatWindowsPerSecond,float,0.0,0.0,0.0,measured,measured,,Content window is shifted by a real sample delay (length preserved). Absolute detection counts are not commensurable in the same sample window.
aubio,clean_eighths,onset_offset,offsetMs=80,clean_eighths__offset_80ms,clean_eighths__baseline,silence.falseBeatsOffGridInUnplayedBeatWindowsPerSecond,float,0.0,0.0,0.0,measured,measured,,Content window is shifted by a real sample delay (length preserved). Absolute detection counts are not commensurable in the same sample window.
aubio,clean_eighths,onset_offset,offsetMs=80,clean_eighths__offset_80ms,clean_eighths__baseline,timing.beatsReportedByBackend,int,5.0,5.0,0.0,measured,measured,,Content window is shifted by a real sample delay (length preserved). Absolute detection counts are not commensurable in the same sample window.
aubio,clean_eighths,onset_offset,offsetMs=80,clean_eighths__offset_80ms,clean_eighths__baseline,timing.beatsStampAtBlockStart,int,0.0,0.0,0.0,measured,measured,,Content window is shifted by a real sample delay (length preserved). Absolute detection counts are not commensurable in the same sample window.
aubio,clean_eighths,onset_offset,offsetMs=80,clean_eighths__offset_80ms,clean_eighths__baseline,timing.beatsRejectedNonCausal,int,0.0,0.0,0.0,measured,measured,,Content window is shifted by a real sample delay (length preserved). Absolute detection counts are not commensurable in the same sample window.
aubio,clean_eighths,onset_offset,offsetMs=80,clean_eighths__offset_80ms,clean_eighths__baseline,timing.rateMismatchBlocks,int,0.0,0.0,0.0,measured,measured,,Content window is shifted by a real sample delay (length preserved). Absolute detection counts are not commensurable in the same sample window.
aubio,clean_eighths,onset_offset,offsetMs=80,clean_eighths__offset_80ms,clean_eighths__baseline,timing.causalAvailabilityMeanSeconds,float,0.001583333,0.001425,0.000158333,measured,measured,,Content window is shifted by a real sample delay (length preserved). Absolute detection counts are not commensurable in the same sample window.
aubio,clean_eighths,onset_offset,offsetMs=80,clean_eighths__offset_80ms,clean_eighths__baseline,timing.causalAvailabilityMaxSeconds,float,0.003020833,0.001520833,0.0015,measured,measured,,Content window is shifted by a real sample delay (length preserved). Absolute detection counts are not commensurable in the same sample window.
aubio,clean_eighths,onset_offset,offsetMs=80,clean_eighths__offset_80ms,clean_eighths__baseline,phase.phaseMeasured,bool,1.0,1.0,0.0,measured,measured,,Content window is shifted by a real sample delay (length preserved). Absolute detection counts are not commensurable in the same sample window.
aubio,clean_eighths,onset_offset,offsetMs=80,clean_eighths__offset_80ms,clean_eighths__baseline,phase.phaseMeanMs,float,-10.2500001,-15.4250001,5.175,measured,measured,,Content window is shifted by a real sample delay (length preserved). Absolute detection counts are not commensurable in the same sample window.
aubio,clean_eighths,onset_offset,offsetMs=80,clean_eighths__offset_80ms,clean_eighths__baseline,phase.phaseMeanAbsMs,float,11.0607143,15.4250001,-4.3642858,measured,measured,,Content window is shifted by a real sample delay (length preserved). Absolute detection counts are not commensurable in the same sample window.
aubio,clean_eighths,onset_offset,offsetMs=80,clean_eighths__offset_80ms,clean_eighths__baseline,phase.phaseP50AbsMs,float,10.2499997,15.4166663,-5.1666666,measured,measured,,Content window is shifted by a real sample delay (length preserved). Absolute detection counts are not commensurable in the same sample window.
aubio,clean_eighths,onset_offset,offsetMs=80,clean_eighths__offset_80ms,clean_eighths__baseline,phase.phaseP95AbsMs,float,22.526786,29.0476193,-6.5208333,measured,measured,,Content window is shifted by a real sample delay (length preserved). Absolute detection counts are not commensurable in the same sample window.
aubio,clean_eighths,onset_offset,offsetMs=80,clean_eighths__offset_80ms,clean_eighths__baseline,ramp.hasRamp,bool,0.0,0.0,0.0,measured,measured,,Content window is shifted by a real sample delay (length preserved). Absolute detection counts are not commensurable in the same sample window.
aubio,clean_eighths,onset_offset,offsetMs=80,clean_eighths__offset_80ms,clean_eighths__baseline,ramp.rampLocalTempoRelErrorMean,float,,,,missing,missing,requires hasRamp,Content window is shifted by a real sample delay (length preserved). Absolute detection counts are not commensurable in the same sample window.
aubio,clean_eighths,onset_offset,offsetMs=80,clean_eighths__offset_80ms,clean_eighths__baseline,ramp.rampLocalTempoRelErrorWorst,float,,,,missing,missing,requires hasRamp,Content window is shifted by a real sample delay (length preserved). Absolute detection counts are not commensurable in the same sample window.
aubio,clean_eighths,onset_offset,offsetMs=80,clean_eighths__offset_80ms,clean_eighths__baseline,syncopation.hasSyncopation,bool,0.0,0.0,0.0,measured,measured,,Content window is shifted by a real sample delay (length preserved). Absolute detection counts are not commensurable in the same sample window.
aubio,clean_eighths,onset_offset,offsetMs=80,clean_eighths__offset_80ms,clean_eighths__baseline,syncopation.syncopationMaxStepFraction,float,,,,missing,missing,requires hasSyncopation,Content window is shifted by a real sample delay (length preserved). Absolute detection counts are not commensurable in the same sample window.
aubio,clean_eighths,onset_offset,offsetMs=80,clean_eighths__offset_80ms,clean_eighths__baseline,syncopation.syncopationMaxDeviationFraction,float,,,,missing,missing,requires hasSyncopation,Content window is shifted by a real sample delay (length preserved). Absolute detection counts are not commensurable in the same sample window.
aubio,clean_eighths,onset_offset,offsetMs=80,clean_eighths__offset_80ms,clean_eighths__baseline,resources.cpuSeconds,float,0.010178,0.011012,-0.000834,measured,measured,,Content window is shifted by a real sample delay (length preserved). Absolute detection counts are not commensurable in the same sample window.
aubio,clean_eighths,onset_offset,offsetMs=80,clean_eighths__offset_80ms,clean_eighths__baseline,resources.allocationCount,int,4.0,4.0,0.0,measured,measured,,Content window is shifted by a real sample delay (length preserved). Absolute detection counts are not commensurable in the same sample window.
aubio,clean_eighths,silence_gap,gapSeconds=1,clean_eighths__silence_gap_1s,clean_eighths__baseline,detection.predictedBeats,int,3.0,5.0,-2.0,measured,measured,,"Edit-onsets perturbation. SPEC 19 'silence does not create false acceleration' is NOT-MEASURED offline; the tempo proxy is raw only, not a clock gate."
aubio,clean_eighths,silence_gap,gapSeconds=1,clean_eighths__silence_gap_1s,clean_eighths__baseline,detection.truePositives,int,3.0,5.0,-2.0,measured,measured,,"Edit-onsets perturbation. SPEC 19 'silence does not create false acceleration' is NOT-MEASURED offline; the tempo proxy is raw only, not a clock gate."
aubio,clean_eighths,silence_gap,gapSeconds=1,clean_eighths__silence_gap_1s,clean_eighths__baseline,detection.falsePositives,int,0.0,0.0,0.0,measured,measured,,"Edit-onsets perturbation. SPEC 19 'silence does not create false acceleration' is NOT-MEASURED offline; the tempo proxy is raw only, not a clock gate."
aubio,clean_eighths,silence_gap,gapSeconds=1,clean_eighths__silence_gap_1s,clean_eighths__baseline,detection.falseNegatives,int,7.0,5.0,2.0,measured,measured,,"Edit-onsets perturbation. SPEC 19 'silence does not create false acceleration' is NOT-MEASURED offline; the tempo proxy is raw only, not a clock gate."
aubio,clean_eighths,silence_gap,gapSeconds=1,clean_eighths__silence_gap_1s,clean_eighths__baseline,detection.precision,float,1.0,1.0,0.0,measured,measured,,"Edit-onsets perturbation. SPEC 19 'silence does not create false acceleration' is NOT-MEASURED offline; the tempo proxy is raw only, not a clock gate."
aubio,clean_eighths,silence_gap,gapSeconds=1,clean_eighths__silence_gap_1s,clean_eighths__baseline,detection.recall,float,0.3,0.5,-0.2,measured,measured,,"Edit-onsets perturbation. SPEC 19 'silence does not create false acceleration' is NOT-MEASURED offline; the tempo proxy is raw only, not a clock gate."
aubio,clean_eighths,silence_gap,gapSeconds=1,clean_eighths__silence_gap_1s,clean_eighths__baseline,detection.fMeasure,float,0.461538462,0.666666667,-0.205128205,measured,measured,,"Edit-onsets perturbation. SPEC 19 'silence does not create false acceleration' is NOT-MEASURED offline; the tempo proxy is raw only, not a clock gate."
aubio,clean_eighths,silence_gap,gapSeconds=1,clean_eighths__silence_gap_1s,clean_eighths__baseline,acquisition.acquired,bool,0.0,1.0,-1.0,measured,measured,,"Edit-onsets perturbation. SPEC 19 'silence does not create false acceleration' is NOT-MEASURED offline; the tempo proxy is raw only, not a clock gate."
aubio,clean_eighths,silence_gap,gapSeconds=1,clean_eighths__silence_gap_1s,clean_eighths__baseline,acquisition.acquisitionBars,float,,1.24905156,,missing,measured,requires acquired,"Edit-onsets perturbation. SPEC 19 'silence does not create false acceleration' is NOT-MEASURED offline; the tempo proxy is raw only, not a clock gate."
aubio,clean_eighths,silence_gap,gapSeconds=1,clean_eighths__silence_gap_1s,clean_eighths__baseline,acquisition.acquisitionSeconds,float,,2.37914583,,missing,measured,requires acquired,"Edit-onsets perturbation. SPEC 19 'silence does not create false acceleration' is NOT-MEASURED offline; the tempo proxy is raw only, not a clock gate."
aubio,clean_eighths,silence_gap,gapSeconds=1,clean_eighths__silence_gap_1s,clean_eighths__baseline,acquisition.acquisitionBeats,float,,4.99620625,,missing,measured,requires acquired,"Edit-onsets perturbation. SPEC 19 'silence does not create false acceleration' is NOT-MEASURED offline; the tempo proxy is raw only, not a clock gate."
aubio,clean_eighths,silence_gap,gapSeconds=1,clean_eighths__silence_gap_1s,clean_eighths__baseline,bpm.hasBpmLock,bool,1.0,1.0,0.0,measured,measured,,"Edit-onsets perturbation. SPEC 19 'silence does not create false acceleration' is NOT-MEASURED offline; the tempo proxy is raw only, not a clock gate."
aubio,clean_eighths,silence_gap,gapSeconds=1,clean_eighths__silence_gap_1s,clean_eighths__baseline,bpm.lockedBpm,float,127.780609,127.827675,-0.047066,measured,measured,,"Edit-onsets perturbation. SPEC 19 'silence does not create false acceleration' is NOT-MEASURED offline; the tempo proxy is raw only, not a clock gate."
aubio,clean_eighths,silence_gap,gapSeconds=1,clean_eighths__silence_gap_1s,clean_eighths__baseline,bpm.bpmRelativeError,float,0.014131819,0.014505356,-0.000373537,measured,measured,,"Edit-onsets perturbation. SPEC 19 'silence does not create false acceleration' is NOT-MEASURED offline; the tempo proxy is raw only, not a clock gate."
aubio,clean_eighths,silence_gap,gapSeconds=1,clean_eighths__silence_gap_1s,clean_eighths__baseline,bpm.spec2pctWithin,bool,1.0,1.0,0.0,measured,measured,,"Edit-onsets perturbation. SPEC 19 'silence does not create false acceleration' is NOT-MEASURED offline; the tempo proxy is raw only, not a clock gate."
aubio,clean_eighths,silence_gap,gapSeconds=1,clean_eighths__silence_gap_1s,clean_eighths__baseline,bpm.spec2pctNormalized,float,0.70659095,0.7252678,-0.01867685,measured,measured,,"Edit-onsets perturbation. SPEC 19 'silence does not create false acceleration' is NOT-MEASURED offline; the tempo proxy is raw only, not a clock gate."
aubio,clean_eighths,silence_gap,gapSeconds=1,clean_eighths__silence_gap_1s,clean_eighths__baseline,halfDouble.halfTimeLock,bool,0.0,0.0,0.0,measured,measured,,"Edit-onsets perturbation. SPEC 19 'silence does not create false acceleration' is NOT-MEASURED offline; the tempo proxy is raw only, not a clock gate."
aubio,clean_eighths,silence_gap,gapSeconds=1,clean_eighths__silence_gap_1s,clean_eighths__baseline,halfDouble.doubleTimeLock,bool,0.0,0.0,0.0,measured,measured,,"Edit-onsets perturbation. SPEC 19 'silence does not create false acceleration' is NOT-MEASURED offline; the tempo proxy is raw only, not a clock gate."
aubio,clean_eighths,silence_gap,gapSeconds=1,clean_eighths__silence_gap_1s,clean_eighths__baseline,halfDouble.halfDoubleTimeError,bool,0.0,0.0,0.0,measured,measured,,"Edit-onsets perturbation. SPEC 19 'silence does not create false acceleration' is NOT-MEASURED offline; the tempo proxy is raw only, not a clock gate."
aubio,clean_eighths,silence_gap,gapSeconds=1,clean_eighths__silence_gap_1s,clean_eighths__baseline,silence.trueSilenceMeasured,bool,1.0,1.0,0.0,measured,measured,,"Edit-onsets perturbation. SPEC 19 'silence does not create false acceleration' is NOT-MEASURED offline; the tempo proxy is raw only, not a clock gate."
aubio,clean_eighths,silence_gap,gapSeconds=1,clean_eighths__silence_gap_1s,clean_eighths__baseline,silence.falseBeatCoverage,str,Measured,Measured,,measured,measured,,"Edit-onsets perturbation. SPEC 19 'silence does not create false acceleration' is NOT-MEASURED offline; the tempo proxy is raw only, not a clock gate."
aubio,clean_eighths,silence_gap,gapSeconds=1,clean_eighths__silence_gap_1s,clean_eighths__baseline,silence.falseBeatsInTrueSilence,int,0.0,0.0,0.0,measured,measured,,"Edit-onsets perturbation. SPEC 19 'silence does not create false acceleration' is NOT-MEASURED offline; the tempo proxy is raw only, not a clock gate."
aubio,clean_eighths,silence_gap,gapSeconds=1,clean_eighths__silence_gap_1s,clean_eighths__baseline,silence.falseBeatsInTrueSilencePerSecond,float,0.0,0.0,0.0,measured,measured,,"Edit-onsets perturbation. SPEC 19 'silence does not create false acceleration' is NOT-MEASURED offline; the tempo proxy is raw only, not a clock gate."
aubio,clean_eighths,silence_gap,gapSeconds=1,clean_eighths__silence_gap_1s,clean_eighths__baseline,silence.maxSilenceTempoIncreaseBpm,float,,,,missing,missing,requires silenceAccelerationMeasured,"Edit-onsets perturbation. SPEC 19 'silence does not create false acceleration' is NOT-MEASURED offline; the tempo proxy is raw only, not a clock gate."
aubio,clean_eighths,silence_gap,gapSeconds=1,clean_eighths__silence_gap_1s,clean_eighths__baseline,silence.falseBeatsInUnplayedBeatWindowsPerSecond,float,0.0,0.0,0.0,measured,measured,,"Edit-onsets perturbation. SPEC 19 'silence does not create false acceleration' is NOT-MEASURED offline; the tempo proxy is raw only, not a clock gate."
aubio,clean_eighths,silence_gap,gapSeconds=1,clean_eighths__silence_gap_1s,clean_eighths__baseline,silence.falseBeatsOffGridInUnplayedBeatWindowsPerSecond,float,0.0,0.0,0.0,measured,measured,,"Edit-onsets perturbation. SPEC 19 'silence does not create false acceleration' is NOT-MEASURED offline; the tempo proxy is raw only, not a clock gate."
aubio,clean_eighths,silence_gap,gapSeconds=1,clean_eighths__silence_gap_1s,clean_eighths__baseline,timing.beatsReportedByBackend,int,3.0,5.0,-2.0,measured,measured,,"Edit-onsets perturbation. SPEC 19 'silence does not create false acceleration' is NOT-MEASURED offline; the tempo proxy is raw only, not a clock gate."
aubio,clean_eighths,silence_gap,gapSeconds=1,clean_eighths__silence_gap_1s,clean_eighths__baseline,timing.beatsStampAtBlockStart,int,0.0,0.0,0.0,measured,measured,,"Edit-onsets perturbation. SPEC 19 'silence does not create false acceleration' is NOT-MEASURED offline; the tempo proxy is raw only, not a clock gate."
aubio,clean_eighths,silence_gap,gapSeconds=1,clean_eighths__silence_gap_1s,clean_eighths__baseline,timing.beatsRejectedNonCausal,int,0.0,0.0,0.0,measured,measured,,"Edit-onsets perturbation. SPEC 19 'silence does not create false acceleration' is NOT-MEASURED offline; the tempo proxy is raw only, not a clock gate."
aubio,clean_eighths,silence_gap,gapSeconds=1,clean_eighths__silence_gap_1s,clean_eighths__baseline,timing.rateMismatchBlocks,int,0.0,0.0,0.0,measured,measured,,"Edit-onsets perturbation. SPEC 19 'silence does not create false acceleration' is NOT-MEASURED offline; the tempo proxy is raw only, not a clock gate."
aubio,clean_eighths,silence_gap,gapSeconds=1,clean_eighths__silence_gap_1s,clean_eighths__baseline,timing.causalAvailabilityMeanSeconds,float,0.002125,0.001425,0.0007,measured,measured,,"Edit-onsets perturbation. SPEC 19 'silence does not create false acceleration' is NOT-MEASURED offline; the tempo proxy is raw only, not a clock gate."
aubio,clean_eighths,silence_gap,gapSeconds=1,clean_eighths__silence_gap_1s,clean_eighths__baseline,timing.causalAvailabilityMaxSeconds,float,0.002354167,0.001520833,0.000833334,measured,measured,,"Edit-onsets perturbation. SPEC 19 'silence does not create false acceleration' is NOT-MEASURED offline; the tempo proxy is raw only, not a clock gate."
aubio,clean_eighths,silence_gap,gapSeconds=1,clean_eighths__silence_gap_1s,clean_eighths__baseline,phase.phaseMeasured,bool,1.0,1.0,0.0,measured,measured,,"Edit-onsets perturbation. SPEC 19 'silence does not create false acceleration' is NOT-MEASURED offline; the tempo proxy is raw only, not a clock gate."
aubio,clean_eighths,silence_gap,gapSeconds=1,clean_eighths__silence_gap_1s,clean_eighths__baseline,phase.phaseMeanMs,float,-22.982143,-15.4250001,-7.5571429,measured,measured,,"Edit-onsets perturbation. SPEC 19 'silence does not create false acceleration' is NOT-MEASURED offline; the tempo proxy is raw only, not a clock gate."
aubio,clean_eighths,silence_gap,gapSeconds=1,clean_eighths__silence_gap_1s,clean_eighths__baseline,phase.phaseMeanAbsMs,float,22.982143,15.4250001,7.5571429,measured,measured,,"Edit-onsets perturbation. SPEC 19 'silence does not create false acceleration' is NOT-MEASURED offline; the tempo proxy is raw only, not a clock gate."
aubio,clean_eighths,silence_gap,gapSeconds=1,clean_eighths__silence_gap_1s,clean_eighths__baseline,phase.phaseP50AbsMs,float,22.9821433,15.4166663,7.565477,measured,measured,,"Edit-onsets perturbation. SPEC 19 'silence does not create false acceleration' is NOT-MEASURED offline; the tempo proxy is raw only, not a clock gate."
aubio,clean_eighths,silence_gap,gapSeconds=1,clean_eighths__silence_gap_1s,clean_eighths__baseline,phase.phaseP95AbsMs,float,29.6101193,29.0476193,0.5625,measured,measured,,"Edit-onsets perturbation. SPEC 19 'silence does not create false acceleration' is NOT-MEASURED offline; the tempo proxy is raw only, not a clock gate."
aubio,clean_eighths,silence_gap,gapSeconds=1,clean_eighths__silence_gap_1s,clean_eighths__baseline,ramp.hasRamp,bool,0.0,0.0,0.0,measured,measured,,"Edit-onsets perturbation. SPEC 19 'silence does not create false acceleration' is NOT-MEASURED offline; the tempo proxy is raw only, not a clock gate."
aubio,clean_eighths,silence_gap,gapSeconds=1,clean_eighths__silence_gap_1s,clean_eighths__baseline,ramp.rampLocalTempoRelErrorMean,float,,,,missing,missing,requires hasRamp,"Edit-onsets perturbation. SPEC 19 'silence does not create false acceleration' is NOT-MEASURED offline; the tempo proxy is raw only, not a clock gate."
aubio,clean_eighths,silence_gap,gapSeconds=1,clean_eighths__silence_gap_1s,clean_eighths__baseline,ramp.rampLocalTempoRelErrorWorst,float,,,,missing,missing,requires hasRamp,"Edit-onsets perturbation. SPEC 19 'silence does not create false acceleration' is NOT-MEASURED offline; the tempo proxy is raw only, not a clock gate."
aubio,clean_eighths,silence_gap,gapSeconds=1,clean_eighths__silence_gap_1s,clean_eighths__baseline,syncopation.hasSyncopation,bool,0.0,0.0,0.0,measured,measured,,"Edit-onsets perturbation. SPEC 19 'silence does not create false acceleration' is NOT-MEASURED offline; the tempo proxy is raw only, not a clock gate."
aubio,clean_eighths,silence_gap,gapSeconds=1,clean_eighths__silence_gap_1s,clean_eighths__baseline,syncopation.syncopationMaxStepFraction,float,,,,missing,missing,requires hasSyncopation,"Edit-onsets perturbation. SPEC 19 'silence does not create false acceleration' is NOT-MEASURED offline; the tempo proxy is raw only, not a clock gate."
aubio,clean_eighths,silence_gap,gapSeconds=1,clean_eighths__silence_gap_1s,clean_eighths__baseline,syncopation.syncopationMaxDeviationFraction,float,,,,missing,missing,requires hasSyncopation,"Edit-onsets perturbation. SPEC 19 'silence does not create false acceleration' is NOT-MEASURED offline; the tempo proxy is raw only, not a clock gate."
aubio,clean_eighths,silence_gap,gapSeconds=1,clean_eighths__silence_gap_1s,clean_eighths__baseline,resources.cpuSeconds,float,0.009296,0.011012,-0.001716,measured,measured,,"Edit-onsets perturbation. SPEC 19 'silence does not create false acceleration' is NOT-MEASURED offline; the tempo proxy is raw only, not a clock gate."
aubio,clean_eighths,silence_gap,gapSeconds=1,clean_eighths__silence_gap_1s,clean_eighths__baseline,resources.allocationCount,int,4.0,4.0,0.0,measured,measured,,"Edit-onsets perturbation. SPEC 19 'silence does not create false acceleration' is NOT-MEASURED offline; the tempo proxy is raw only, not a clock gate."
aubio,clean_eighths,syncopation_burst,burstCount=1,clean_eighths__syncop_burst1,clean_eighths__baseline,detection.predictedBeats,int,5.0,5.0,0.0,measured,measured,,"Edit-onsets perturbation. SPEC 19 'no tempo jump from one isolated syncopated event' is NOT-MEASURED offline; the step proxy is raw only, not a clock gate."
aubio,clean_eighths,syncopation_burst,burstCount=1,clean_eighths__syncop_burst1,clean_eighths__baseline,detection.truePositives,int,5.0,5.0,0.0,measured,measured,,"Edit-onsets perturbation. SPEC 19 'no tempo jump from one isolated syncopated event' is NOT-MEASURED offline; the step proxy is raw only, not a clock gate."
aubio,clean_eighths,syncopation_burst,burstCount=1,clean_eighths__syncop_burst1,clean_eighths__baseline,detection.falsePositives,int,0.0,0.0,0.0,measured,measured,,"Edit-onsets perturbation. SPEC 19 'no tempo jump from one isolated syncopated event' is NOT-MEASURED offline; the step proxy is raw only, not a clock gate."
aubio,clean_eighths,syncopation_burst,burstCount=1,clean_eighths__syncop_burst1,clean_eighths__baseline,detection.falseNegatives,int,5.0,5.0,0.0,measured,measured,,"Edit-onsets perturbation. SPEC 19 'no tempo jump from one isolated syncopated event' is NOT-MEASURED offline; the step proxy is raw only, not a clock gate."
aubio,clean_eighths,syncopation_burst,burstCount=1,clean_eighths__syncop_burst1,clean_eighths__baseline,detection.precision,float,1.0,1.0,0.0,measured,measured,,"Edit-onsets perturbation. SPEC 19 'no tempo jump from one isolated syncopated event' is NOT-MEASURED offline; the step proxy is raw only, not a clock gate."
aubio,clean_eighths,syncopation_burst,burstCount=1,clean_eighths__syncop_burst1,clean_eighths__baseline,detection.recall,float,0.5,0.5,0.0,measured,measured,,"Edit-onsets perturbation. SPEC 19 'no tempo jump from one isolated syncopated event' is NOT-MEASURED offline; the step proxy is raw only, not a clock gate."
aubio,clean_eighths,syncopation_burst,burstCount=1,clean_eighths__syncop_burst1,clean_eighths__baseline,detection.fMeasure,float,0.666666667,0.666666667,0.0,measured,measured,,"Edit-onsets perturbation. SPEC 19 'no tempo jump from one isolated syncopated event' is NOT-MEASURED offline; the step proxy is raw only, not a clock gate."
aubio,clean_eighths,syncopation_burst,burstCount=1,clean_eighths__syncop_burst1,clean_eighths__baseline,acquisition.acquired,bool,1.0,1.0,0.0,measured,measured,,"Edit-onsets perturbation. SPEC 19 'no tempo jump from one isolated syncopated event' is NOT-MEASURED offline; the step proxy is raw only, not a clock gate."
aubio,clean_eighths,syncopation_burst,burstCount=1,clean_eighths__syncop_burst1,clean_eighths__baseline,acquisition.acquisitionBars,float,1.24905156,1.24905156,0.0,measured,measured,,"Edit-onsets perturbation. SPEC 19 'no tempo jump from one isolated syncopated event' is NOT-MEASURED offline; the step proxy is raw only, not a clock gate."
aubio,clean_eighths,syncopation_burst,burstCount=1,clean_eighths__syncop_burst1,clean_eighths__baseline,acquisition.acquisitionSeconds,float,2.37914583,2.37914583,0.0,measured,measured,,"Edit-onsets perturbation. SPEC 19 'no tempo jump from one isolated syncopated event' is NOT-MEASURED offline; the step proxy is raw only, not a clock gate."
aubio,clean_eighths,syncopation_burst,burstCount=1,clean_eighths__syncop_burst1,clean_eighths__baseline,acquisition.acquisitionBeats,float,4.99620625,4.99620625,0.0,measured,measured,,"Edit-onsets perturbation. SPEC 19 'no tempo jump from one isolated syncopated event' is NOT-MEASURED offline; the step proxy is raw only, not a clock gate."
aubio,clean_eighths,syncopation_burst,burstCount=1,clean_eighths__syncop_burst1,clean_eighths__baseline,bpm.hasBpmLock,bool,1.0,1.0,0.0,measured,measured,,"Edit-onsets perturbation. SPEC 19 'no tempo jump from one isolated syncopated event' is NOT-MEASURED offline; the step proxy is raw only, not a clock gate."
aubio,clean_eighths,syncopation_burst,burstCount=1,clean_eighths__syncop_burst1,clean_eighths__baseline,bpm.lockedBpm,float,127.827675,127.827675,0.0,measured,measured,,"Edit-onsets perturbation. SPEC 19 'no tempo jump from one isolated syncopated event' is NOT-MEASURED offline; the step proxy is raw only, not a clock gate."
aubio,clean_eighths,syncopation_burst,burstCount=1,clean_eighths__syncop_burst1,clean_eighths__baseline,bpm.bpmRelativeError,float,0.014505356,0.014505356,0.0,measured,measured,,"Edit-onsets perturbation. SPEC 19 'no tempo jump from one isolated syncopated event' is NOT-MEASURED offline; the step proxy is raw only, not a clock gate."
aubio,clean_eighths,syncopation_burst,burstCount=1,clean_eighths__syncop_burst1,clean_eighths__baseline,bpm.spec2pctWithin,bool,1.0,1.0,0.0,measured,measured,,"Edit-onsets perturbation. SPEC 19 'no tempo jump from one isolated syncopated event' is NOT-MEASURED offline; the step proxy is raw only, not a clock gate."
aubio,clean_eighths,syncopation_burst,burstCount=1,clean_eighths__syncop_burst1,clean_eighths__baseline,bpm.spec2pctNormalized,float,0.7252678,0.7252678,0.0,measured,measured,,"Edit-onsets perturbation. SPEC 19 'no tempo jump from one isolated syncopated event' is NOT-MEASURED offline; the step proxy is raw only, not a clock gate."
aubio,clean_eighths,syncopation_burst,burstCount=1,clean_eighths__syncop_burst1,clean_eighths__baseline,halfDouble.halfTimeLock,bool,0.0,0.0,0.0,measured,measured,,"Edit-onsets perturbation. SPEC 19 'no tempo jump from one isolated syncopated event' is NOT-MEASURED offline; the step proxy is raw only, not a clock gate."
aubio,clean_eighths,syncopation_burst,burstCount=1,clean_eighths__syncop_burst1,clean_eighths__baseline,halfDouble.doubleTimeLock,bool,0.0,0.0,0.0,measured,measured,,"Edit-onsets perturbation. SPEC 19 'no tempo jump from one isolated syncopated event' is NOT-MEASURED offline; the step proxy is raw only, not a clock gate."
aubio,clean_eighths,syncopation_burst,burstCount=1,clean_eighths__syncop_burst1,clean_eighths__baseline,halfDouble.halfDoubleTimeError,bool,0.0,0.0,0.0,measured,measured,,"Edit-onsets perturbation. SPEC 19 'no tempo jump from one isolated syncopated event' is NOT-MEASURED offline; the step proxy is raw only, not a clock gate."
aubio,clean_eighths,syncopation_burst,burstCount=1,clean_eighths__syncop_burst1,clean_eighths__baseline,silence.trueSilenceMeasured,bool,1.0,1.0,0.0,measured,measured,,"Edit-onsets perturbation. SPEC 19 'no tempo jump from one isolated syncopated event' is NOT-MEASURED offline; the step proxy is raw only, not a clock gate."
aubio,clean_eighths,syncopation_burst,burstCount=1,clean_eighths__syncop_burst1,clean_eighths__baseline,silence.falseBeatCoverage,str,Measured,Measured,,measured,measured,,"Edit-onsets perturbation. SPEC 19 'no tempo jump from one isolated syncopated event' is NOT-MEASURED offline; the step proxy is raw only, not a clock gate."
aubio,clean_eighths,syncopation_burst,burstCount=1,clean_eighths__syncop_burst1,clean_eighths__baseline,silence.falseBeatsInTrueSilence,int,0.0,0.0,0.0,measured,measured,,"Edit-onsets perturbation. SPEC 19 'no tempo jump from one isolated syncopated event' is NOT-MEASURED offline; the step proxy is raw only, not a clock gate."
aubio,clean_eighths,syncopation_burst,burstCount=1,clean_eighths__syncop_burst1,clean_eighths__baseline,silence.falseBeatsInTrueSilencePerSecond,float,0.0,0.0,0.0,measured,measured,,"Edit-onsets perturbation. SPEC 19 'no tempo jump from one isolated syncopated event' is NOT-MEASURED offline; the step proxy is raw only, not a clock gate."
aubio,clean_eighths,syncopation_burst,burstCount=1,clean_eighths__syncop_burst1,clean_eighths__baseline,silence.maxSilenceTempoIncreaseBpm,float,,,,missing,missing,requires silenceAccelerationMeasured,"Edit-onsets perturbation. SPEC 19 'no tempo jump from one isolated syncopated event' is NOT-MEASURED offline; the step proxy is raw only, not a clock gate."
aubio,clean_eighths,syncopation_burst,burstCount=1,clean_eighths__syncop_burst1,clean_eighths__baseline,silence.falseBeatsInUnplayedBeatWindowsPerSecond,float,0.0,0.0,0.0,measured,measured,,"Edit-onsets perturbation. SPEC 19 'no tempo jump from one isolated syncopated event' is NOT-MEASURED offline; the step proxy is raw only, not a clock gate."
aubio,clean_eighths,syncopation_burst,burstCount=1,clean_eighths__syncop_burst1,clean_eighths__baseline,silence.falseBeatsOffGridInUnplayedBeatWindowsPerSecond,float,0.0,0.0,0.0,measured,measured,,"Edit-onsets perturbation. SPEC 19 'no tempo jump from one isolated syncopated event' is NOT-MEASURED offline; the step proxy is raw only, not a clock gate."
aubio,clean_eighths,syncopation_burst,burstCount=1,clean_eighths__syncop_burst1,clean_eighths__baseline,timing.beatsReportedByBackend,int,5.0,5.0,0.0,measured,measured,,"Edit-onsets perturbation. SPEC 19 'no tempo jump from one isolated syncopated event' is NOT-MEASURED offline; the step proxy is raw only, not a clock gate."
aubio,clean_eighths,syncopation_burst,burstCount=1,clean_eighths__syncop_burst1,clean_eighths__baseline,timing.beatsStampAtBlockStart,int,0.0,0.0,0.0,measured,measured,,"Edit-onsets perturbation. SPEC 19 'no tempo jump from one isolated syncopated event' is NOT-MEASURED offline; the step proxy is raw only, not a clock gate."
aubio,clean_eighths,syncopation_burst,burstCount=1,clean_eighths__syncop_burst1,clean_eighths__baseline,timing.beatsRejectedNonCausal,int,0.0,0.0,0.0,measured,measured,,"Edit-onsets perturbation. SPEC 19 'no tempo jump from one isolated syncopated event' is NOT-MEASURED offline; the step proxy is raw only, not a clock gate."
aubio,clean_eighths,syncopation_burst,burstCount=1,clean_eighths__syncop_burst1,clean_eighths__baseline,timing.rateMismatchBlocks,int,0.0,0.0,0.0,measured,measured,,"Edit-onsets perturbation. SPEC 19 'no tempo jump from one isolated syncopated event' is NOT-MEASURED offline; the step proxy is raw only, not a clock gate."
aubio,clean_eighths,syncopation_burst,burstCount=1,clean_eighths__syncop_burst1,clean_eighths__baseline,timing.causalAvailabilityMeanSeconds,float,0.001425,0.001425,0.0,measured,measured,,"Edit-onsets perturbation. SPEC 19 'no tempo jump from one isolated syncopated event' is NOT-MEASURED offline; the step proxy is raw only, not a clock gate."
aubio,clean_eighths,syncopation_burst,burstCount=1,clean_eighths__syncop_burst1,clean_eighths__baseline,timing.causalAvailabilityMaxSeconds,float,0.001520833,0.001520833,0.0,measured,measured,,"Edit-onsets perturbation. SPEC 19 'no tempo jump from one isolated syncopated event' is NOT-MEASURED offline; the step proxy is raw only, not a clock gate."
aubio,clean_eighths,syncopation_burst,burstCount=1,clean_eighths__syncop_burst1,clean_eighths__baseline,phase.phaseMeasured,bool,1.0,1.0,0.0,measured,measured,,"Edit-onsets perturbation. SPEC 19 'no tempo jump from one isolated syncopated event' is NOT-MEASURED offline; the step proxy is raw only, not a clock gate."
aubio,clean_eighths,syncopation_burst,burstCount=1,clean_eighths__syncop_burst1,clean_eighths__baseline,phase.phaseMeanMs,float,-15.4250001,-15.4250001,0.0,measured,measured,,"Edit-onsets perturbation. SPEC 19 'no tempo jump from one isolated syncopated event' is NOT-MEASURED offline; the step proxy is raw only, not a clock gate."
aubio,clean_eighths,syncopation_burst,burstCount=1,clean_eighths__syncop_burst1,clean_eighths__baseline,phase.phaseMeanAbsMs,float,15.4250001,15.4250001,0.0,measured,measured,,"Edit-onsets perturbation. SPEC 19 'no tempo jump from one isolated syncopated event' is NOT-MEASURED offline; the step proxy is raw only, not a clock gate."
aubio,clean_eighths,syncopation_burst,burstCount=1,clean_eighths__syncop_burst1,clean_eighths__baseline,phase.phaseP50AbsMs,float,15.4166663,15.4166663,0.0,measured,measured,,"Edit-onsets perturbation. SPEC 19 'no tempo jump from one isolated syncopated event' is NOT-MEASURED offline; the step proxy is raw only, not a clock gate."
aubio,clean_eighths,syncopation_burst,burstCount=1,clean_eighths__syncop_burst1,clean_eighths__baseline,phase.phaseP95AbsMs,float,29.0476193,29.0476193,0.0,measured,measured,,"Edit-onsets perturbation. SPEC 19 'no tempo jump from one isolated syncopated event' is NOT-MEASURED offline; the step proxy is raw only, not a clock gate."
aubio,clean_eighths,syncopation_burst,burstCount=1,clean_eighths__syncop_burst1,clean_eighths__baseline,ramp.hasRamp,bool,0.0,0.0,0.0,measured,measured,,"Edit-onsets perturbation. SPEC 19 'no tempo jump from one isolated syncopated event' is NOT-MEASURED offline; the step proxy is raw only, not a clock gate."
aubio,clean_eighths,syncopation_burst,burstCount=1,clean_eighths__syncop_burst1,clean_eighths__baseline,ramp.rampLocalTempoRelErrorMean,float,,,,missing,missing,requires hasRamp,"Edit-onsets perturbation. SPEC 19 'no tempo jump from one isolated syncopated event' is NOT-MEASURED offline; the step proxy is raw only, not a clock gate."
aubio,clean_eighths,syncopation_burst,burstCount=1,clean_eighths__syncop_burst1,clean_eighths__baseline,ramp.rampLocalTempoRelErrorWorst,float,,,,missing,missing,requires hasRamp,"Edit-onsets perturbation. SPEC 19 'no tempo jump from one isolated syncopated event' is NOT-MEASURED offline; the step proxy is raw only, not a clock gate."
aubio,clean_eighths,syncopation_burst,burstCount=1,clean_eighths__syncop_burst1,clean_eighths__baseline,syncopation.hasSyncopation,bool,0.0,0.0,0.0,measured,measured,,"Edit-onsets perturbation. SPEC 19 'no tempo jump from one isolated syncopated event' is NOT-MEASURED offline; the step proxy is raw only, not a clock gate."
aubio,clean_eighths,syncopation_burst,burstCount=1,clean_eighths__syncop_burst1,clean_eighths__baseline,syncopation.syncopationMaxStepFraction,float,,,,missing,missing,requires hasSyncopation,"Edit-onsets perturbation. SPEC 19 'no tempo jump from one isolated syncopated event' is NOT-MEASURED offline; the step proxy is raw only, not a clock gate."
aubio,clean_eighths,syncopation_burst,burstCount=1,clean_eighths__syncop_burst1,clean_eighths__baseline,syncopation.syncopationMaxDeviationFraction,float,,,,missing,missing,requires hasSyncopation,"Edit-onsets perturbation. SPEC 19 'no tempo jump from one isolated syncopated event' is NOT-MEASURED offline; the step proxy is raw only, not a clock gate."
aubio,clean_eighths,syncopation_burst,burstCount=1,clean_eighths__syncop_burst1,clean_eighths__baseline,resources.cpuSeconds,float,0.010032,0.011012,-0.00098,measured,measured,,"Edit-onsets perturbation. SPEC 19 'no tempo jump from one isolated syncopated event' is NOT-MEASURED offline; the step proxy is raw only, not a clock gate."
aubio,clean_eighths,syncopation_burst,burstCount=1,clean_eighths__syncop_burst1,clean_eighths__baseline,resources.allocationCount,int,4.0,4.0,0.0,measured,measured,,"Edit-onsets perturbation. SPEC 19 'no tempo jump from one isolated syncopated event' is NOT-MEASURED offline; the step proxy is raw only, not a clock gate."
aubio,clean_eighths,syncopation_burst,burstCount=4,clean_eighths__syncop_burst4,clean_eighths__baseline,detection.predictedBeats,int,5.0,5.0,0.0,measured,measured,,"Edit-onsets perturbation. SPEC 19 'no tempo jump from one isolated syncopated event' is NOT-MEASURED offline; the step proxy is raw only, not a clock gate."
aubio,clean_eighths,syncopation_burst,burstCount=4,clean_eighths__syncop_burst4,clean_eighths__baseline,detection.truePositives,int,5.0,5.0,0.0,measured,measured,,"Edit-onsets perturbation. SPEC 19 'no tempo jump from one isolated syncopated event' is NOT-MEASURED offline; the step proxy is raw only, not a clock gate."
aubio,clean_eighths,syncopation_burst,burstCount=4,clean_eighths__syncop_burst4,clean_eighths__baseline,detection.falsePositives,int,0.0,0.0,0.0,measured,measured,,"Edit-onsets perturbation. SPEC 19 'no tempo jump from one isolated syncopated event' is NOT-MEASURED offline; the step proxy is raw only, not a clock gate."
aubio,clean_eighths,syncopation_burst,burstCount=4,clean_eighths__syncop_burst4,clean_eighths__baseline,detection.falseNegatives,int,5.0,5.0,0.0,measured,measured,,"Edit-onsets perturbation. SPEC 19 'no tempo jump from one isolated syncopated event' is NOT-MEASURED offline; the step proxy is raw only, not a clock gate."
aubio,clean_eighths,syncopation_burst,burstCount=4,clean_eighths__syncop_burst4,clean_eighths__baseline,detection.precision,float,1.0,1.0,0.0,measured,measured,,"Edit-onsets perturbation. SPEC 19 'no tempo jump from one isolated syncopated event' is NOT-MEASURED offline; the step proxy is raw only, not a clock gate."
aubio,clean_eighths,syncopation_burst,burstCount=4,clean_eighths__syncop_burst4,clean_eighths__baseline,detection.recall,float,0.5,0.5,0.0,measured,measured,,"Edit-onsets perturbation. SPEC 19 'no tempo jump from one isolated syncopated event' is NOT-MEASURED offline; the step proxy is raw only, not a clock gate."
aubio,clean_eighths,syncopation_burst,burstCount=4,clean_eighths__syncop_burst4,clean_eighths__baseline,detection.fMeasure,float,0.666666667,0.666666667,0.0,measured,measured,,"Edit-onsets perturbation. SPEC 19 'no tempo jump from one isolated syncopated event' is NOT-MEASURED offline; the step proxy is raw only, not a clock gate."
aubio,clean_eighths,syncopation_burst,burstCount=4,clean_eighths__syncop_burst4,clean_eighths__baseline,acquisition.acquired,bool,1.0,1.0,0.0,measured,measured,,"Edit-onsets perturbation. SPEC 19 'no tempo jump from one isolated syncopated event' is NOT-MEASURED offline; the step proxy is raw only, not a clock gate."
aubio,clean_eighths,syncopation_burst,burstCount=4,clean_eighths__syncop_burst4,clean_eighths__baseline,acquisition.acquisitionBars,float,1.24918281,1.24905156,0.00013125,measured,measured,,"Edit-onsets perturbation. SPEC 19 'no tempo jump from one isolated syncopated event' is NOT-MEASURED offline; the step proxy is raw only, not a clock gate."
aubio,clean_eighths,syncopation_burst,burstCount=4,clean_eighths__syncop_burst4,clean_eighths__baseline,acquisition.acquisitionSeconds,float,2.37939583,2.37914583,0.00025,measured,measured,,"Edit-onsets perturbation. SPEC 19 'no tempo jump from one isolated syncopated event' is NOT-MEASURED offline; the step proxy is raw only, not a clock gate."
aubio,clean_eighths,syncopation_burst,burstCount=4,clean_eighths__syncop_burst4,clean_eighths__baseline,acquisition.acquisitionBeats,float,4.99673125,4.99620625,0.000525,measured,measured,,"Edit-onsets perturbation. SPEC 19 'no tempo jump from one isolated syncopated event' is NOT-MEASURED offline; the step proxy is raw only, not a clock gate."
aubio,clean_eighths,syncopation_burst,burstCount=4,clean_eighths__syncop_burst4,clean_eighths__baseline,bpm.hasBpmLock,bool,1.0,1.0,0.0,measured,measured,,"Edit-onsets perturbation. SPEC 19 'no tempo jump from one isolated syncopated event' is NOT-MEASURED offline; the step proxy is raw only, not a clock gate."
aubio,clean_eighths,syncopation_burst,burstCount=4,clean_eighths__syncop_burst4,clean_eighths__baseline,bpm.lockedBpm,float,127.759453,127.827675,-0.068222,measured,measured,,"Edit-onsets perturbation. SPEC 19 'no tempo jump from one isolated syncopated event' is NOT-MEASURED offline; the step proxy is raw only, not a clock gate."
aubio,clean_eighths,syncopation_burst,burstCount=4,clean_eighths__syncop_burst4,clean_eighths__baseline,bpm.bpmRelativeError,float,0.013963911,0.014505356,-0.000541445,measured,measured,,"Edit-onsets perturbation. SPEC 19 'no tempo jump from one isolated syncopated event' is NOT-MEASURED offline; the step proxy is raw only, not a clock gate."
aubio,clean_eighths,syncopation_burst,burstCount=4,clean_eighths__syncop_burst4,clean_eighths__baseline,bpm.spec2pctWithin,bool,1.0,1.0,0.0,measured,measured,,"Edit-onsets perturbation. SPEC 19 'no tempo jump from one isolated syncopated event' is NOT-MEASURED offline; the step proxy is raw only, not a clock gate."
aubio,clean_eighths,syncopation_burst,burstCount=4,clean_eighths__syncop_burst4,clean_eighths__baseline,bpm.spec2pctNormalized,float,0.69819555,0.7252678,-0.02707225,measured,measured,,"Edit-onsets perturbation. SPEC 19 'no tempo jump from one isolated syncopated event' is NOT-MEASURED offline; the step proxy is raw only, not a clock gate."
aubio,clean_eighths,syncopation_burst,burstCount=4,clean_eighths__syncop_burst4,clean_eighths__baseline,halfDouble.halfTimeLock,bool,0.0,0.0,0.0,measured,measured,,"Edit-onsets perturbation. SPEC 19 'no tempo jump from one isolated syncopated event' is NOT-MEASURED offline; the step proxy is raw only, not a clock gate."
aubio,clean_eighths,syncopation_burst,burstCount=4,clean_eighths__syncop_burst4,clean_eighths__baseline,halfDouble.doubleTimeLock,bool,0.0,0.0,0.0,measured,measured,,"Edit-onsets perturbation. SPEC 19 'no tempo jump from one isolated syncopated event' is NOT-MEASURED offline; the step proxy is raw only, not a clock gate."
aubio,clean_eighths,syncopation_burst,burstCount=4,clean_eighths__syncop_burst4,clean_eighths__baseline,halfDouble.halfDoubleTimeError,bool,0.0,0.0,0.0,measured,measured,,"Edit-onsets perturbation. SPEC 19 'no tempo jump from one isolated syncopated event' is NOT-MEASURED offline; the step proxy is raw only, not a clock gate."
aubio,clean_eighths,syncopation_burst,burstCount=4,clean_eighths__syncop_burst4,clean_eighths__baseline,silence.trueSilenceMeasured,bool,1.0,1.0,0.0,measured,measured,,"Edit-onsets perturbation. SPEC 19 'no tempo jump from one isolated syncopated event' is NOT-MEASURED offline; the step proxy is raw only, not a clock gate."
aubio,clean_eighths,syncopation_burst,burstCount=4,clean_eighths__syncop_burst4,clean_eighths__baseline,silence.falseBeatCoverage,str,Measured,Measured,,measured,measured,,"Edit-onsets perturbation. SPEC 19 'no tempo jump from one isolated syncopated event' is NOT-MEASURED offline; the step proxy is raw only, not a clock gate."
aubio,clean_eighths,syncopation_burst,burstCount=4,clean_eighths__syncop_burst4,clean_eighths__baseline,silence.falseBeatsInTrueSilence,int,0.0,0.0,0.0,measured,measured,,"Edit-onsets perturbation. SPEC 19 'no tempo jump from one isolated syncopated event' is NOT-MEASURED offline; the step proxy is raw only, not a clock gate."
aubio,clean_eighths,syncopation_burst,burstCount=4,clean_eighths__syncop_burst4,clean_eighths__baseline,silence.falseBeatsInTrueSilencePerSecond,float,0.0,0.0,0.0,measured,measured,,"Edit-onsets perturbation. SPEC 19 'no tempo jump from one isolated syncopated event' is NOT-MEASURED offline; the step proxy is raw only, not a clock gate."
aubio,clean_eighths,syncopation_burst,burstCount=4,clean_eighths__syncop_burst4,clean_eighths__baseline,silence.maxSilenceTempoIncreaseBpm,float,,,,missing,missing,requires silenceAccelerationMeasured,"Edit-onsets perturbation. SPEC 19 'no tempo jump from one isolated syncopated event' is NOT-MEASURED offline; the step proxy is raw only, not a clock gate."
aubio,clean_eighths,syncopation_burst,burstCount=4,clean_eighths__syncop_burst4,clean_eighths__baseline,silence.falseBeatsInUnplayedBeatWindowsPerSecond,float,0.0,0.0,0.0,measured,measured,,"Edit-onsets perturbation. SPEC 19 'no tempo jump from one isolated syncopated event' is NOT-MEASURED offline; the step proxy is raw only, not a clock gate."
aubio,clean_eighths,syncopation_burst,burstCount=4,clean_eighths__syncop_burst4,clean_eighths__baseline,silence.falseBeatsOffGridInUnplayedBeatWindowsPerSecond,float,0.0,0.0,0.0,measured,measured,,"Edit-onsets perturbation. SPEC 19 'no tempo jump from one isolated syncopated event' is NOT-MEASURED offline; the step proxy is raw only, not a clock gate."
aubio,clean_eighths,syncopation_burst,burstCount=4,clean_eighths__syncop_burst4,clean_eighths__baseline,timing.beatsReportedByBackend,int,5.0,5.0,0.0,measured,measured,,"Edit-onsets perturbation. SPEC 19 'no tempo jump from one isolated syncopated event' is NOT-MEASURED offline; the step proxy is raw only, not a clock gate."
aubio,clean_eighths,syncopation_burst,burstCount=4,clean_eighths__syncop_burst4,clean_eighths__baseline,timing.beatsStampAtBlockStart,int,0.0,0.0,0.0,measured,measured,,"Edit-onsets perturbation. SPEC 19 'no tempo jump from one isolated syncopated event' is NOT-MEASURED offline; the step proxy is raw only, not a clock gate."
aubio,clean_eighths,syncopation_burst,burstCount=4,clean_eighths__syncop_burst4,clean_eighths__baseline,timing.beatsRejectedNonCausal,int,0.0,0.0,0.0,measured,measured,,"Edit-onsets perturbation. SPEC 19 'no tempo jump from one isolated syncopated event' is NOT-MEASURED offline; the step proxy is raw only, not a clock gate."
aubio,clean_eighths,syncopation_burst,burstCount=4,clean_eighths__syncop_burst4,clean_eighths__baseline,timing.rateMismatchBlocks,int,0.0,0.0,0.0,measured,measured,,"Edit-onsets perturbation. SPEC 19 'no tempo jump from one isolated syncopated event' is NOT-MEASURED offline; the step proxy is raw only, not a clock gate."
aubio,clean_eighths,syncopation_burst,burstCount=4,clean_eighths__syncop_burst4,clean_eighths__baseline,timing.causalAvailabilityMeanSeconds,float,0.000675,0.001425,-0.00075,measured,measured,,"Edit-onsets perturbation. SPEC 19 'no tempo jump from one isolated syncopated event' is NOT-MEASURED offline; the step proxy is raw only, not a clock gate."
aubio,clean_eighths,syncopation_burst,burstCount=4,clean_eighths__syncop_burst4,clean_eighths__baseline,timing.causalAvailabilityMaxSeconds,float,0.001270833,0.001520833,-0.00025,measured,measured,,"Edit-onsets perturbation. SPEC 19 'no tempo jump from one isolated syncopated event' is NOT-MEASURED offline; the step proxy is raw only, not a clock gate."
aubio,clean_eighths,syncopation_burst,burstCount=4,clean_eighths__syncop_burst4,clean_eighths__baseline,phase.phaseMeasured,bool,1.0,1.0,0.0,measured,measured,,"Edit-onsets perturbation. SPEC 19 'no tempo jump from one isolated syncopated event' is NOT-MEASURED offline; the step proxy is raw only, not a clock gate."
aubio,clean_eighths,syncopation_burst,burstCount=4,clean_eighths__syncop_burst4,clean_eighths__baseline,phase.phaseMeanMs,float,-14.6750001,-15.4250001,0.75,measured,measured,,"Edit-onsets perturbation. SPEC 19 'no tempo jump from one isolated syncopated event' is NOT-MEASURED offline; the step proxy is raw only, not a clock gate."
aubio,clean_eighths,syncopation_burst,burstCount=4,clean_eighths__syncop_burst4,clean_eighths__baseline,phase.phaseMeanAbsMs,float,14.6750001,15.4250001,-0.75,measured,measured,,"Edit-onsets perturbation. SPEC 19 'no tempo jump from one isolated syncopated event' is NOT-MEASURED offline; the step proxy is raw only, not a clock gate."
aubio,clean_eighths,syncopation_burst,burstCount=4,clean_eighths__syncop_burst4,clean_eighths__baseline,phase.phaseP50AbsMs,float,14.6666663,15.4166663,-0.75,measured,measured,,"Edit-onsets perturbation. SPEC 19 'no tempo jump from one isolated syncopated event' is NOT-MEASURED offline; the step proxy is raw only, not a clock gate."
aubio,clean_eighths,syncopation_burst,burstCount=4,clean_eighths__syncop_burst4,clean_eighths__baseline,phase.phaseP95AbsMs,float,27.7976193,29.0476193,-1.25,measured,measured,,"Edit-onsets perturbation. SPEC 19 'no tempo jump from one isolated syncopated event' is NOT-MEASURED offline; the step proxy is raw only, not a clock gate."
aubio,clean_eighths,syncopation_burst,burstCount=4,clean_eighths__syncop_burst4,clean_eighths__baseline,ramp.hasRamp,bool,0.0,0.0,0.0,measured,measured,,"Edit-onsets perturbation. SPEC 19 'no tempo jump from one isolated syncopated event' is NOT-MEASURED offline; the step proxy is raw only, not a clock gate."
aubio,clean_eighths,syncopation_burst,burstCount=4,clean_eighths__syncop_burst4,clean_eighths__baseline,ramp.rampLocalTempoRelErrorMean,float,,,,missing,missing,requires hasRamp,"Edit-onsets perturbation. SPEC 19 'no tempo jump from one isolated syncopated event' is NOT-MEASURED offline; the step proxy is raw only, not a clock gate."
aubio,clean_eighths,syncopation_burst,burstCount=4,clean_eighths__syncop_burst4,clean_eighths__baseline,ramp.rampLocalTempoRelErrorWorst,float,,,,missing,missing,requires hasRamp,"Edit-onsets perturbation. SPEC 19 'no tempo jump from one isolated syncopated event' is NOT-MEASURED offline; the step proxy is raw only, not a clock gate."
aubio,clean_eighths,syncopation_burst,burstCount=4,clean_eighths__syncop_burst4,clean_eighths__baseline,syncopation.hasSyncopation,bool,0.0,0.0,0.0,measured,measured,,"Edit-onsets perturbation. SPEC 19 'no tempo jump from one isolated syncopated event' is NOT-MEASURED offline; the step proxy is raw only, not a clock gate."
aubio,clean_eighths,syncopation_burst,burstCount=4,clean_eighths__syncop_burst4,clean_eighths__baseline,syncopation.syncopationMaxStepFraction,float,,,,missing,missing,requires hasSyncopation,"Edit-onsets perturbation. SPEC 19 'no tempo jump from one isolated syncopated event' is NOT-MEASURED offline; the step proxy is raw only, not a clock gate."
aubio,clean_eighths,syncopation_burst,burstCount=4,clean_eighths__syncop_burst4,clean_eighths__baseline,syncopation.syncopationMaxDeviationFraction,float,,,,missing,missing,requires hasSyncopation,"Edit-onsets perturbation. SPEC 19 'no tempo jump from one isolated syncopated event' is NOT-MEASURED offline; the step proxy is raw only, not a clock gate."
aubio,clean_eighths,syncopation_burst,burstCount=4,clean_eighths__syncop_burst4,clean_eighths__baseline,resources.cpuSeconds,float,0.010081,0.011012,-0.000931,measured,measured,,"Edit-onsets perturbation. SPEC 19 'no tempo jump from one isolated syncopated event' is NOT-MEASURED offline; the step proxy is raw only, not a clock gate."
aubio,clean_eighths,syncopation_burst,burstCount=4,clean_eighths__syncop_burst4,clean_eighths__baseline,resources.allocationCount,int,4.0,4.0,0.0,measured,measured,,"Edit-onsets perturbation. SPEC 19 'no tempo jump from one isolated syncopated event' is NOT-MEASURED offline; the step proxy is raw only, not a clock gate."
aubio,clean_eighths,tempo_step,ratio=0.85,clean_eighths__tempo_step_0.85,clean_eighths__baseline,detection.predictedBeats,int,6.0,5.0,1.0,measured,measured,,"Duration differs from the paired baseline (tape-speed warp). Detection counts, acquisition and silence occupancy are NOT length-commensurable; compare tempo/phase within the clip."
aubio,clean_eighths,tempo_step,ratio=0.85,clean_eighths__tempo_step_0.85,clean_eighths__baseline,detection.truePositives,int,1.0,5.0,-4.0,measured,measured,,"Duration differs from the paired baseline (tape-speed warp). Detection counts, acquisition and silence occupancy are NOT length-commensurable; compare tempo/phase within the clip."
aubio,clean_eighths,tempo_step,ratio=0.85,clean_eighths__tempo_step_0.85,clean_eighths__baseline,detection.falsePositives,int,5.0,0.0,5.0,measured,measured,,"Duration differs from the paired baseline (tape-speed warp). Detection counts, acquisition and silence occupancy are NOT length-commensurable; compare tempo/phase within the clip."
aubio,clean_eighths,tempo_step,ratio=0.85,clean_eighths__tempo_step_0.85,clean_eighths__baseline,detection.falseNegatives,int,9.0,5.0,4.0,measured,measured,,"Duration differs from the paired baseline (tape-speed warp). Detection counts, acquisition and silence occupancy are NOT length-commensurable; compare tempo/phase within the clip."
aubio,clean_eighths,tempo_step,ratio=0.85,clean_eighths__tempo_step_0.85,clean_eighths__baseline,detection.precision,float,0.166666667,1.0,-0.833333333,measured,measured,,"Duration differs from the paired baseline (tape-speed warp). Detection counts, acquisition and silence occupancy are NOT length-commensurable; compare tempo/phase within the clip."
aubio,clean_eighths,tempo_step,ratio=0.85,clean_eighths__tempo_step_0.85,clean_eighths__baseline,detection.recall,float,0.1,0.5,-0.4,measured,measured,,"Duration differs from the paired baseline (tape-speed warp). Detection counts, acquisition and silence occupancy are NOT length-commensurable; compare tempo/phase within the clip."
aubio,clean_eighths,tempo_step,ratio=0.85,clean_eighths__tempo_step_0.85,clean_eighths__baseline,detection.fMeasure,float,0.125,0.666666667,-0.541666667,measured,measured,,"Duration differs from the paired baseline (tape-speed warp). Detection counts, acquisition and silence occupancy are NOT length-commensurable; compare tempo/phase within the clip."
aubio,clean_eighths,tempo_step,ratio=0.85,clean_eighths__tempo_step_0.85,clean_eighths__baseline,acquisition.acquired,bool,0.0,1.0,-1.0,measured,measured,,"Duration differs from the paired baseline (tape-speed warp). Detection counts, acquisition and silence occupancy are NOT length-commensurable; compare tempo/phase within the clip."
aubio,clean_eighths,tempo_step,ratio=0.85,clean_eighths__tempo_step_0.85,clean_eighths__baseline,acquisition.acquisitionBars,float,,1.24905156,,missing,measured,requires acquired,"Duration differs from the paired baseline (tape-speed warp). Detection counts, acquisition and silence occupancy are NOT length-commensurable; compare tempo/phase within the clip."
aubio,clean_eighths,tempo_step,ratio=0.85,clean_eighths__tempo_step_0.85,clean_eighths__baseline,acquisition.acquisitionSeconds,float,,2.37914583,,missing,measured,requires acquired,"Duration differs from the paired baseline (tape-speed warp). Detection counts, acquisition and silence occupancy are NOT length-commensurable; compare tempo/phase within the clip."
aubio,clean_eighths,tempo_step,ratio=0.85,clean_eighths__tempo_step_0.85,clean_eighths__baseline,acquisition.acquisitionBeats,float,,4.99620625,,missing,measured,requires acquired,"Duration differs from the paired baseline (tape-speed warp). Detection counts, acquisition and silence occupancy are NOT length-commensurable; compare tempo/phase within the clip."
aubio,clean_eighths,tempo_step,ratio=0.85,clean_eighths__tempo_step_0.85,clean_eighths__baseline,bpm.hasBpmLock,bool,1.0,1.0,0.0,measured,measured,,"Duration differs from the paired baseline (tape-speed warp). Detection counts, acquisition and silence occupancy are NOT length-commensurable; compare tempo/phase within the clip."
aubio,clean_eighths,tempo_step,ratio=0.85,clean_eighths__tempo_step_0.85,clean_eighths__baseline,bpm.lockedBpm,float,127.796486,127.827675,-0.031189,measured,measured,,"Duration differs from the paired baseline (tape-speed warp). Detection counts, acquisition and silence occupancy are NOT length-commensurable; compare tempo/phase within the clip."
aubio,clean_eighths,tempo_step,ratio=0.85,clean_eighths__tempo_step_0.85,clean_eighths__baseline,bpm.bpmRelativeError,float,,0.014505356,,missing,measured,requires hasNominalBpm,"Duration differs from the paired baseline (tape-speed warp). Detection counts, acquisition and silence occupancy are NOT length-commensurable; compare tempo/phase within the clip."
aubio,clean_eighths,tempo_step,ratio=0.85,clean_eighths__tempo_step_0.85,clean_eighths__baseline,bpm.spec2pctWithin,bool,,1.0,,missing,measured,requires hasNominalBpm,"Duration differs from the paired baseline (tape-speed warp). Detection counts, acquisition and silence occupancy are NOT length-commensurable; compare tempo/phase within the clip."
aubio,clean_eighths,tempo_step,ratio=0.85,clean_eighths__tempo_step_0.85,clean_eighths__baseline,bpm.spec2pctNormalized,float,,0.7252678,,missing,measured,requires hasNominalBpm,"Duration differs from the paired baseline (tape-speed warp). Detection counts, acquisition and silence occupancy are NOT length-commensurable; compare tempo/phase within the clip."
aubio,clean_eighths,tempo_step,ratio=0.85,clean_eighths__tempo_step_0.85,clean_eighths__baseline,halfDouble.halfTimeLock,bool,,0.0,,missing,measured,requires hasNominalBpm,"Duration differs from the paired baseline (tape-speed warp). Detection counts, acquisition and silence occupancy are NOT length-commensurable; compare tempo/phase within the clip."
aubio,clean_eighths,tempo_step,ratio=0.85,clean_eighths__tempo_step_0.85,clean_eighths__baseline,halfDouble.doubleTimeLock,bool,,0.0,,missing,measured,requires hasNominalBpm,"Duration differs from the paired baseline (tape-speed warp). Detection counts, acquisition and silence occupancy are NOT length-commensurable; compare tempo/phase within the clip."
aubio,clean_eighths,tempo_step,ratio=0.85,clean_eighths__tempo_step_0.85,clean_eighths__baseline,halfDouble.halfDoubleTimeError,bool,,0.0,,missing,measured,requires hasNominalBpm,"Duration differs from the paired baseline (tape-speed warp). Detection counts, acquisition and silence occupancy are NOT length-commensurable; compare tempo/phase within the clip."
aubio,clean_eighths,tempo_step,ratio=0.85,clean_eighths__tempo_step_0.85,clean_eighths__baseline,silence.trueSilenceMeasured,bool,1.0,1.0,0.0,measured,measured,,"Duration differs from the paired baseline (tape-speed warp). Detection counts, acquisition and silence occupancy are NOT length-commensurable; compare tempo/phase within the clip."
aubio,clean_eighths,tempo_step,ratio=0.85,clean_eighths__tempo_step_0.85,clean_eighths__baseline,silence.falseBeatCoverage,str,Measured,Measured,,measured,measured,,"Duration differs from the paired baseline (tape-speed warp). Detection counts, acquisition and silence occupancy are NOT length-commensurable; compare tempo/phase within the clip."
aubio,clean_eighths,tempo_step,ratio=0.85,clean_eighths__tempo_step_0.85,clean_eighths__baseline,silence.falseBeatsInTrueSilence,int,0.0,0.0,0.0,measured,measured,,"Duration differs from the paired baseline (tape-speed warp). Detection counts, acquisition and silence occupancy are NOT length-commensurable; compare tempo/phase within the clip."
aubio,clean_eighths,tempo_step,ratio=0.85,clean_eighths__tempo_step_0.85,clean_eighths__baseline,silence.falseBeatsInTrueSilencePerSecond,float,0.0,0.0,0.0,measured,measured,,"Duration differs from the paired baseline (tape-speed warp). Detection counts, acquisition and silence occupancy are NOT length-commensurable; compare tempo/phase within the clip."
aubio,clean_eighths,tempo_step,ratio=0.85,clean_eighths__tempo_step_0.85,clean_eighths__baseline,silence.maxSilenceTempoIncreaseBpm,float,,,,missing,missing,requires silenceAccelerationMeasured,"Duration differs from the paired baseline (tape-speed warp). Detection counts, acquisition and silence occupancy are NOT length-commensurable; compare tempo/phase within the clip."
aubio,clean_eighths,tempo_step,ratio=0.85,clean_eighths__tempo_step_0.85,clean_eighths__baseline,silence.falseBeatsInUnplayedBeatWindowsPerSecond,float,0.0,0.0,0.0,measured,measured,,"Duration differs from the paired baseline (tape-speed warp). Detection counts, acquisition and silence occupancy are NOT length-commensurable; compare tempo/phase within the clip."
aubio,clean_eighths,tempo_step,ratio=0.85,clean_eighths__tempo_step_0.85,clean_eighths__baseline,silence.falseBeatsOffGridInUnplayedBeatWindowsPerSecond,float,0.0,0.0,0.0,measured,measured,,"Duration differs from the paired baseline (tape-speed warp). Detection counts, acquisition and silence occupancy are NOT length-commensurable; compare tempo/phase within the clip."
aubio,clean_eighths,tempo_step,ratio=0.85,clean_eighths__tempo_step_0.85,clean_eighths__baseline,timing.beatsReportedByBackend,int,6.0,5.0,1.0,measured,measured,,"Duration differs from the paired baseline (tape-speed warp). Detection counts, acquisition and silence occupancy are NOT length-commensurable; compare tempo/phase within the clip."
aubio,clean_eighths,tempo_step,ratio=0.85,clean_eighths__tempo_step_0.85,clean_eighths__baseline,timing.beatsStampAtBlockStart,int,0.0,0.0,0.0,measured,measured,,"Duration differs from the paired baseline (tape-speed warp). Detection counts, acquisition and silence occupancy are NOT length-commensurable; compare tempo/phase within the clip."
aubio,clean_eighths,tempo_step,ratio=0.85,clean_eighths__tempo_step_0.85,clean_eighths__baseline,timing.beatsRejectedNonCausal,int,0.0,0.0,0.0,measured,measured,,"Duration differs from the paired baseline (tape-speed warp). Detection counts, acquisition and silence occupancy are NOT length-commensurable; compare tempo/phase within the clip."
aubio,clean_eighths,tempo_step,ratio=0.85,clean_eighths__tempo_step_0.85,clean_eighths__baseline,timing.rateMismatchBlocks,int,0.0,0.0,0.0,measured,measured,,"Duration differs from the paired baseline (tape-speed warp). Detection counts, acquisition and silence occupancy are NOT length-commensurable; compare tempo/phase within the clip."
aubio,clean_eighths,tempo_step,ratio=0.85,clean_eighths__tempo_step_0.85,clean_eighths__baseline,timing.causalAvailabilityMeanSeconds,float,0.001243056,0.001425,-0.000181944,measured,measured,,"Duration differs from the paired baseline (tape-speed warp). Detection counts, acquisition and silence occupancy are NOT length-commensurable; compare tempo/phase within the clip."
aubio,clean_eighths,tempo_step,ratio=0.85,clean_eighths__tempo_step_0.85,clean_eighths__baseline,timing.causalAvailabilityMaxSeconds,float,0.001645833,0.001520833,0.000125,measured,measured,,"Duration differs from the paired baseline (tape-speed warp). Detection counts, acquisition and silence occupancy are NOT length-commensurable; compare tempo/phase within the clip."
aubio,clean_eighths,tempo_step,ratio=0.85,clean_eighths__tempo_step_0.85,clean_eighths__baseline,phase.phaseMeasured,bool,1.0,1.0,0.0,measured,measured,,"Duration differs from the paired baseline (tape-speed warp). Detection counts, acquisition and silence occupancy are NOT length-commensurable; compare tempo/phase within the clip."
aubio,clean_eighths,tempo_step,ratio=0.85,clean_eighths__tempo_step_0.85,clean_eighths__baseline,phase.phaseMeanMs,float,20.617647,-15.4250001,36.0426471,measured,measured,,"Duration differs from the paired baseline (tape-speed warp). Detection counts, acquisition and silence occupancy are NOT length-commensurable; compare tempo/phase within the clip."
aubio,clean_eighths,tempo_step,ratio=0.85,clean_eighths__tempo_step_0.85,clean_eighths__baseline,phase.phaseMeanAbsMs,float,20.617647,15.4250001,5.1926469,measured,measured,,"Duration differs from the paired baseline (tape-speed warp). Detection counts, acquisition and silence occupancy are NOT length-commensurable; compare tempo/phase within the clip."
aubio,clean_eighths,tempo_step,ratio=0.85,clean_eighths__tempo_step_0.85,clean_eighths__baseline,phase.phaseP50AbsMs,float,20.617647,15.4166663,5.2009807,measured,measured,,"Duration differs from the paired baseline (tape-speed warp). Detection counts, acquisition and silence occupancy are NOT length-commensurable; compare tempo/phase within the clip."
aubio,clean_eighths,tempo_step,ratio=0.85,clean_eighths__tempo_step_0.85,clean_eighths__baseline,phase.phaseP95AbsMs,float,20.617647,29.0476193,-8.4299723,measured,measured,,"Duration differs from the paired baseline (tape-speed warp). Detection counts, acquisition and silence occupancy are NOT length-commensurable; compare tempo/phase within the clip."
aubio,clean_eighths,tempo_step,ratio=0.85,clean_eighths__tempo_step_0.85,clean_eighths__baseline,ramp.hasRamp,bool,0.0,0.0,0.0,measured,measured,,"Duration differs from the paired baseline (tape-speed warp). Detection counts, acquisition and silence occupancy are NOT length-commensurable; compare tempo/phase within the clip."
aubio,clean_eighths,tempo_step,ratio=0.85,clean_eighths__tempo_step_0.85,clean_eighths__baseline,ramp.rampLocalTempoRelErrorMean,float,,,,missing,missing,requires hasRamp,"Duration differs from the paired baseline (tape-speed warp). Detection counts, acquisition and silence occupancy are NOT length-commensurable; compare tempo/phase within the clip."
aubio,clean_eighths,tempo_step,ratio=0.85,clean_eighths__tempo_step_0.85,clean_eighths__baseline,ramp.rampLocalTempoRelErrorWorst,float,,,,missing,missing,requires hasRamp,"Duration differs from the paired baseline (tape-speed warp). Detection counts, acquisition and silence occupancy are NOT length-commensurable; compare tempo/phase within the clip."
aubio,clean_eighths,tempo_step,ratio=0.85,clean_eighths__tempo_step_0.85,clean_eighths__baseline,syncopation.hasSyncopation,bool,0.0,0.0,0.0,measured,measured,,"Duration differs from the paired baseline (tape-speed warp). Detection counts, acquisition and silence occupancy are NOT length-commensurable; compare tempo/phase within the clip."
aubio,clean_eighths,tempo_step,ratio=0.85,clean_eighths__tempo_step_0.85,clean_eighths__baseline,syncopation.syncopationMaxStepFraction,float,,,,missing,missing,requires hasSyncopation,"Duration differs from the paired baseline (tape-speed warp). Detection counts, acquisition and silence occupancy are NOT length-commensurable; compare tempo/phase within the clip."
aubio,clean_eighths,tempo_step,ratio=0.85,clean_eighths__tempo_step_0.85,clean_eighths__baseline,syncopation.syncopationMaxDeviationFraction,float,,,,missing,missing,requires hasSyncopation,"Duration differs from the paired baseline (tape-speed warp). Detection counts, acquisition and silence occupancy are NOT length-commensurable; compare tempo/phase within the clip."
aubio,clean_eighths,tempo_step,ratio=0.85,clean_eighths__tempo_step_0.85,clean_eighths__baseline,resources.cpuSeconds,float,0.011526,0.011012,0.000514,measured,measured,,"Duration differs from the paired baseline (tape-speed warp). Detection counts, acquisition and silence occupancy are NOT length-commensurable; compare tempo/phase within the clip."
aubio,clean_eighths,tempo_step,ratio=0.85,clean_eighths__tempo_step_0.85,clean_eighths__baseline,resources.allocationCount,int,4.0,4.0,0.0,measured,measured,,"Duration differs from the paired baseline (tape-speed warp). Detection counts, acquisition and silence occupancy are NOT length-commensurable; compare tempo/phase within the clip."
aubio,clean_eighths,tempo_step,ratio=1.25,clean_eighths__tempo_step_1.25,clean_eighths__baseline,detection.predictedBeats,int,3.0,5.0,-2.0,measured,measured,,"Duration differs from the paired baseline (tape-speed warp). Detection counts, acquisition and silence occupancy are NOT length-commensurable; compare tempo/phase within the clip."
aubio,clean_eighths,tempo_step,ratio=1.25,clean_eighths__tempo_step_1.25,clean_eighths__baseline,detection.truePositives,int,0.0,5.0,-5.0,measured,measured,,"Duration differs from the paired baseline (tape-speed warp). Detection counts, acquisition and silence occupancy are NOT length-commensurable; compare tempo/phase within the clip."
aubio,clean_eighths,tempo_step,ratio=1.25,clean_eighths__tempo_step_1.25,clean_eighths__baseline,detection.falsePositives,int,3.0,0.0,3.0,measured,measured,,"Duration differs from the paired baseline (tape-speed warp). Detection counts, acquisition and silence occupancy are NOT length-commensurable; compare tempo/phase within the clip."
aubio,clean_eighths,tempo_step,ratio=1.25,clean_eighths__tempo_step_1.25,clean_eighths__baseline,detection.falseNegatives,int,10.0,5.0,5.0,measured,measured,,"Duration differs from the paired baseline (tape-speed warp). Detection counts, acquisition and silence occupancy are NOT length-commensurable; compare tempo/phase within the clip."
aubio,clean_eighths,tempo_step,ratio=1.25,clean_eighths__tempo_step_1.25,clean_eighths__baseline,detection.precision,float,0.0,1.0,-1.0,measured,measured,,"Duration differs from the paired baseline (tape-speed warp). Detection counts, acquisition and silence occupancy are NOT length-commensurable; compare tempo/phase within the clip."
aubio,clean_eighths,tempo_step,ratio=1.25,clean_eighths__tempo_step_1.25,clean_eighths__baseline,detection.recall,float,0.0,0.5,-0.5,measured,measured,,"Duration differs from the paired baseline (tape-speed warp). Detection counts, acquisition and silence occupancy are NOT length-commensurable; compare tempo/phase within the clip."
aubio,clean_eighths,tempo_step,ratio=1.25,clean_eighths__tempo_step_1.25,clean_eighths__baseline,detection.fMeasure,float,0.0,0.666666667,-0.666666667,measured,measured,,"Duration differs from the paired baseline (tape-speed warp). Detection counts, acquisition and silence occupancy are NOT length-commensurable; compare tempo/phase within the clip."
aubio,clean_eighths,tempo_step,ratio=1.25,clean_eighths__tempo_step_1.25,clean_eighths__baseline,acquisition.acquired,bool,0.0,1.0,-1.0,measured,measured,,"Duration differs from the paired baseline (tape-speed warp). Detection counts, acquisition and silence occupancy are NOT length-commensurable; compare tempo/phase within the clip."
aubio,clean_eighths,tempo_step,ratio=1.25,clean_eighths__tempo_step_1.25,clean_eighths__baseline,acquisition.acquisitionBars,float,,1.24905156,,missing,measured,requires acquired,"Duration differs from the paired baseline (tape-speed warp). Detection counts, acquisition and silence occupancy are NOT length-commensurable; compare tempo/phase within the clip."
aubio,clean_eighths,tempo_step,ratio=1.25,clean_eighths__tempo_step_1.25,clean_eighths__baseline,acquisition.acquisitionSeconds,float,,2.37914583,,missing,measured,requires acquired,"Duration differs from the paired baseline (tape-speed warp). Detection counts, acquisition and silence occupancy are NOT length-commensurable; compare tempo/phase within the clip."
aubio,clean_eighths,tempo_step,ratio=1.25,clean_eighths__tempo_step_1.25,clean_eighths__baseline,acquisition.acquisitionBeats,float,,4.99620625,,missing,measured,requires acquired,"Duration differs from the paired baseline (tape-speed warp). Detection counts, acquisition and silence occupancy are NOT length-commensurable; compare tempo/phase within the clip."
aubio,clean_eighths,tempo_step,ratio=1.25,clean_eighths__tempo_step_1.25,clean_eighths__baseline,bpm.hasBpmLock,bool,1.0,1.0,0.0,measured,measured,,"Duration differs from the paired baseline (tape-speed warp). Detection counts, acquisition and silence occupancy are NOT length-commensurable; compare tempo/phase within the clip."
aubio,clean_eighths,tempo_step,ratio=1.25,clean_eighths__tempo_step_1.25,clean_eighths__baseline,bpm.lockedBpm,float,127.814087,127.827675,-0.013588,measured,measured,,"Duration differs from the paired baseline (tape-speed warp). Detection counts, acquisition and silence occupancy are NOT length-commensurable; compare tempo/phase within the clip."
aubio,clean_eighths,tempo_step,ratio=1.25,clean_eighths__tempo_step_1.25,clean_eighths__baseline,bpm.bpmRelativeError,float,,0.014505356,,missing,measured,requires hasNominalBpm,"Duration differs from the paired baseline (tape-speed warp). Detection counts, acquisition and silence occupancy are NOT length-commensurable; compare tempo/phase within the clip."
aubio,clean_eighths,tempo_step,ratio=1.25,clean_eighths__tempo_step_1.25,clean_eighths__baseline,bpm.spec2pctWithin,bool,,1.0,,missing,measured,requires hasNominalBpm,"Duration differs from the paired baseline (tape-speed warp). Detection counts, acquisition and silence occupancy are NOT length-commensurable; compare tempo/phase within the clip."
aubio,clean_eighths,tempo_step,ratio=1.25,clean_eighths__tempo_step_1.25,clean_eighths__baseline,bpm.spec2pctNormalized,float,,0.7252678,,missing,measured,requires hasNominalBpm,"Duration differs from the paired baseline (tape-speed warp). Detection counts, acquisition and silence occupancy are NOT length-commensurable; compare tempo/phase within the clip."
aubio,clean_eighths,tempo_step,ratio=1.25,clean_eighths__tempo_step_1.25,clean_eighths__baseline,halfDouble.halfTimeLock,bool,,0.0,,missing,measured,requires hasNominalBpm,"Duration differs from the paired baseline (tape-speed warp). Detection counts, acquisition and silence occupancy are NOT length-commensurable; compare tempo/phase within the clip."
aubio,clean_eighths,tempo_step,ratio=1.25,clean_eighths__tempo_step_1.25,clean_eighths__baseline,halfDouble.doubleTimeLock,bool,,0.0,,missing,measured,requires hasNominalBpm,"Duration differs from the paired baseline (tape-speed warp). Detection counts, acquisition and silence occupancy are NOT length-commensurable; compare tempo/phase within the clip."
aubio,clean_eighths,tempo_step,ratio=1.25,clean_eighths__tempo_step_1.25,clean_eighths__baseline,halfDouble.halfDoubleTimeError,bool,,0.0,,missing,measured,requires hasNominalBpm,"Duration differs from the paired baseline (tape-speed warp). Detection counts, acquisition and silence occupancy are NOT length-commensurable; compare tempo/phase within the clip."
aubio,clean_eighths,tempo_step,ratio=1.25,clean_eighths__tempo_step_1.25,clean_eighths__baseline,silence.trueSilenceMeasured,bool,1.0,1.0,0.0,measured,measured,,"Duration differs from the paired baseline (tape-speed warp). Detection counts, acquisition and silence occupancy are NOT length-commensurable; compare tempo/phase within the clip."
aubio,clean_eighths,tempo_step,ratio=1.25,clean_eighths__tempo_step_1.25,clean_eighths__baseline,silence.falseBeatCoverage,str,Measured,Measured,,measured,measured,,"Duration differs from the paired baseline (tape-speed warp). Detection counts, acquisition and silence occupancy are NOT length-commensurable; compare tempo/phase within the clip."
aubio,clean_eighths,tempo_step,ratio=1.25,clean_eighths__tempo_step_1.25,clean_eighths__baseline,silence.falseBeatsInTrueSilence,int,0.0,0.0,0.0,measured,measured,,"Duration differs from the paired baseline (tape-speed warp). Detection counts, acquisition and silence occupancy are NOT length-commensurable; compare tempo/phase within the clip."
aubio,clean_eighths,tempo_step,ratio=1.25,clean_eighths__tempo_step_1.25,clean_eighths__baseline,silence.falseBeatsInTrueSilencePerSecond,float,0.0,0.0,0.0,measured,measured,,"Duration differs from the paired baseline (tape-speed warp). Detection counts, acquisition and silence occupancy are NOT length-commensurable; compare tempo/phase within the clip."
aubio,clean_eighths,tempo_step,ratio=1.25,clean_eighths__tempo_step_1.25,clean_eighths__baseline,silence.maxSilenceTempoIncreaseBpm,float,,,,missing,missing,requires silenceAccelerationMeasured,"Duration differs from the paired baseline (tape-speed warp). Detection counts, acquisition and silence occupancy are NOT length-commensurable; compare tempo/phase within the clip."
aubio,clean_eighths,tempo_step,ratio=1.25,clean_eighths__tempo_step_1.25,clean_eighths__baseline,silence.falseBeatsInUnplayedBeatWindowsPerSecond,float,0.0,0.0,0.0,measured,measured,,"Duration differs from the paired baseline (tape-speed warp). Detection counts, acquisition and silence occupancy are NOT length-commensurable; compare tempo/phase within the clip."
aubio,clean_eighths,tempo_step,ratio=1.25,clean_eighths__tempo_step_1.25,clean_eighths__baseline,silence.falseBeatsOffGridInUnplayedBeatWindowsPerSecond,float,0.0,0.0,0.0,measured,measured,,"Duration differs from the paired baseline (tape-speed warp). Detection counts, acquisition and silence occupancy are NOT length-commensurable; compare tempo/phase within the clip."
aubio,clean_eighths,tempo_step,ratio=1.25,clean_eighths__tempo_step_1.25,clean_eighths__baseline,timing.beatsReportedByBackend,int,3.0,5.0,-2.0,measured,measured,,"Duration differs from the paired baseline (tape-speed warp). Detection counts, acquisition and silence occupancy are NOT length-commensurable; compare tempo/phase within the clip."
aubio,clean_eighths,tempo_step,ratio=1.25,clean_eighths__tempo_step_1.25,clean_eighths__baseline,timing.beatsStampAtBlockStart,int,0.0,0.0,0.0,measured,measured,,"Duration differs from the paired baseline (tape-speed warp). Detection counts, acquisition and silence occupancy are NOT length-commensurable; compare tempo/phase within the clip."
aubio,clean_eighths,tempo_step,ratio=1.25,clean_eighths__tempo_step_1.25,clean_eighths__baseline,timing.beatsRejectedNonCausal,int,0.0,0.0,0.0,measured,measured,,"Duration differs from the paired baseline (tape-speed warp). Detection counts, acquisition and silence occupancy are NOT length-commensurable; compare tempo/phase within the clip."
aubio,clean_eighths,tempo_step,ratio=1.25,clean_eighths__tempo_step_1.25,clean_eighths__baseline,timing.rateMismatchBlocks,int,0.0,0.0,0.0,measured,measured,,"Duration differs from the paired baseline (tape-speed warp). Detection counts, acquisition and silence occupancy are NOT length-commensurable; compare tempo/phase within the clip."
aubio,clean_eighths,tempo_step,ratio=1.25,clean_eighths__tempo_step_1.25,clean_eighths__baseline,timing.causalAvailabilityMeanSeconds,float,0.009229167,0.001425,0.007804167,measured,measured,,"Duration differs from the paired baseline (tape-speed warp). Detection counts, acquisition and silence occupancy are NOT length-commensurable; compare tempo/phase within the clip."
aubio,clean_eighths,tempo_step,ratio=1.25,clean_eighths__tempo_step_1.25,clean_eighths__baseline,timing.causalAvailabilityMaxSeconds,float,0.009333333,0.001520833,0.0078125,measured,measured,,"Duration differs from the paired baseline (tape-speed warp). Detection counts, acquisition and silence occupancy are NOT length-commensurable; compare tempo/phase within the clip."
aubio,clean_eighths,tempo_step,ratio=1.25,clean_eighths__tempo_step_1.25,clean_eighths__baseline,phase.phaseMeasured,bool,0.0,1.0,-1.0,measured,measured,,"Duration differs from the paired baseline (tape-speed warp). Detection counts, acquisition and silence occupancy are NOT length-commensurable; compare tempo/phase within the clip."
aubio,clean_eighths,tempo_step,ratio=1.25,clean_eighths__tempo_step_1.25,clean_eighths__baseline,phase.phaseMeanMs,float,,-15.4250001,,missing,measured,requires phaseMeasured,"Duration differs from the paired baseline (tape-speed warp). Detection counts, acquisition and silence occupancy are NOT length-commensurable; compare tempo/phase within the clip."
aubio,clean_eighths,tempo_step,ratio=1.25,clean_eighths__tempo_step_1.25,clean_eighths__baseline,phase.phaseMeanAbsMs,float,,15.4250001,,missing,measured,requires phaseMeasured,"Duration differs from the paired baseline (tape-speed warp). Detection counts, acquisition and silence occupancy are NOT length-commensurable; compare tempo/phase within the clip."
aubio,clean_eighths,tempo_step,ratio=1.25,clean_eighths__tempo_step_1.25,clean_eighths__baseline,phase.phaseP50AbsMs,float,,15.4166663,,missing,measured,requires phaseMeasured,"Duration differs from the paired baseline (tape-speed warp). Detection counts, acquisition and silence occupancy are NOT length-commensurable; compare tempo/phase within the clip."
aubio,clean_eighths,tempo_step,ratio=1.25,clean_eighths__tempo_step_1.25,clean_eighths__baseline,phase.phaseP95AbsMs,float,,29.0476193,,missing,measured,requires phaseMeasured,"Duration differs from the paired baseline (tape-speed warp). Detection counts, acquisition and silence occupancy are NOT length-commensurable; compare tempo/phase within the clip."
aubio,clean_eighths,tempo_step,ratio=1.25,clean_eighths__tempo_step_1.25,clean_eighths__baseline,ramp.hasRamp,bool,0.0,0.0,0.0,measured,measured,,"Duration differs from the paired baseline (tape-speed warp). Detection counts, acquisition and silence occupancy are NOT length-commensurable; compare tempo/phase within the clip."
aubio,clean_eighths,tempo_step,ratio=1.25,clean_eighths__tempo_step_1.25,clean_eighths__baseline,ramp.rampLocalTempoRelErrorMean,float,,,,missing,missing,requires hasRamp,"Duration differs from the paired baseline (tape-speed warp). Detection counts, acquisition and silence occupancy are NOT length-commensurable; compare tempo/phase within the clip."
aubio,clean_eighths,tempo_step,ratio=1.25,clean_eighths__tempo_step_1.25,clean_eighths__baseline,ramp.rampLocalTempoRelErrorWorst,float,,,,missing,missing,requires hasRamp,"Duration differs from the paired baseline (tape-speed warp). Detection counts, acquisition and silence occupancy are NOT length-commensurable; compare tempo/phase within the clip."
aubio,clean_eighths,tempo_step,ratio=1.25,clean_eighths__tempo_step_1.25,clean_eighths__baseline,syncopation.hasSyncopation,bool,0.0,0.0,0.0,measured,measured,,"Duration differs from the paired baseline (tape-speed warp). Detection counts, acquisition and silence occupancy are NOT length-commensurable; compare tempo/phase within the clip."
aubio,clean_eighths,tempo_step,ratio=1.25,clean_eighths__tempo_step_1.25,clean_eighths__baseline,syncopation.syncopationMaxStepFraction,float,,,,missing,missing,requires hasSyncopation,"Duration differs from the paired baseline (tape-speed warp). Detection counts, acquisition and silence occupancy are NOT length-commensurable; compare tempo/phase within the clip."
aubio,clean_eighths,tempo_step,ratio=1.25,clean_eighths__tempo_step_1.25,clean_eighths__baseline,syncopation.syncopationMaxDeviationFraction,float,,,,missing,missing,requires hasSyncopation,"Duration differs from the paired baseline (tape-speed warp). Detection counts, acquisition and silence occupancy are NOT length-commensurable; compare tempo/phase within the clip."
aubio,clean_eighths,tempo_step,ratio=1.25,clean_eighths__tempo_step_1.25,clean_eighths__baseline,resources.cpuSeconds,float,0.008965,0.011012,-0.002047,measured,measured,,"Duration differs from the paired baseline (tape-speed warp). Detection counts, acquisition and silence occupancy are NOT length-commensurable; compare tempo/phase within the clip."
aubio,clean_eighths,tempo_step,ratio=1.25,clean_eighths__tempo_step_1.25,clean_eighths__baseline,resources.allocationCount,int,4.0,4.0,0.0,measured,measured,,"Duration differs from the paired baseline (tape-speed warp). Detection counts, acquisition and silence occupancy are NOT length-commensurable; compare tempo/phase within the clip."
aubio,clean_eighths,trailing_silence,silenceSeconds=0.5,clean_eighths__trail_silence_0.5s,clean_eighths__baseline,detection.predictedBeats,int,5.0,5.0,0.0,measured,measured,,Duration is +0.5 s longer (silence appended). Absolute counts are not length-commensurable; detection is over a longer window.
aubio,clean_eighths,trailing_silence,silenceSeconds=0.5,clean_eighths__trail_silence_0.5s,clean_eighths__baseline,detection.truePositives,int,5.0,5.0,0.0,measured,measured,,Duration is +0.5 s longer (silence appended). Absolute counts are not length-commensurable; detection is over a longer window.
aubio,clean_eighths,trailing_silence,silenceSeconds=0.5,clean_eighths__trail_silence_0.5s,clean_eighths__baseline,detection.falsePositives,int,0.0,0.0,0.0,measured,measured,,Duration is +0.5 s longer (silence appended). Absolute counts are not length-commensurable; detection is over a longer window.
aubio,clean_eighths,trailing_silence,silenceSeconds=0.5,clean_eighths__trail_silence_0.5s,clean_eighths__baseline,detection.falseNegatives,int,5.0,5.0,0.0,measured,measured,,Duration is +0.5 s longer (silence appended). Absolute counts are not length-commensurable; detection is over a longer window.
aubio,clean_eighths,trailing_silence,silenceSeconds=0.5,clean_eighths__trail_silence_0.5s,clean_eighths__baseline,detection.precision,float,1.0,1.0,0.0,measured,measured,,Duration is +0.5 s longer (silence appended). Absolute counts are not length-commensurable; detection is over a longer window.
aubio,clean_eighths,trailing_silence,silenceSeconds=0.5,clean_eighths__trail_silence_0.5s,clean_eighths__baseline,detection.recall,float,0.5,0.5,0.0,measured,measured,,Duration is +0.5 s longer (silence appended). Absolute counts are not length-commensurable; detection is over a longer window.
aubio,clean_eighths,trailing_silence,silenceSeconds=0.5,clean_eighths__trail_silence_0.5s,clean_eighths__baseline,detection.fMeasure,float,0.666666667,0.666666667,0.0,measured,measured,,Duration is +0.5 s longer (silence appended). Absolute counts are not length-commensurable; detection is over a longer window.
aubio,clean_eighths,trailing_silence,silenceSeconds=0.5,clean_eighths__trail_silence_0.5s,clean_eighths__baseline,acquisition.acquired,bool,1.0,1.0,0.0,measured,measured,,Duration is +0.5 s longer (silence appended). Absolute counts are not length-commensurable; detection is over a longer window.
aubio,clean_eighths,trailing_silence,silenceSeconds=0.5,clean_eighths__trail_silence_0.5s,clean_eighths__baseline,acquisition.acquisitionBars,float,1.24905156,1.24905156,0.0,measured,measured,,Duration is +0.5 s longer (silence appended). Absolute counts are not length-commensurable; detection is over a longer window.
aubio,clean_eighths,trailing_silence,silenceSeconds=0.5,clean_eighths__trail_silence_0.5s,clean_eighths__baseline,acquisition.acquisitionSeconds,float,2.37914583,2.37914583,0.0,measured,measured,,Duration is +0.5 s longer (silence appended). Absolute counts are not length-commensurable; detection is over a longer window.
aubio,clean_eighths,trailing_silence,silenceSeconds=0.5,clean_eighths__trail_silence_0.5s,clean_eighths__baseline,acquisition.acquisitionBeats,float,4.99620625,4.99620625,0.0,measured,measured,,Duration is +0.5 s longer (silence appended). Absolute counts are not length-commensurable; detection is over a longer window.
aubio,clean_eighths,trailing_silence,silenceSeconds=0.5,clean_eighths__trail_silence_0.5s,clean_eighths__baseline,bpm.hasBpmLock,bool,1.0,1.0,0.0,measured,measured,,Duration is +0.5 s longer (silence appended). Absolute counts are not length-commensurable; detection is over a longer window.
aubio,clean_eighths,trailing_silence,silenceSeconds=0.5,clean_eighths__trail_silence_0.5s,clean_eighths__baseline,bpm.lockedBpm,float,127.827675,127.827675,0.0,measured,measured,,Duration is +0.5 s longer (silence appended). Absolute counts are not length-commensurable; detection is over a longer window.
aubio,clean_eighths,trailing_silence,silenceSeconds=0.5,clean_eighths__trail_silence_0.5s,clean_eighths__baseline,bpm.bpmRelativeError,float,0.014505356,0.014505356,0.0,measured,measured,,Duration is +0.5 s longer (silence appended). Absolute counts are not length-commensurable; detection is over a longer window.
aubio,clean_eighths,trailing_silence,silenceSeconds=0.5,clean_eighths__trail_silence_0.5s,clean_eighths__baseline,bpm.spec2pctWithin,bool,1.0,1.0,0.0,measured,measured,,Duration is +0.5 s longer (silence appended). Absolute counts are not length-commensurable; detection is over a longer window.
aubio,clean_eighths,trailing_silence,silenceSeconds=0.5,clean_eighths__trail_silence_0.5s,clean_eighths__baseline,bpm.spec2pctNormalized,float,0.7252678,0.7252678,0.0,measured,measured,,Duration is +0.5 s longer (silence appended). Absolute counts are not length-commensurable; detection is over a longer window.
aubio,clean_eighths,trailing_silence,silenceSeconds=0.5,clean_eighths__trail_silence_0.5s,clean_eighths__baseline,halfDouble.halfTimeLock,bool,0.0,0.0,0.0,measured,measured,,Duration is +0.5 s longer (silence appended). Absolute counts are not length-commensurable; detection is over a longer window.
aubio,clean_eighths,trailing_silence,silenceSeconds=0.5,clean_eighths__trail_silence_0.5s,clean_eighths__baseline,halfDouble.doubleTimeLock,bool,0.0,0.0,0.0,measured,measured,,Duration is +0.5 s longer (silence appended). Absolute counts are not length-commensurable; detection is over a longer window.
aubio,clean_eighths,trailing_silence,silenceSeconds=0.5,clean_eighths__trail_silence_0.5s,clean_eighths__baseline,halfDouble.halfDoubleTimeError,bool,0.0,0.0,0.0,measured,measured,,Duration is +0.5 s longer (silence appended). Absolute counts are not length-commensurable; detection is over a longer window.
aubio,clean_eighths,trailing_silence,silenceSeconds=0.5,clean_eighths__trail_silence_0.5s,clean_eighths__baseline,silence.trueSilenceMeasured,bool,1.0,1.0,0.0,measured,measured,,Duration is +0.5 s longer (silence appended). Absolute counts are not length-commensurable; detection is over a longer window.
aubio,clean_eighths,trailing_silence,silenceSeconds=0.5,clean_eighths__trail_silence_0.5s,clean_eighths__baseline,silence.falseBeatCoverage,str,Measured,Measured,,measured,measured,,Duration is +0.5 s longer (silence appended). Absolute counts are not length-commensurable; detection is over a longer window.
aubio,clean_eighths,trailing_silence,silenceSeconds=0.5,clean_eighths__trail_silence_0.5s,clean_eighths__baseline,silence.falseBeatsInTrueSilence,int,0.0,0.0,0.0,measured,measured,,Duration is +0.5 s longer (silence appended). Absolute counts are not length-commensurable; detection is over a longer window.
aubio,clean_eighths,trailing_silence,silenceSeconds=0.5,clean_eighths__trail_silence_0.5s,clean_eighths__baseline,silence.falseBeatsInTrueSilencePerSecond,float,0.0,0.0,0.0,measured,measured,,Duration is +0.5 s longer (silence appended). Absolute counts are not length-commensurable; detection is over a longer window.
aubio,clean_eighths,trailing_silence,silenceSeconds=0.5,clean_eighths__trail_silence_0.5s,clean_eighths__baseline,silence.maxSilenceTempoIncreaseBpm,float,,,,missing,missing,requires silenceAccelerationMeasured,Duration is +0.5 s longer (silence appended). Absolute counts are not length-commensurable; detection is over a longer window.
aubio,clean_eighths,trailing_silence,silenceSeconds=0.5,clean_eighths__trail_silence_0.5s,clean_eighths__baseline,silence.falseBeatsInUnplayedBeatWindowsPerSecond,float,0.0,0.0,0.0,measured,measured,,Duration is +0.5 s longer (silence appended). Absolute counts are not length-commensurable; detection is over a longer window.
aubio,clean_eighths,trailing_silence,silenceSeconds=0.5,clean_eighths__trail_silence_0.5s,clean_eighths__baseline,silence.falseBeatsOffGridInUnplayedBeatWindowsPerSecond,float,0.0,0.0,0.0,measured,measured,,Duration is +0.5 s longer (silence appended). Absolute counts are not length-commensurable; detection is over a longer window.
aubio,clean_eighths,trailing_silence,silenceSeconds=0.5,clean_eighths__trail_silence_0.5s,clean_eighths__baseline,timing.beatsReportedByBackend,int,5.0,5.0,0.0,measured,measured,,Duration is +0.5 s longer (silence appended). Absolute counts are not length-commensurable; detection is over a longer window.
aubio,clean_eighths,trailing_silence,silenceSeconds=0.5,clean_eighths__trail_silence_0.5s,clean_eighths__baseline,timing.beatsStampAtBlockStart,int,0.0,0.0,0.0,measured,measured,,Duration is +0.5 s longer (silence appended). Absolute counts are not length-commensurable; detection is over a longer window.
aubio,clean_eighths,trailing_silence,silenceSeconds=0.5,clean_eighths__trail_silence_0.5s,clean_eighths__baseline,timing.beatsRejectedNonCausal,int,0.0,0.0,0.0,measured,measured,,Duration is +0.5 s longer (silence appended). Absolute counts are not length-commensurable; detection is over a longer window.
aubio,clean_eighths,trailing_silence,silenceSeconds=0.5,clean_eighths__trail_silence_0.5s,clean_eighths__baseline,timing.rateMismatchBlocks,int,0.0,0.0,0.0,measured,measured,,Duration is +0.5 s longer (silence appended). Absolute counts are not length-commensurable; detection is over a longer window.
aubio,clean_eighths,trailing_silence,silenceSeconds=0.5,clean_eighths__trail_silence_0.5s,clean_eighths__baseline,timing.causalAvailabilityMeanSeconds,float,0.001425,0.001425,0.0,measured,measured,,Duration is +0.5 s longer (silence appended). Absolute counts are not length-commensurable; detection is over a longer window.
aubio,clean_eighths,trailing_silence,silenceSeconds=0.5,clean_eighths__trail_silence_0.5s,clean_eighths__baseline,timing.causalAvailabilityMaxSeconds,float,0.001520833,0.001520833,0.0,measured,measured,,Duration is +0.5 s longer (silence appended). Absolute counts are not length-commensurable; detection is over a longer window.
aubio,clean_eighths,trailing_silence,silenceSeconds=0.5,clean_eighths__trail_silence_0.5s,clean_eighths__baseline,phase.phaseMeasured,bool,1.0,1.0,0.0,measured,measured,,Duration is +0.5 s longer (silence appended). Absolute counts are not length-commensurable; detection is over a longer window.
aubio,clean_eighths,trailing_silence,silenceSeconds=0.5,clean_eighths__trail_silence_0.5s,clean_eighths__baseline,phase.phaseMeanMs,float,-15.4250001,-15.4250001,0.0,measured,measured,,Duration is +0.5 s longer (silence appended). Absolute counts are not length-commensurable; detection is over a longer window.
aubio,clean_eighths,trailing_silence,silenceSeconds=0.5,clean_eighths__trail_silence_0.5s,clean_eighths__baseline,phase.phaseMeanAbsMs,float,15.4250001,15.4250001,0.0,measured,measured,,Duration is +0.5 s longer (silence appended). Absolute counts are not length-commensurable; detection is over a longer window.
aubio,clean_eighths,trailing_silence,silenceSeconds=0.5,clean_eighths__trail_silence_0.5s,clean_eighths__baseline,phase.phaseP50AbsMs,float,15.4166663,15.4166663,0.0,measured,measured,,Duration is +0.5 s longer (silence appended). Absolute counts are not length-commensurable; detection is over a longer window.
aubio,clean_eighths,trailing_silence,silenceSeconds=0.5,clean_eighths__trail_silence_0.5s,clean_eighths__baseline,phase.phaseP95AbsMs,float,29.0476193,29.0476193,0.0,measured,measured,,Duration is +0.5 s longer (silence appended). Absolute counts are not length-commensurable; detection is over a longer window.
aubio,clean_eighths,trailing_silence,silenceSeconds=0.5,clean_eighths__trail_silence_0.5s,clean_eighths__baseline,ramp.hasRamp,bool,0.0,0.0,0.0,measured,measured,,Duration is +0.5 s longer (silence appended). Absolute counts are not length-commensurable; detection is over a longer window.
aubio,clean_eighths,trailing_silence,silenceSeconds=0.5,clean_eighths__trail_silence_0.5s,clean_eighths__baseline,ramp.rampLocalTempoRelErrorMean,float,,,,missing,missing,requires hasRamp,Duration is +0.5 s longer (silence appended). Absolute counts are not length-commensurable; detection is over a longer window.
aubio,clean_eighths,trailing_silence,silenceSeconds=0.5,clean_eighths__trail_silence_0.5s,clean_eighths__baseline,ramp.rampLocalTempoRelErrorWorst,float,,,,missing,missing,requires hasRamp,Duration is +0.5 s longer (silence appended). Absolute counts are not length-commensurable; detection is over a longer window.
aubio,clean_eighths,trailing_silence,silenceSeconds=0.5,clean_eighths__trail_silence_0.5s,clean_eighths__baseline,syncopation.hasSyncopation,bool,0.0,0.0,0.0,measured,measured,,Duration is +0.5 s longer (silence appended). Absolute counts are not length-commensurable; detection is over a longer window.
aubio,clean_eighths,trailing_silence,silenceSeconds=0.5,clean_eighths__trail_silence_0.5s,clean_eighths__baseline,syncopation.syncopationMaxStepFraction,float,,,,missing,missing,requires hasSyncopation,Duration is +0.5 s longer (silence appended). Absolute counts are not length-commensurable; detection is over a longer window.
aubio,clean_eighths,trailing_silence,silenceSeconds=0.5,clean_eighths__trail_silence_0.5s,clean_eighths__baseline,syncopation.syncopationMaxDeviationFraction,float,,,,missing,missing,requires hasSyncopation,Duration is +0.5 s longer (silence appended). Absolute counts are not length-commensurable; detection is over a longer window.
aubio,clean_eighths,trailing_silence,silenceSeconds=0.5,clean_eighths__trail_silence_0.5s,clean_eighths__baseline,resources.cpuSeconds,float,0.011135,0.011012,0.000123,measured,measured,,Duration is +0.5 s longer (silence appended). Absolute counts are not length-commensurable; detection is over a longer window.
aubio,clean_eighths,trailing_silence,silenceSeconds=0.5,clean_eighths__trail_silence_0.5s,clean_eighths__baseline,resources.allocationCount,int,4.0,4.0,0.0,measured,measured,,Duration is +0.5 s longer (silence appended). Absolute counts are not length-commensurable; detection is over a longer window.
aubio,syncopated_funk,baseline,window=5.0s,syncopated_funk__baseline,syncopated_funk__baseline,detection.predictedBeats,int,4.0,4.0,0.0,measured,measured,,
aubio,syncopated_funk,baseline,window=5.0s,syncopated_funk__baseline,syncopated_funk__baseline,detection.truePositives,int,4.0,4.0,0.0,measured,measured,,
aubio,syncopated_funk,baseline,window=5.0s,syncopated_funk__baseline,syncopated_funk__baseline,detection.falsePositives,int,0.0,0.0,0.0,measured,measured,,
aubio,syncopated_funk,baseline,window=5.0s,syncopated_funk__baseline,syncopated_funk__baseline,detection.falseNegatives,int,5.0,5.0,0.0,measured,measured,,
aubio,syncopated_funk,baseline,window=5.0s,syncopated_funk__baseline,syncopated_funk__baseline,detection.precision,float,1.0,1.0,0.0,measured,measured,,
aubio,syncopated_funk,baseline,window=5.0s,syncopated_funk__baseline,syncopated_funk__baseline,detection.recall,float,0.444444444,0.444444444,0.0,measured,measured,,
aubio,syncopated_funk,baseline,window=5.0s,syncopated_funk__baseline,syncopated_funk__baseline,detection.fMeasure,float,0.615384615,0.615384615,0.0,measured,measured,,
aubio,syncopated_funk,baseline,window=5.0s,syncopated_funk__baseline,syncopated_funk__baseline,acquisition.acquired,bool,0.0,0.0,0.0,measured,measured,,
aubio,syncopated_funk,baseline,window=5.0s,syncopated_funk__baseline,syncopated_funk__baseline,acquisition.acquisitionBars,float,,,,missing,missing,requires acquired,
aubio,syncopated_funk,baseline,window=5.0s,syncopated_funk__baseline,syncopated_funk__baseline,acquisition.acquisitionSeconds,float,,,,missing,missing,requires acquired,
aubio,syncopated_funk,baseline,window=5.0s,syncopated_funk__baseline,syncopated_funk__baseline,acquisition.acquisitionBeats,float,,,,missing,missing,requires acquired,
aubio,syncopated_funk,baseline,window=5.0s,syncopated_funk__baseline,syncopated_funk__baseline,bpm.hasBpmLock,bool,1.0,1.0,0.0,measured,measured,,
aubio,syncopated_funk,baseline,window=5.0s,syncopated_funk__baseline,syncopated_funk__baseline,bpm.lockedBpm,float,112.898727,112.898727,0.0,measured,measured,,
aubio,syncopated_funk,baseline,window=5.0s,syncopated_funk__baseline,syncopated_funk__baseline,bpm.bpmRelativeError,float,0.008024352,0.008024352,0.0,measured,measured,,
aubio,syncopated_funk,baseline,window=5.0s,syncopated_funk__baseline,syncopated_funk__baseline,bpm.spec2pctWithin,bool,1.0,1.0,0.0,measured,measured,,
aubio,syncopated_funk,baseline,window=5.0s,syncopated_funk__baseline,syncopated_funk__baseline,bpm.spec2pctNormalized,float,0.4012176,0.4012176,0.0,measured,measured,,
aubio,syncopated_funk,baseline,window=5.0s,syncopated_funk__baseline,syncopated_funk__baseline,halfDouble.halfTimeLock,bool,0.0,0.0,0.0,measured,measured,,
aubio,syncopated_funk,baseline,window=5.0s,syncopated_funk__baseline,syncopated_funk__baseline,halfDouble.doubleTimeLock,bool,0.0,0.0,0.0,measured,measured,,
aubio,syncopated_funk,baseline,window=5.0s,syncopated_funk__baseline,syncopated_funk__baseline,halfDouble.halfDoubleTimeError,bool,0.0,0.0,0.0,measured,measured,,
aubio,syncopated_funk,baseline,window=5.0s,syncopated_funk__baseline,syncopated_funk__baseline,silence.trueSilenceMeasured,bool,1.0,1.0,0.0,measured,measured,,
aubio,syncopated_funk,baseline,window=5.0s,syncopated_funk__baseline,syncopated_funk__baseline,silence.falseBeatCoverage,str,Measured,Measured,,measured,measured,,
aubio,syncopated_funk,baseline,window=5.0s,syncopated_funk__baseline,syncopated_funk__baseline,silence.falseBeatsInTrueSilence,int,0.0,0.0,0.0,measured,measured,,
aubio,syncopated_funk,baseline,window=5.0s,syncopated_funk__baseline,syncopated_funk__baseline,silence.falseBeatsInTrueSilencePerSecond,float,0.0,0.0,0.0,measured,measured,,
aubio,syncopated_funk,baseline,window=5.0s,syncopated_funk__baseline,syncopated_funk__baseline,silence.maxSilenceTempoIncreaseBpm,float,,,,missing,missing,requires silenceAccelerationMeasured,
aubio,syncopated_funk,baseline,window=5.0s,syncopated_funk__baseline,syncopated_funk__baseline,silence.falseBeatsInUnplayedBeatWindowsPerSecond,float,8.33333333,8.33333333,0.0,measured,measured,,
aubio,syncopated_funk,baseline,window=5.0s,syncopated_funk__baseline,syncopated_funk__baseline,silence.falseBeatsOffGridInUnplayedBeatWindowsPerSecond,float,0.0,0.0,0.0,measured,measured,,
aubio,syncopated_funk,baseline,window=5.0s,syncopated_funk__baseline,syncopated_funk__baseline,timing.beatsReportedByBackend,int,4.0,4.0,0.0,measured,measured,,
aubio,syncopated_funk,baseline,window=5.0s,syncopated_funk__baseline,syncopated_funk__baseline,timing.beatsStampAtBlockStart,int,0.0,0.0,0.0,measured,measured,,
aubio,syncopated_funk,baseline,window=5.0s,syncopated_funk__baseline,syncopated_funk__baseline,timing.beatsRejectedNonCausal,int,0.0,0.0,0.0,measured,measured,,
aubio,syncopated_funk,baseline,window=5.0s,syncopated_funk__baseline,syncopated_funk__baseline,timing.rateMismatchBlocks,int,0.0,0.0,0.0,measured,measured,,
aubio,syncopated_funk,baseline,window=5.0s,syncopated_funk__baseline,syncopated_funk__baseline,timing.causalAvailabilityMeanSeconds,float,0.0060625,0.0060625,0.0,measured,measured,,
aubio,syncopated_funk,baseline,window=5.0s,syncopated_funk__baseline,syncopated_funk__baseline,timing.causalAvailabilityMaxSeconds,float,0.009666667,0.009666667,0.0,measured,measured,,
aubio,syncopated_funk,baseline,window=5.0s,syncopated_funk__baseline,syncopated_funk__baseline,phase.phaseMeasured,bool,1.0,1.0,0.0,measured,measured,,
aubio,syncopated_funk,baseline,window=5.0s,syncopated_funk__baseline,syncopated_funk__baseline,phase.phaseMeanMs,float,-0.872023917,-0.872023917,0.0,measured,measured,,
aubio,syncopated_funk,baseline,window=5.0s,syncopated_funk__baseline,syncopated_funk__baseline,phase.phaseMeanAbsMs,float,4.26636908,4.26636908,0.0,measured,measured,,
aubio,syncopated_funk,baseline,window=5.0s,syncopated_funk__baseline,syncopated_funk__baseline,phase.phaseP50AbsMs,float,5.53273767,5.53273767,0.0,measured,measured,,
aubio,syncopated_funk,baseline,window=5.0s,syncopated_funk__baseline,syncopated_funk__baseline,phase.phaseP95AbsMs,float,7.276786,7.276786,0.0,measured,measured,,
aubio,syncopated_funk,baseline,window=5.0s,syncopated_funk__baseline,syncopated_funk__baseline,ramp.hasRamp,bool,0.0,0.0,0.0,measured,measured,,
aubio,syncopated_funk,baseline,window=5.0s,syncopated_funk__baseline,syncopated_funk__baseline,ramp.rampLocalTempoRelErrorMean,float,,,,missing,missing,requires hasRamp,
aubio,syncopated_funk,baseline,window=5.0s,syncopated_funk__baseline,syncopated_funk__baseline,ramp.rampLocalTempoRelErrorWorst,float,,,,missing,missing,requires hasRamp,
aubio,syncopated_funk,baseline,window=5.0s,syncopated_funk__baseline,syncopated_funk__baseline,syncopation.hasSyncopation,bool,0.0,0.0,0.0,measured,measured,,
aubio,syncopated_funk,baseline,window=5.0s,syncopated_funk__baseline,syncopated_funk__baseline,syncopation.syncopationMaxStepFraction,float,,,,missing,missing,requires hasSyncopation,
aubio,syncopated_funk,baseline,window=5.0s,syncopated_funk__baseline,syncopated_funk__baseline,syncopation.syncopationMaxDeviationFraction,float,,,,missing,missing,requires hasSyncopation,
aubio,syncopated_funk,baseline,window=5.0s,syncopated_funk__baseline,syncopated_funk__baseline,resources.cpuSeconds,float,0.009954,0.009954,0.0,measured,measured,,
aubio,syncopated_funk,baseline,window=5.0s,syncopated_funk__baseline,syncopated_funk__baseline,resources.allocationCount,int,4.0,4.0,0.0,measured,measured,,
aubio,syncopated_funk,noise,snrDb=0,syncopated_funk__noise_snr0db,syncopated_funk__baseline,detection.predictedBeats,int,4.0,4.0,0.0,measured,measured,,trueSilenceSpans is STRUCTURAL only: an added noise floor fills what was near-silent. Silence metrics are NOT assessed from this clip; raw counts are shown uncaveated only as counts.
aubio,syncopated_funk,noise,snrDb=0,syncopated_funk__noise_snr0db,syncopated_funk__baseline,detection.truePositives,int,4.0,4.0,0.0,measured,measured,,trueSilenceSpans is STRUCTURAL only: an added noise floor fills what was near-silent. Silence metrics are NOT assessed from this clip; raw counts are shown uncaveated only as counts.
aubio,syncopated_funk,noise,snrDb=0,syncopated_funk__noise_snr0db,syncopated_funk__baseline,detection.falsePositives,int,0.0,0.0,0.0,measured,measured,,trueSilenceSpans is STRUCTURAL only: an added noise floor fills what was near-silent. Silence metrics are NOT assessed from this clip; raw counts are shown uncaveated only as counts.
aubio,syncopated_funk,noise,snrDb=0,syncopated_funk__noise_snr0db,syncopated_funk__baseline,detection.falseNegatives,int,5.0,5.0,0.0,measured,measured,,trueSilenceSpans is STRUCTURAL only: an added noise floor fills what was near-silent. Silence metrics are NOT assessed from this clip; raw counts are shown uncaveated only as counts.
aubio,syncopated_funk,noise,snrDb=0,syncopated_funk__noise_snr0db,syncopated_funk__baseline,detection.precision,float,1.0,1.0,0.0,measured,measured,,trueSilenceSpans is STRUCTURAL only: an added noise floor fills what was near-silent. Silence metrics are NOT assessed from this clip; raw counts are shown uncaveated only as counts.
aubio,syncopated_funk,noise,snrDb=0,syncopated_funk__noise_snr0db,syncopated_funk__baseline,detection.recall,float,0.444444444,0.444444444,0.0,measured,measured,,trueSilenceSpans is STRUCTURAL only: an added noise floor fills what was near-silent. Silence metrics are NOT assessed from this clip; raw counts are shown uncaveated only as counts.
aubio,syncopated_funk,noise,snrDb=0,syncopated_funk__noise_snr0db,syncopated_funk__baseline,detection.fMeasure,float,0.615384615,0.615384615,0.0,measured,measured,,trueSilenceSpans is STRUCTURAL only: an added noise floor fills what was near-silent. Silence metrics are NOT assessed from this clip; raw counts are shown uncaveated only as counts.
aubio,syncopated_funk,noise,snrDb=0,syncopated_funk__noise_snr0db,syncopated_funk__baseline,acquisition.acquired,bool,0.0,0.0,0.0,measured,measured,,trueSilenceSpans is STRUCTURAL only: an added noise floor fills what was near-silent. Silence metrics are NOT assessed from this clip; raw counts are shown uncaveated only as counts.
aubio,syncopated_funk,noise,snrDb=0,syncopated_funk__noise_snr0db,syncopated_funk__baseline,acquisition.acquisitionBars,float,,,,missing,missing,requires acquired,trueSilenceSpans is STRUCTURAL only: an added noise floor fills what was near-silent. Silence metrics are NOT assessed from this clip; raw counts are shown uncaveated only as counts.
aubio,syncopated_funk,noise,snrDb=0,syncopated_funk__noise_snr0db,syncopated_funk__baseline,acquisition.acquisitionSeconds,float,,,,missing,missing,requires acquired,trueSilenceSpans is STRUCTURAL only: an added noise floor fills what was near-silent. Silence metrics are NOT assessed from this clip; raw counts are shown uncaveated only as counts.
aubio,syncopated_funk,noise,snrDb=0,syncopated_funk__noise_snr0db,syncopated_funk__baseline,acquisition.acquisitionBeats,float,,,,missing,missing,requires acquired,trueSilenceSpans is STRUCTURAL only: an added noise floor fills what was near-silent. Silence metrics are NOT assessed from this clip; raw counts are shown uncaveated only as counts.
aubio,syncopated_funk,noise,snrDb=0,syncopated_funk__noise_snr0db,syncopated_funk__baseline,bpm.hasBpmLock,bool,1.0,1.0,0.0,measured,measured,,trueSilenceSpans is STRUCTURAL only: an added noise floor fills what was near-silent. Silence metrics are NOT assessed from this clip; raw counts are shown uncaveated only as counts.
aubio,syncopated_funk,noise,snrDb=0,syncopated_funk__noise_snr0db,syncopated_funk__baseline,bpm.lockedBpm,float,113.421181,112.898727,0.522454,measured,measured,,trueSilenceSpans is STRUCTURAL only: an added noise floor fills what was near-silent. Silence metrics are NOT assessed from this clip; raw counts are shown uncaveated only as counts.
aubio,syncopated_funk,noise,snrDb=0,syncopated_funk__noise_snr0db,syncopated_funk__baseline,bpm.bpmRelativeError,float,0.012689114,0.008024352,0.004664762,measured,measured,,trueSilenceSpans is STRUCTURAL only: an added noise floor fills what was near-silent. Silence metrics are NOT assessed from this clip; raw counts are shown uncaveated only as counts.
aubio,syncopated_funk,noise,snrDb=0,syncopated_funk__noise_snr0db,syncopated_funk__baseline,bpm.spec2pctWithin,bool,1.0,1.0,0.0,measured,measured,,trueSilenceSpans is STRUCTURAL only: an added noise floor fills what was near-silent. Silence metrics are NOT assessed from this clip; raw counts are shown uncaveated only as counts.
aubio,syncopated_funk,noise,snrDb=0,syncopated_funk__noise_snr0db,syncopated_funk__baseline,bpm.spec2pctNormalized,float,0.6344557,0.4012176,0.2332381,measured,measured,,trueSilenceSpans is STRUCTURAL only: an added noise floor fills what was near-silent. Silence metrics are NOT assessed from this clip; raw counts are shown uncaveated only as counts.
aubio,syncopated_funk,noise,snrDb=0,syncopated_funk__noise_snr0db,syncopated_funk__baseline,halfDouble.halfTimeLock,bool,0.0,0.0,0.0,measured,measured,,trueSilenceSpans is STRUCTURAL only: an added noise floor fills what was near-silent. Silence metrics are NOT assessed from this clip; raw counts are shown uncaveated only as counts.
aubio,syncopated_funk,noise,snrDb=0,syncopated_funk__noise_snr0db,syncopated_funk__baseline,halfDouble.doubleTimeLock,bool,0.0,0.0,0.0,measured,measured,,trueSilenceSpans is STRUCTURAL only: an added noise floor fills what was near-silent. Silence metrics are NOT assessed from this clip; raw counts are shown uncaveated only as counts.
aubio,syncopated_funk,noise,snrDb=0,syncopated_funk__noise_snr0db,syncopated_funk__baseline,halfDouble.halfDoubleTimeError,bool,0.0,0.0,0.0,measured,measured,,trueSilenceSpans is STRUCTURAL only: an added noise floor fills what was near-silent. Silence metrics are NOT assessed from this clip; raw counts are shown uncaveated only as counts.
aubio,syncopated_funk,noise,snrDb=0,syncopated_funk__noise_snr0db,syncopated_funk__baseline,silence.trueSilenceMeasured,bool,1.0,1.0,0.0,measured,measured,,trueSilenceSpans is STRUCTURAL only: an added noise floor fills what was near-silent. Silence metrics are NOT assessed from this clip; raw counts are shown uncaveated only as counts.
aubio,syncopated_funk,noise,snrDb=0,syncopated_funk__noise_snr0db,syncopated_funk__baseline,silence.falseBeatCoverage,str,Measured,Measured,,measured,measured,,trueSilenceSpans is STRUCTURAL only: an added noise floor fills what was near-silent. Silence metrics are NOT assessed from this clip; raw counts are shown uncaveated only as counts.
aubio,syncopated_funk,noise,snrDb=0,syncopated_funk__noise_snr0db,syncopated_funk__baseline,silence.falseBeatsInTrueSilence,int,0.0,0.0,,not_assessed_noise,measured,noise floor makes structural trueSilenceSpans unusable for a silence assessment,trueSilenceSpans is STRUCTURAL only: an added noise floor fills what was near-silent. Silence metrics are NOT assessed from this clip; raw counts are shown uncaveated only as counts.
aubio,syncopated_funk,noise,snrDb=0,syncopated_funk__noise_snr0db,syncopated_funk__baseline,silence.falseBeatsInTrueSilencePerSecond,float,0.0,0.0,,not_assessed_noise,measured,noise floor makes structural trueSilenceSpans unusable for a silence assessment,trueSilenceSpans is STRUCTURAL only: an added noise floor fills what was near-silent. Silence metrics are NOT assessed from this clip; raw counts are shown uncaveated only as counts.
aubio,syncopated_funk,noise,snrDb=0,syncopated_funk__noise_snr0db,syncopated_funk__baseline,silence.maxSilenceTempoIncreaseBpm,float,,,,missing,missing,requires silenceAccelerationMeasured,trueSilenceSpans is STRUCTURAL only: an added noise floor fills what was near-silent. Silence metrics are NOT assessed from this clip; raw counts are shown uncaveated only as counts.
aubio,syncopated_funk,noise,snrDb=0,syncopated_funk__noise_snr0db,syncopated_funk__baseline,silence.falseBeatsInUnplayedBeatWindowsPerSecond,float,8.33333333,8.33333333,0.0,measured,measured,,trueSilenceSpans is STRUCTURAL only: an added noise floor fills what was near-silent. Silence metrics are NOT assessed from this clip; raw counts are shown uncaveated only as counts.
aubio,syncopated_funk,noise,snrDb=0,syncopated_funk__noise_snr0db,syncopated_funk__baseline,silence.falseBeatsOffGridInUnplayedBeatWindowsPerSecond,float,0.0,0.0,0.0,measured,measured,,trueSilenceSpans is STRUCTURAL only: an added noise floor fills what was near-silent. Silence metrics are NOT assessed from this clip; raw counts are shown uncaveated only as counts.
aubio,syncopated_funk,noise,snrDb=0,syncopated_funk__noise_snr0db,syncopated_funk__baseline,timing.beatsReportedByBackend,int,4.0,4.0,0.0,measured,measured,,trueSilenceSpans is STRUCTURAL only: an added noise floor fills what was near-silent. Silence metrics are NOT assessed from this clip; raw counts are shown uncaveated only as counts.
aubio,syncopated_funk,noise,snrDb=0,syncopated_funk__noise_snr0db,syncopated_funk__baseline,timing.beatsStampAtBlockStart,int,0.0,0.0,0.0,measured,measured,,trueSilenceSpans is STRUCTURAL only: an added noise floor fills what was near-silent. Silence metrics are NOT assessed from this clip; raw counts are shown uncaveated only as counts.
aubio,syncopated_funk,noise,snrDb=0,syncopated_funk__noise_snr0db,syncopated_funk__baseline,timing.beatsRejectedNonCausal,int,0.0,0.0,0.0,measured,measured,,trueSilenceSpans is STRUCTURAL only: an added noise floor fills what was near-silent. Silence metrics are NOT assessed from this clip; raw counts are shown uncaveated only as counts.
aubio,syncopated_funk,noise,snrDb=0,syncopated_funk__noise_snr0db,syncopated_funk__baseline,timing.rateMismatchBlocks,int,0.0,0.0,0.0,measured,measured,,trueSilenceSpans is STRUCTURAL only: an added noise floor fills what was near-silent. Silence metrics are NOT assessed from this clip; raw counts are shown uncaveated only as counts.
aubio,syncopated_funk,noise,snrDb=0,syncopated_funk__noise_snr0db,syncopated_funk__baseline,timing.causalAvailabilityMeanSeconds,float,0.007125,0.0060625,0.0010625,measured,measured,,trueSilenceSpans is STRUCTURAL only: an added noise floor fills what was near-silent. Silence metrics are NOT assessed from this clip; raw counts are shown uncaveated only as counts.
aubio,syncopated_funk,noise,snrDb=0,syncopated_funk__noise_snr0db,syncopated_funk__baseline,timing.causalAvailabilityMaxSeconds,float,0.010291667,0.009666667,0.000625,measured,measured,,trueSilenceSpans is STRUCTURAL only: an added noise floor fills what was near-silent. Silence metrics are NOT assessed from this clip; raw counts are shown uncaveated only as counts.
aubio,syncopated_funk,noise,snrDb=0,syncopated_funk__noise_snr0db,syncopated_funk__baseline,phase.phaseMeasured,bool,1.0,1.0,0.0,measured,measured,,trueSilenceSpans is STRUCTURAL only: an added noise floor fills what was near-silent. Silence metrics are NOT assessed from this clip; raw counts are shown uncaveated only as counts.
aubio,syncopated_funk,noise,snrDb=0,syncopated_funk__noise_snr0db,syncopated_funk__baseline,phase.phaseMeanMs,float,-4.60119058,-0.872023917,-3.729166663,measured,measured,,trueSilenceSpans is STRUCTURAL only: an added noise floor fills what was near-silent. Silence metrics are NOT assessed from this clip; raw counts are shown uncaveated only as counts.
aubio,syncopated_funk,noise,snrDb=0,syncopated_funk__noise_snr0db,syncopated_funk__baseline,phase.phaseMeanAbsMs,float,7.33630942,4.26636908,3.06994034,measured,measured,,trueSilenceSpans is STRUCTURAL only: an added noise floor fills what was near-silent. Silence metrics are NOT assessed from this clip; raw counts are shown uncaveated only as counts.
aubio,syncopated_funk,noise,snrDb=0,syncopated_funk__noise_snr0db,syncopated_funk__baseline,phase.phaseP50AbsMs,float,7.95833333,5.53273767,2.42559566,measured,measured,,trueSilenceSpans is STRUCTURAL only: an added noise floor fills what was near-silent. Silence metrics are NOT assessed from this clip; raw counts are shown uncaveated only as counts.
aubio,syncopated_funk,noise,snrDb=0,syncopated_funk__noise_snr0db,syncopated_funk__baseline,phase.phaseP95AbsMs,float,14.6726193,7.276786,7.3958333,measured,measured,,trueSilenceSpans is STRUCTURAL only: an added noise floor fills what was near-silent. Silence metrics are NOT assessed from this clip; raw counts are shown uncaveated only as counts.
aubio,syncopated_funk,noise,snrDb=0,syncopated_funk__noise_snr0db,syncopated_funk__baseline,ramp.hasRamp,bool,0.0,0.0,0.0,measured,measured,,trueSilenceSpans is STRUCTURAL only: an added noise floor fills what was near-silent. Silence metrics are NOT assessed from this clip; raw counts are shown uncaveated only as counts.
aubio,syncopated_funk,noise,snrDb=0,syncopated_funk__noise_snr0db,syncopated_funk__baseline,ramp.rampLocalTempoRelErrorMean,float,,,,missing,missing,requires hasRamp,trueSilenceSpans is STRUCTURAL only: an added noise floor fills what was near-silent. Silence metrics are NOT assessed from this clip; raw counts are shown uncaveated only as counts.
aubio,syncopated_funk,noise,snrDb=0,syncopated_funk__noise_snr0db,syncopated_funk__baseline,ramp.rampLocalTempoRelErrorWorst,float,,,,missing,missing,requires hasRamp,trueSilenceSpans is STRUCTURAL only: an added noise floor fills what was near-silent. Silence metrics are NOT assessed from this clip; raw counts are shown uncaveated only as counts.
aubio,syncopated_funk,noise,snrDb=0,syncopated_funk__noise_snr0db,syncopated_funk__baseline,syncopation.hasSyncopation,bool,0.0,0.0,0.0,measured,measured,,trueSilenceSpans is STRUCTURAL only: an added noise floor fills what was near-silent. Silence metrics are NOT assessed from this clip; raw counts are shown uncaveated only as counts.
aubio,syncopated_funk,noise,snrDb=0,syncopated_funk__noise_snr0db,syncopated_funk__baseline,syncopation.syncopationMaxStepFraction,float,,,,missing,missing,requires hasSyncopation,trueSilenceSpans is STRUCTURAL only: an added noise floor fills what was near-silent. Silence metrics are NOT assessed from this clip; raw counts are shown uncaveated only as counts.
aubio,syncopated_funk,noise,snrDb=0,syncopated_funk__noise_snr0db,syncopated_funk__baseline,syncopation.syncopationMaxDeviationFraction,float,,,,missing,missing,requires hasSyncopation,trueSilenceSpans is STRUCTURAL only: an added noise floor fills what was near-silent. Silence metrics are NOT assessed from this clip; raw counts are shown uncaveated only as counts.
aubio,syncopated_funk,noise,snrDb=0,syncopated_funk__noise_snr0db,syncopated_funk__baseline,resources.cpuSeconds,float,0.010064,0.009954,0.00011,measured,measured,,trueSilenceSpans is STRUCTURAL only: an added noise floor fills what was near-silent. Silence metrics are NOT assessed from this clip; raw counts are shown uncaveated only as counts.
aubio,syncopated_funk,noise,snrDb=0,syncopated_funk__noise_snr0db,syncopated_funk__baseline,resources.allocationCount,int,4.0,4.0,0.0,measured,measured,,trueSilenceSpans is STRUCTURAL only: an added noise floor fills what was near-silent. Silence metrics are NOT assessed from this clip; raw counts are shown uncaveated only as counts.
aubio,syncopated_funk,noise,snrDb=10,syncopated_funk__noise_snr10db,syncopated_funk__baseline,detection.predictedBeats,int,4.0,4.0,0.0,measured,measured,,trueSilenceSpans is STRUCTURAL only: an added noise floor fills what was near-silent. Silence metrics are NOT assessed from this clip; raw counts are shown uncaveated only as counts.
aubio,syncopated_funk,noise,snrDb=10,syncopated_funk__noise_snr10db,syncopated_funk__baseline,detection.truePositives,int,4.0,4.0,0.0,measured,measured,,trueSilenceSpans is STRUCTURAL only: an added noise floor fills what was near-silent. Silence metrics are NOT assessed from this clip; raw counts are shown uncaveated only as counts.
aubio,syncopated_funk,noise,snrDb=10,syncopated_funk__noise_snr10db,syncopated_funk__baseline,detection.falsePositives,int,0.0,0.0,0.0,measured,measured,,trueSilenceSpans is STRUCTURAL only: an added noise floor fills what was near-silent. Silence metrics are NOT assessed from this clip; raw counts are shown uncaveated only as counts.
aubio,syncopated_funk,noise,snrDb=10,syncopated_funk__noise_snr10db,syncopated_funk__baseline,detection.falseNegatives,int,5.0,5.0,0.0,measured,measured,,trueSilenceSpans is STRUCTURAL only: an added noise floor fills what was near-silent. Silence metrics are NOT assessed from this clip; raw counts are shown uncaveated only as counts.
aubio,syncopated_funk,noise,snrDb=10,syncopated_funk__noise_snr10db,syncopated_funk__baseline,detection.precision,float,1.0,1.0,0.0,measured,measured,,trueSilenceSpans is STRUCTURAL only: an added noise floor fills what was near-silent. Silence metrics are NOT assessed from this clip; raw counts are shown uncaveated only as counts.
aubio,syncopated_funk,noise,snrDb=10,syncopated_funk__noise_snr10db,syncopated_funk__baseline,detection.recall,float,0.444444444,0.444444444,0.0,measured,measured,,trueSilenceSpans is STRUCTURAL only: an added noise floor fills what was near-silent. Silence metrics are NOT assessed from this clip; raw counts are shown uncaveated only as counts.
aubio,syncopated_funk,noise,snrDb=10,syncopated_funk__noise_snr10db,syncopated_funk__baseline,detection.fMeasure,float,0.615384615,0.615384615,0.0,measured,measured,,trueSilenceSpans is STRUCTURAL only: an added noise floor fills what was near-silent. Silence metrics are NOT assessed from this clip; raw counts are shown uncaveated only as counts.
aubio,syncopated_funk,noise,snrDb=10,syncopated_funk__noise_snr10db,syncopated_funk__baseline,acquisition.acquired,bool,0.0,0.0,0.0,measured,measured,,trueSilenceSpans is STRUCTURAL only: an added noise floor fills what was near-silent. Silence metrics are NOT assessed from this clip; raw counts are shown uncaveated only as counts.
aubio,syncopated_funk,noise,snrDb=10,syncopated_funk__noise_snr10db,syncopated_funk__baseline,acquisition.acquisitionBars,float,,,,missing,missing,requires acquired,trueSilenceSpans is STRUCTURAL only: an added noise floor fills what was near-silent. Silence metrics are NOT assessed from this clip; raw counts are shown uncaveated only as counts.
aubio,syncopated_funk,noise,snrDb=10,syncopated_funk__noise_snr10db,syncopated_funk__baseline,acquisition.acquisitionSeconds,float,,,,missing,missing,requires acquired,trueSilenceSpans is STRUCTURAL only: an added noise floor fills what was near-silent. Silence metrics are NOT assessed from this clip; raw counts are shown uncaveated only as counts.
aubio,syncopated_funk,noise,snrDb=10,syncopated_funk__noise_snr10db,syncopated_funk__baseline,acquisition.acquisitionBeats,float,,,,missing,missing,requires acquired,trueSilenceSpans is STRUCTURAL only: an added noise floor fills what was near-silent. Silence metrics are NOT assessed from this clip; raw counts are shown uncaveated only as counts.
aubio,syncopated_funk,noise,snrDb=10,syncopated_funk__noise_snr10db,syncopated_funk__baseline,bpm.hasBpmLock,bool,1.0,1.0,0.0,measured,measured,,trueSilenceSpans is STRUCTURAL only: an added noise floor fills what was near-silent. Silence metrics are NOT assessed from this clip; raw counts are shown uncaveated only as counts.
aubio,syncopated_funk,noise,snrDb=10,syncopated_funk__noise_snr10db,syncopated_funk__baseline,bpm.lockedBpm,float,112.879021,112.898727,-0.019706,measured,measured,,trueSilenceSpans is STRUCTURAL only: an added noise floor fills what was near-silent. Silence metrics are NOT assessed from this clip; raw counts are shown uncaveated only as counts.
aubio,syncopated_funk,noise,snrDb=10,syncopated_funk__noise_snr10db,syncopated_funk__baseline,bpm.bpmRelativeError,float,0.007848399,0.008024352,-0.000175953,measured,measured,,trueSilenceSpans is STRUCTURAL only: an added noise floor fills what was near-silent. Silence metrics are NOT assessed from this clip; raw counts are shown uncaveated only as counts.
aubio,syncopated_funk,noise,snrDb=10,syncopated_funk__noise_snr10db,syncopated_funk__baseline,bpm.spec2pctWithin,bool,1.0,1.0,0.0,measured,measured,,trueSilenceSpans is STRUCTURAL only: an added noise floor fills what was near-silent. Silence metrics are NOT assessed from this clip; raw counts are shown uncaveated only as counts.
aubio,syncopated_funk,noise,snrDb=10,syncopated_funk__noise_snr10db,syncopated_funk__baseline,bpm.spec2pctNormalized,float,0.39241995,0.4012176,-0.00879765,measured,measured,,trueSilenceSpans is STRUCTURAL only: an added noise floor fills what was near-silent. Silence metrics are NOT assessed from this clip; raw counts are shown uncaveated only as counts.
aubio,syncopated_funk,noise,snrDb=10,syncopated_funk__noise_snr10db,syncopated_funk__baseline,halfDouble.halfTimeLock,bool,0.0,0.0,0.0,measured,measured,,trueSilenceSpans is STRUCTURAL only: an added noise floor fills what was near-silent. Silence metrics are NOT assessed from this clip; raw counts are shown uncaveated only as counts.
aubio,syncopated_funk,noise,snrDb=10,syncopated_funk__noise_snr10db,syncopated_funk__baseline,halfDouble.doubleTimeLock,bool,0.0,0.0,0.0,measured,measured,,trueSilenceSpans is STRUCTURAL only: an added noise floor fills what was near-silent. Silence metrics are NOT assessed from this clip; raw counts are shown uncaveated only as counts.
aubio,syncopated_funk,noise,snrDb=10,syncopated_funk__noise_snr10db,syncopated_funk__baseline,halfDouble.halfDoubleTimeError,bool,0.0,0.0,0.0,measured,measured,,trueSilenceSpans is STRUCTURAL only: an added noise floor fills what was near-silent. Silence metrics are NOT assessed from this clip; raw counts are shown uncaveated only as counts.
aubio,syncopated_funk,noise,snrDb=10,syncopated_funk__noise_snr10db,syncopated_funk__baseline,silence.trueSilenceMeasured,bool,1.0,1.0,0.0,measured,measured,,trueSilenceSpans is STRUCTURAL only: an added noise floor fills what was near-silent. Silence metrics are NOT assessed from this clip; raw counts are shown uncaveated only as counts.
aubio,syncopated_funk,noise,snrDb=10,syncopated_funk__noise_snr10db,syncopated_funk__baseline,silence.falseBeatCoverage,str,Measured,Measured,,measured,measured,,trueSilenceSpans is STRUCTURAL only: an added noise floor fills what was near-silent. Silence metrics are NOT assessed from this clip; raw counts are shown uncaveated only as counts.
aubio,syncopated_funk,noise,snrDb=10,syncopated_funk__noise_snr10db,syncopated_funk__baseline,silence.falseBeatsInTrueSilence,int,0.0,0.0,,not_assessed_noise,measured,noise floor makes structural trueSilenceSpans unusable for a silence assessment,trueSilenceSpans is STRUCTURAL only: an added noise floor fills what was near-silent. Silence metrics are NOT assessed from this clip; raw counts are shown uncaveated only as counts.
aubio,syncopated_funk,noise,snrDb=10,syncopated_funk__noise_snr10db,syncopated_funk__baseline,silence.falseBeatsInTrueSilencePerSecond,float,0.0,0.0,,not_assessed_noise,measured,noise floor makes structural trueSilenceSpans unusable for a silence assessment,trueSilenceSpans is STRUCTURAL only: an added noise floor fills what was near-silent. Silence metrics are NOT assessed from this clip; raw counts are shown uncaveated only as counts.
aubio,syncopated_funk,noise,snrDb=10,syncopated_funk__noise_snr10db,syncopated_funk__baseline,silence.maxSilenceTempoIncreaseBpm,float,,,,missing,missing,requires silenceAccelerationMeasured,trueSilenceSpans is STRUCTURAL only: an added noise floor fills what was near-silent. Silence metrics are NOT assessed from this clip; raw counts are shown uncaveated only as counts.
aubio,syncopated_funk,noise,snrDb=10,syncopated_funk__noise_snr10db,syncopated_funk__baseline,silence.falseBeatsInUnplayedBeatWindowsPerSecond,float,8.33333333,8.33333333,0.0,measured,measured,,trueSilenceSpans is STRUCTURAL only: an added noise floor fills what was near-silent. Silence metrics are NOT assessed from this clip; raw counts are shown uncaveated only as counts.
aubio,syncopated_funk,noise,snrDb=10,syncopated_funk__noise_snr10db,syncopated_funk__baseline,silence.falseBeatsOffGridInUnplayedBeatWindowsPerSecond,float,0.0,0.0,0.0,measured,measured,,trueSilenceSpans is STRUCTURAL only: an added noise floor fills what was near-silent. Silence metrics are NOT assessed from this clip; raw counts are shown uncaveated only as counts.
aubio,syncopated_funk,noise,snrDb=10,syncopated_funk__noise_snr10db,syncopated_funk__baseline,timing.beatsReportedByBackend,int,4.0,4.0,0.0,measured,measured,,trueSilenceSpans is STRUCTURAL only: an added noise floor fills what was near-silent. Silence metrics are NOT assessed from this clip; raw counts are shown uncaveated only as counts.
aubio,syncopated_funk,noise,snrDb=10,syncopated_funk__noise_snr10db,syncopated_funk__baseline,timing.beatsStampAtBlockStart,int,0.0,0.0,0.0,measured,measured,,trueSilenceSpans is STRUCTURAL only: an added noise floor fills what was near-silent. Silence metrics are NOT assessed from this clip; raw counts are shown uncaveated only as counts.
aubio,syncopated_funk,noise,snrDb=10,syncopated_funk__noise_snr10db,syncopated_funk__baseline,timing.beatsRejectedNonCausal,int,0.0,0.0,0.0,measured,measured,,trueSilenceSpans is STRUCTURAL only: an added noise floor fills what was near-silent. Silence metrics are NOT assessed from this clip; raw counts are shown uncaveated only as counts.
aubio,syncopated_funk,noise,snrDb=10,syncopated_funk__noise_snr10db,syncopated_funk__baseline,timing.rateMismatchBlocks,int,0.0,0.0,0.0,measured,measured,,trueSilenceSpans is STRUCTURAL only: an added noise floor fills what was near-silent. Silence metrics are NOT assessed from this clip; raw counts are shown uncaveated only as counts.
aubio,syncopated_funk,noise,snrDb=10,syncopated_funk__noise_snr10db,syncopated_funk__baseline,timing.causalAvailabilityMeanSeconds,float,0.007354167,0.0060625,0.001291667,measured,measured,,trueSilenceSpans is STRUCTURAL only: an added noise floor fills what was near-silent. Silence metrics are NOT assessed from this clip; raw counts are shown uncaveated only as counts.
aubio,syncopated_funk,noise,snrDb=10,syncopated_funk__noise_snr10db,syncopated_funk__baseline,timing.causalAvailabilityMaxSeconds,float,0.010041667,0.009666667,0.000375,measured,measured,,trueSilenceSpans is STRUCTURAL only: an added noise floor fills what was near-silent. Silence metrics are NOT assessed from this clip; raw counts are shown uncaveated only as counts.
aubio,syncopated_funk,noise,snrDb=10,syncopated_funk__noise_snr10db,syncopated_funk__baseline,phase.phaseMeasured,bool,1.0,1.0,0.0,measured,measured,,trueSilenceSpans is STRUCTURAL only: an added noise floor fills what was near-silent. Silence metrics are NOT assessed from this clip; raw counts are shown uncaveated only as counts.
aubio,syncopated_funk,noise,snrDb=10,syncopated_funk__noise_snr10db,syncopated_funk__baseline,phase.phaseMeanMs,float,0.502976083,-0.872023917,1.375,measured,measured,,trueSilenceSpans is STRUCTURAL only: an added noise floor fills what was near-silent. Silence metrics are NOT assessed from this clip; raw counts are shown uncaveated only as counts.
aubio,syncopated_funk,noise,snrDb=10,syncopated_funk__noise_snr10db,syncopated_funk__baseline,phase.phaseMeanAbsMs,float,4.17261908,4.26636908,-0.09375,measured,measured,,trueSilenceSpans is STRUCTURAL only: an added noise floor fills what was near-silent. Silence metrics are NOT assessed from this clip; raw counts are shown uncaveated only as counts.
aubio,syncopated_funk,noise,snrDb=10,syncopated_funk__noise_snr10db,syncopated_funk__baseline,phase.phaseP50AbsMs,float,5.75595267,5.53273767,0.223215,measured,measured,,trueSilenceSpans is STRUCTURAL only: an added noise floor fills what was near-silent. Silence metrics are NOT assessed from this clip; raw counts are shown uncaveated only as counts.
aubio,syncopated_funk,noise,snrDb=10,syncopated_funk__noise_snr10db,syncopated_funk__baseline,phase.phaseP95AbsMs,float,6.76190433,7.276786,-0.51488167,measured,measured,,trueSilenceSpans is STRUCTURAL only: an added noise floor fills what was near-silent. Silence metrics are NOT assessed from this clip; raw counts are shown uncaveated only as counts.
aubio,syncopated_funk,noise,snrDb=10,syncopated_funk__noise_snr10db,syncopated_funk__baseline,ramp.hasRamp,bool,0.0,0.0,0.0,measured,measured,,trueSilenceSpans is STRUCTURAL only: an added noise floor fills what was near-silent. Silence metrics are NOT assessed from this clip; raw counts are shown uncaveated only as counts.
aubio,syncopated_funk,noise,snrDb=10,syncopated_funk__noise_snr10db,syncopated_funk__baseline,ramp.rampLocalTempoRelErrorMean,float,,,,missing,missing,requires hasRamp,trueSilenceSpans is STRUCTURAL only: an added noise floor fills what was near-silent. Silence metrics are NOT assessed from this clip; raw counts are shown uncaveated only as counts.
aubio,syncopated_funk,noise,snrDb=10,syncopated_funk__noise_snr10db,syncopated_funk__baseline,ramp.rampLocalTempoRelErrorWorst,float,,,,missing,missing,requires hasRamp,trueSilenceSpans is STRUCTURAL only: an added noise floor fills what was near-silent. Silence metrics are NOT assessed from this clip; raw counts are shown uncaveated only as counts.
aubio,syncopated_funk,noise,snrDb=10,syncopated_funk__noise_snr10db,syncopated_funk__baseline,syncopation.hasSyncopation,bool,0.0,0.0,0.0,measured,measured,,trueSilenceSpans is STRUCTURAL only: an added noise floor fills what was near-silent. Silence metrics are NOT assessed from this clip; raw counts are shown uncaveated only as counts.
aubio,syncopated_funk,noise,snrDb=10,syncopated_funk__noise_snr10db,syncopated_funk__baseline,syncopation.syncopationMaxStepFraction,float,,,,missing,missing,requires hasSyncopation,trueSilenceSpans is STRUCTURAL only: an added noise floor fills what was near-silent. Silence metrics are NOT assessed from this clip; raw counts are shown uncaveated only as counts.
aubio,syncopated_funk,noise,snrDb=10,syncopated_funk__noise_snr10db,syncopated_funk__baseline,syncopation.syncopationMaxDeviationFraction,float,,,,missing,missing,requires hasSyncopation,trueSilenceSpans is STRUCTURAL only: an added noise floor fills what was near-silent. Silence metrics are NOT assessed from this clip; raw counts are shown uncaveated only as counts.
aubio,syncopated_funk,noise,snrDb=10,syncopated_funk__noise_snr10db,syncopated_funk__baseline,resources.cpuSeconds,float,0.009985,0.009954,3.1e-05,measured,measured,,trueSilenceSpans is STRUCTURAL only: an added noise floor fills what was near-silent. Silence metrics are NOT assessed from this clip; raw counts are shown uncaveated only as counts.
aubio,syncopated_funk,noise,snrDb=10,syncopated_funk__noise_snr10db,syncopated_funk__baseline,resources.allocationCount,int,4.0,4.0,0.0,measured,measured,,trueSilenceSpans is STRUCTURAL only: an added noise floor fills what was near-silent. Silence metrics are NOT assessed from this clip; raw counts are shown uncaveated only as counts.
